seed,gen,best_ppf,best_fit,sigma,h_sens_pop,div,stag,n_al_global
42,1,1.969632625579834,329.78851318359375,0.056576039642095566,1.6903256300444942,1.0,0,17
42,2,2.009829044342041,333.9446105957031,0.06809000670909882,1.6955383907059447,1.0,0,33
42,3,2.009829044342041,333.9446105957031,0.06809000670909882,1.6857814920678664,1.0,1,47
42,4,2.85286545753479,336.1376953125,0.07965833693742752,1.6978983759848574,1.0,0,64
42,5,2.85286545753479,336.1376953125,0.07965833693742752,1.6933383520129153,1.0,1,64
42,6,2.85286545753479,336.1376953125,0.07965833693742752,1.7123082399110034,1.0,2,64
42,7,2.85286545753479,336.1376953125,0.07965833693742752,1.6899852431013611,1.0,3,64
42,8,2.85286545753479,336.1376953125,0.07965833693742752,1.6948244914381942,1.0,4,64
42,9,2.85286545753479,336.1376953125,0.07965833693742752,1.6802573460244281,1.0,5,64
42,10,2.85286545753479,336.1376953125,0.07965833693742752,1.681564854837394,1.0,6,64
42,11,2.85286545753479,336.1376953125,0.07965833693742752,1.6873903804268986,1.0,7,64
42,12,2.85286545753479,336.1376953125,0.07965833693742752,1.6949447509050306,1.0,8,64
42,13,2.2088143825531006,337.96026611328125,0.06014882028102875,1.6788353323439718,1.0,0,64
42,14,2.2088143825531006,337.96026611328125,0.06014882028102875,1.6826443813162097,1.0,1,64
42,15,2.2088143825531006,337.96026611328125,0.06014882028102875,1.690141504187109,1.0,2,64
42,16,2.2088143825531006,337.96026611328125,0.06014882028102875,1.6925447787389811,1.0,3,64
42,17,2.2088143825531006,337.96026611328125,0.06014882028102875,1.6937619262585064,1.0,4,64
42,18,2.2088143825531006,337.96026611328125,0.06014882028102875,1.691260389531907,1.0,5,64
42,19,2.2088143825531006,337.96026611328125,0.06014882028102875,1.7303758230377704,1.0,6,64
42,20,2.2088143825531006,337.96026611328125,0.06014882028102875,1.7064574070252319,1.0,7,64
42,21,2.2088143825531006,337.96026611328125,0.06014882028102875,1.7087107234991317,1.0,8,64
42,22,2.2088143825531006,337.96026611328125,0.06014882028102875,1.660793836942678,1.0,9,64
42,23,2.2088143825531006,337.96026611328125,0.06014882028102875,1.6637081624949872,1.0,10,64
42,24,2.2088143825531006,337.96026611328125,0.06014882028102875,1.6617317410704788,1.0,11,64
42,25,2.2088143825531006,337.96026611328125,0.06014882028102875,1.68123920059775,1.0,12,64
42,26,2.2088143825531006,337.96026611328125,0.06014882028102875,1.7056177169845386,1.0,13,64
42,27,2.2088143825531006,337.96026611328125,0.06014882028102875,1.6844461578003163,1.0,14,64
42,28,2.2088143825531006,337.96026611328125,0.06014882028102875,1.6847641671930866,1.0,0,64
42,29,1.942082166671753,338.8206481933594,0.059119656682014465,1.6929090342844006,1.0,0,64
42,30,1.942082166671753,338.8206481933594,0.059119656682014465,1.669940209523171,1.0,1,64
42,31,1.942082166671753,338.8206481933594,0.059119656682014465,1.6878264773220184,1.0,2,64
42,32,1.942082166671753,338.8206481933594,0.059119656682014465,1.6741044731739334,1.0,3,64
42,33,1.942082166671753,338.8206481933594,0.059119656682014465,1.6791314148159069,1.0,4,64
42,34,1.942082166671753,338.8206481933594,0.059119656682014465,1.675119633709949,1.0,5,64
42,35,1.9685698747634888,339.8799133300781,0.04102092981338501,1.6793914047793026,1.0,0,64
42,36,1.9685698747634888,339.8799133300781,0.04102092981338501,1.6928389550666616,1.0,1,64
42,37,1.9685698747634888,339.8799133300781,0.04102092981338501,1.6663877992255758,1.0,2,64
42,38,1.9685698747634888,339.8799133300781,0.04102092981338501,1.6723958651545805,1.0,3,64
42,39,1.9685698747634888,339.8799133300781,0.04102092981338501,1.6726758363702816,1.0,4,64
42,40,1.9685698747634888,339.8799133300781,0.04102092981338501,1.6781188643783658,1.0,5,64
42,41,1.9685698747634888,339.8799133300781,0.04102092981338501,1.6636784182334652,1.0,6,64
42,42,1.9685698747634888,339.8799133300781,0.04102092981338501,1.6913451720655386,1.0,7,64
42,43,1.9685698747634888,339.8799133300781,0.04102092981338501,1.6821924255884646,1.0,8,64
42,44,1.9685698747634888,339.8799133300781,0.04102092981338501,1.699641832262585,1.0,9,64
42,45,1.9685698747634888,339.8799133300781,0.04102092981338501,1.7048061973214321,1.0,10,64
42,46,1.9685698747634888,339.8799133300781,0.04102092981338501,1.7082258101254275,1.0,11,64
42,47,1.9685698747634888,339.8799133300781,0.04102092981338501,1.6910522194638276,1.0,12,64
42,48,1.9685698747634888,339.8799133300781,0.04102092981338501,1.6715935923756566,1.0,13,64
42,49,1.9685698747634888,339.8799133300781,0.04102092981338501,1.6640789834155993,1.0,14,64
42,50,1.9685698747634888,339.8799133300781,0.04102092981338501,1.713457649576152,1.0,0,64
42,51,1.9685698747634888,339.8799133300781,0.04102092981338501,1.7062229019745287,1.0,1,64
42,52,1.9685698747634888,339.8799133300781,0.04102092981338501,1.6839982657281294,1.0,2,64
42,53,1.9685698747634888,339.8799133300781,0.04102092981338501,1.6548597873240984,1.0,3,64
42,54,1.9685698747634888,339.8799133300781,0.04102092981338501,1.6534998735914836,1.0,4,64
42,55,1.9685698747634888,339.8799133300781,0.04102092981338501,1.6913456274427832,1.0,5,64
42,56,1.9685698747634888,339.8799133300781,0.04102092981338501,1.6708335549508673,1.0,6,64
42,57,1.9685698747634888,339.8799133300781,0.04102092981338501,1.6910050466423638,1.0,7,64
42,58,1.9685698747634888,339.8799133300781,0.04102092981338501,1.6899221778575393,1.0,8,64
42,59,1.9685698747634888,339.8799133300781,0.04102092981338501,1.6931673565492218,1.0,9,64
42,60,1.9685698747634888,339.8799133300781,0.04102092981338501,1.6680178363220788,1.0,10,64
42,61,1.9685698747634888,339.8799133300781,0.04102092981338501,1.6710053126748403,1.0,11,64
42,62,1.9685698747634888,339.8799133300781,0.04102092981338501,1.6760585956884049,1.0,12,64
42,63,1.9685698747634888,339.8799133300781,0.04102092981338501,1.6621513478821297,1.0,13,64
42,64,1.9685698747634888,339.8799133300781,0.04102092981338501,1.6772195043964617,1.0,14,64
42,65,1.9685698747634888,339.8799133300781,0.04102092981338501,1.6873170147896903,1.0,0,64
42,66,1.9685698747634888,339.8799133300781,0.04102092981338501,1.7033619173834262,1.0,1,64
42,67,1.9685698747634888,339.8799133300781,0.04102092981338501,1.6979273663228993,1.0,2,64
42,68,1.9685698747634888,339.8799133300781,0.04102092981338501,1.6934163344630953,1.0,3,64
42,69,1.9685698747634888,339.8799133300781,0.04102092981338501,1.6670764626702756,1.0,4,64
42,70,1.9685698747634888,339.8799133300781,0.04102092981338501,1.6464802025125935,1.0,5,64
42,71,1.9685698747634888,339.8799133300781,0.04102092981338501,1.6758243556262424,1.0,6,64
42,72,1.9685698747634888,339.8799133300781,0.04102092981338501,1.6549169149213376,1.0,7,64
42,73,1.9685698747634888,339.8799133300781,0.04102092981338501,1.6474164684908184,1.0,8,64
42,74,1.9685698747634888,339.8799133300781,0.04102092981338501,1.6622352510294394,1.0,9,64
42,75,1.9685698747634888,339.8799133300781,0.04102092981338501,1.6534599516482793,1.0,10,64
42,76,1.9685698747634888,339.8799133300781,0.04102092981338501,1.6057633937664118,1.0,11,64
42,77,1.9685698747634888,339.8799133300781,0.04102092981338501,1.610238288345639,1.0,12,64
42,78,1.9685698747634888,339.8799133300781,0.04102092981338501,1.6301916531755742,1.0,13,64
42,79,1.9685698747634888,339.8799133300781,0.04102092981338501,1.6324700916001667,1.0,14,64
42,80,1.9685698747634888,339.8799133300781,0.04102092981338501,1.606084913424186,1.0,0,64
42,81,1.9685698747634888,339.8799133300781,0.04102092981338501,1.6335778200745203,1.0,1,64
42,82,1.9685698747634888,339.8799133300781,0.04102092981338501,1.6254961236438759,1.0,2,64
42,83,1.9685698747634888,339.8799133300781,0.04102092981338501,1.6312209864661216,1.0,3,64
42,84,1.9685698747634888,339.8799133300781,0.04102092981338501,1.6359709571663084,1.0,4,64
42,85,1.9685698747634888,339.8799133300781,0.04102092981338501,1.6500813733657245,1.0,5,64
42,86,1.9685698747634888,339.8799133300781,0.04102092981338501,1.6524665037567765,1.0,6,64
42,87,1.9685698747634888,339.8799133300781,0.04102092981338501,1.6605043068098626,1.0,7,64
42,88,1.9685698747634888,339.8799133300781,0.04102092981338501,1.6694092004966454,1.0,8,64
42,89,1.9685698747634888,339.8799133300781,0.04102092981338501,1.680284409564229,1.0,9,64
42,90,1.9685698747634888,339.8799133300781,0.04102092981338501,1.6627054450050538,1.0,10,64
42,91,1.9685698747634888,339.8799133300781,0.04102092981338501,1.6565376136865098,1.0,11,64
42,92,1.9685698747634888,339.8799133300781,0.04102092981338501,1.6450899083254966,1.0,12,64
42,93,1.9685698747634888,339.8799133300781,0.04102092981338501,1.6459798655442235,1.0,13,64
42,94,1.9685698747634888,339.8799133300781,0.04102092981338501,1.6399013465226582,1.0,14,64
42,95,1.9685698747634888,339.8799133300781,0.04102092981338501,1.6545961507558211,1.0,0,64
42,96,1.9685698747634888,339.8799133300781,0.04102092981338501,1.633545926799002,1.0,1,64
42,97,1.9685698747634888,339.8799133300781,0.04102092981338501,1.6506285381935206,1.0,2,64
42,98,1.9685698747634888,339.8799133300781,0.04102092981338501,1.6618572807667804,1.0,3,64
42,99,1.9685698747634888,339.8799133300781,0.04102092981338501,1.6644004700985306,1.0,4,64
42,100,1.9685698747634888,339.8799133300781,0.04102092981338501,1.6515660028236605,1.0,5,64
42,101,1.9685698747634888,339.8799133300781,0.04102092981338501,1.6500201462878108,1.0,6,64
42,102,1.9685698747634888,339.8799133300781,0.04102092981338501,1.647008174247676,1.0,7,64
42,103,1.9685698747634888,339.8799133300781,0.04102092981338501,1.6606354887074692,1.0,8,64
42,104,1.9685698747634888,339.8799133300781,0.04102092981338501,1.6701767232472253,1.0,9,64
42,105,1.9685698747634888,339.8799133300781,0.04102092981338501,1.6732707874038666,1.0,10,64
42,106,1.9685698747634888,339.8799133300781,0.04102092981338501,1.6575227856776122,1.0,11,64
42,107,1.9685698747634888,339.8799133300781,0.04102092981338501,1.6636086731524942,1.0,12,64
42,108,1.9685698747634888,339.8799133300781,0.04102092981338501,1.6584864340201166,1.0,13,64
42,109,1.9685698747634888,339.8799133300781,0.04102092981338501,1.6407242170485283,1.0,14,64
42,110,1.9685698747634888,339.8799133300781,0.04102092981338501,1.629468872660176,1.0,0,64
42,111,1.9685698747634888,339.8799133300781,0.04102092981338501,1.637756370025666,1.0,1,64
42,112,1.9685698747634888,339.8799133300781,0.04102092981338501,1.6502655166912765,1.0,2,64
42,113,1.9685698747634888,339.8799133300781,0.04102092981338501,1.6388149091842166,1.0,3,64
42,114,1.9685698747634888,339.8799133300781,0.04102092981338501,1.6288158624533378,1.0,4,64
42,115,1.9685698747634888,339.8799133300781,0.04102092981338501,1.6233295373743841,1.0,5,64
42,116,1.9685698747634888,339.8799133300781,0.04102092981338501,1.632731055128189,1.0,6,64
42,117,1.9685698747634888,339.8799133300781,0.04102092981338501,1.6369193671008715,1.0,7,64
42,118,1.9685698747634888,339.8799133300781,0.04102092981338501,1.6382444058784755,1.0,8,64
42,119,1.9685698747634888,339.8799133300781,0.04102092981338501,1.628932715938189,1.0,9,64
42,120,1.9685698747634888,339.8799133300781,0.04102092981338501,1.6240685243316841,1.0,10,64
42,121,1.9685698747634888,339.8799133300781,0.04102092981338501,1.6492141553763457,1.0,11,64
42,122,1.9685698747634888,339.8799133300781,0.04102092981338501,1.637150339798226,1.0,12,64
42,123,1.9685698747634888,339.8799133300781,0.04102092981338501,1.6127333334867908,1.0,13,64
42,124,1.9685698747634888,339.8799133300781,0.04102092981338501,1.6173066556998739,1.0,14,64
42,125,1.9685698747634888,339.8799133300781,0.04102092981338501,1.6303128819203294,1.0,0,64
42,126,1.9685698747634888,339.8799133300781,0.04102092981338501,1.5938887903705814,1.0,1,64
42,127,1.9685698747634888,339.8799133300781,0.04102092981338501,1.5672703951723204,1.0,2,64
42,128,1.9685698747634888,339.8799133300781,0.04102092981338501,1.5656576504777981,1.0,3,64
42,129,1.9685698747634888,339.8799133300781,0.04102092981338501,1.5524656691385834,1.0,4,64
42,130,1.9685698747634888,339.8799133300781,0.04102092981338501,1.5214067906858602,1.0,5,64
42,131,1.9685698747634888,339.8799133300781,0.04102092981338501,1.5464292358572955,1.0,6,64
42,132,1.9685698747634888,339.8799133300781,0.04102092981338501,1.5112012687448775,1.0,7,64
42,133,1.9685698747634888,339.8799133300781,0.04102092981338501,1.493657138988427,1.0,8,64
42,134,1.9685698747634888,339.8799133300781,0.04102092981338501,1.4841442210228855,1.0,9,64
42,135,1.9685698747634888,339.8799133300781,0.04102092981338501,1.5119806944125282,1.0,10,64
42,136,1.9685698747634888,339.8799133300781,0.04102092981338501,1.5327411566021574,1.0,11,64
42,137,1.9685698747634888,339.8799133300781,0.04102092981338501,1.5364836796229435,1.0,12,64
42,138,1.9685698747634888,339.8799133300781,0.04102092981338501,1.5364267023786293,1.0,13,64
42,139,1.9685698747634888,339.8799133300781,0.04102092981338501,1.531732335663651,1.0,14,64
42,140,1.9685698747634888,339.8799133300781,0.04102092981338501,1.555385696655485,1.0,0,64
42,141,1.9685698747634888,339.8799133300781,0.04102092981338501,1.5061791158597986,1.0,1,64
42,142,1.9685698747634888,339.8799133300781,0.04102092981338501,1.482149628508011,1.0,2,64
42,143,1.9685698747634888,339.8799133300781,0.04102092981338501,1.4756843446096874,1.0,3,64
42,144,1.9685698747634888,339.8799133300781,0.04102092981338501,1.471029618780296,1.0,4,64
42,145,1.9685698747634888,339.8799133300781,0.04102092981338501,1.4610387976559172,1.0,5,64
42,146,1.9685698747634888,339.8799133300781,0.04102092981338501,1.4375888010156535,1.0,6,64
42,147,1.9685698747634888,339.8799133300781,0.04102092981338501,1.4262885188118029,1.0,7,64
42,148,1.9685698747634888,339.8799133300781,0.04102092981338501,1.4307042765609363,1.0,8,64
42,149,1.9685698747634888,339.8799133300781,0.04102092981338501,1.432176704909474,1.0,9,64
42,150,1.9685698747634888,339.8799133300781,0.04102092981338501,1.4158212654109261,1.0,10,64
137,1,2.290587902069092,336.534912109375,0.07614672929048538,1.7220647073175794,1.0,0,64
137,2,2.290587902069092,336.534912109375,0.07614672929048538,1.726438742092614,1.0,1,64
137,3,2.290587902069092,336.534912109375,0.07614672929048538,1.7296563794981643,1.0,2,64
137,4,2.290587902069092,336.534912109375,0.07614672929048538,1.7223753455411097,1.0,3,64
137,5,2.290587902069092,336.534912109375,0.07614672929048538,1.6899113749268824,1.0,4,64
137,6,2.290587902069092,336.534912109375,0.07614672929048538,1.6822827787619687,1.0,5,64
137,7,2.290587902069092,336.534912109375,0.07614672929048538,1.681161519691418,1.0,6,64
137,8,2.290587902069092,336.534912109375,0.07614672929048538,1.6872444883843754,1.0,7,64
137,9,2.290587902069092,336.534912109375,0.07614672929048538,1.692899674607939,1.0,8,64
137,10,1.836958646774292,336.72088623046875,0.07097607105970383,1.7289579617115318,1.0,0,64
137,11,1.836958646774292,336.72088623046875,0.07097607105970383,1.7418593428384679,1.0,1,64
137,12,1.836958646774292,336.72088623046875,0.07097607105970383,1.7274403871705604,1.0,2,64
137,13,1.836958646774292,336.72088623046875,0.07097607105970383,1.7320114437407956,1.0,3,64
137,14,1.836958646774292,336.72088623046875,0.07097607105970383,1.7264983928637905,1.0,4,64
137,15,1.836958646774292,336.72088623046875,0.07097607105970383,1.7219457498067465,1.0,5,64
137,16,1.836958646774292,336.72088623046875,0.07097607105970383,1.6995539817289653,1.0,6,64
137,17,1.836958646774292,336.72088623046875,0.07097607105970383,1.705832252750166,1.0,7,64
137,18,1.836958646774292,336.72088623046875,0.07097607105970383,1.7112458799577663,1.0,8,64
137,19,1.9831373691558838,341.4464111328125,0.07102782279253006,1.7293668775891446,1.0,0,64
137,20,1.9831373691558838,341.4464111328125,0.07102782279253006,1.6948088624707056,1.0,1,64
137,21,1.9831373691558838,341.4464111328125,0.07102782279253006,1.7282785940345466,1.0,2,64
137,22,1.9831373691558838,341.4464111328125,0.07102782279253006,1.733622966141068,1.0,3,64
137,23,1.9831373691558838,341.4464111328125,0.07102782279253006,1.7192364954395507,1.0,4,64
137,24,1.9831373691558838,341.4464111328125,0.07102782279253006,1.6933756793581332,1.0,5,64
137,25,1.9831373691558838,341.4464111328125,0.07102782279253006,1.6874787066857801,1.0,6,64
137,26,1.9831373691558838,341.4464111328125,0.07102782279253006,1.667875666468146,1.0,7,64
137,27,1.9831373691558838,341.4464111328125,0.07102782279253006,1.6908084132514611,1.0,8,64
137,28,1.9831373691558838,341.4464111328125,0.07102782279253006,1.6967704524670952,1.0,9,64
137,29,1.9831373691558838,341.4464111328125,0.07102782279253006,1.730073512969013,1.0,10,64
137,30,1.9831373691558838,341.4464111328125,0.07102782279253006,1.7150331838882358,1.0,11,64
137,31,1.9831373691558838,341.4464111328125,0.07102782279253006,1.7165353594704191,1.0,12,64
137,32,1.9831373691558838,341.4464111328125,0.07102782279253006,1.7023932362006229,1.0,13,64
137,33,1.9831373691558838,341.4464111328125,0.07102782279253006,1.7125919337878444,1.0,14,64
137,34,1.9831373691558838,341.4464111328125,0.07102782279253006,1.73198997783411,1.0,0,64
137,35,1.9831373691558838,341.4464111328125,0.07102782279253006,1.7416987190509272,1.0,1,64
137,36,1.9831373691558838,341.4464111328125,0.07102782279253006,1.7302519548789765,1.0,2,64
137,37,1.9831373691558838,341.4464111328125,0.07102782279253006,1.7266325009817602,1.0,3,64
137,38,1.9831373691558838,341.4464111328125,0.07102782279253006,1.6954192707126219,1.0,4,64
137,39,1.9831373691558838,341.4464111328125,0.07102782279253006,1.7168660998841483,1.0,5,64
137,40,1.9831373691558838,341.4464111328125,0.07102782279253006,1.6955227775489472,1.0,6,64
137,41,1.9831373691558838,341.4464111328125,0.07102782279253006,1.6746279830569,1.0,7,64
137,42,1.9831373691558838,341.4464111328125,0.07102782279253006,1.6636363443408082,1.0,8,64
137,43,1.9831373691558838,341.4464111328125,0.07102782279253006,1.6590010050222805,1.0,9,64
137,44,1.9831373691558838,341.4464111328125,0.07102782279253006,1.6464150489939786,1.0,10,64
137,45,1.9831373691558838,341.4464111328125,0.07102782279253006,1.6564723896579536,1.0,11,64
137,46,1.9831373691558838,341.4464111328125,0.07102782279253006,1.6834757820272204,1.0,12,64
137,47,1.9831373691558838,341.4464111328125,0.07102782279253006,1.7181881965082828,1.0,13,64
137,48,1.9831373691558838,341.4464111328125,0.07102782279253006,1.7099889098838879,1.0,14,64
137,49,1.9831373691558838,341.4464111328125,0.07102782279253006,1.7198393457528576,1.0,0,64
137,50,1.9831373691558838,341.4464111328125,0.07102782279253006,1.7233058886398698,1.0,1,64
137,51,1.9831373691558838,341.4464111328125,0.07102782279253006,1.7309929667720663,1.0,2,64
137,52,1.9831373691558838,341.4464111328125,0.07102782279253006,1.7149591586610995,1.0,3,64
137,53,1.9831373691558838,341.4464111328125,0.07102782279253006,1.7241549188747562,1.0,4,64
137,54,1.9831373691558838,341.4464111328125,0.07102782279253006,1.7124441261831844,1.0,5,64
137,55,1.9831373691558838,341.4464111328125,0.07102782279253006,1.7041812950448147,1.0,6,64
137,56,1.9831373691558838,341.4464111328125,0.07102782279253006,1.7047675090901735,1.0,7,64
137,57,1.9831373691558838,341.4464111328125,0.07102782279253006,1.7120499102928692,1.0,8,64
137,58,1.9831373691558838,341.4464111328125,0.07102782279253006,1.7185047337901256,1.0,9,64
137,59,1.9831373691558838,341.4464111328125,0.07102782279253006,1.7385105650327752,1.0,10,64
137,60,1.9831373691558838,341.4464111328125,0.07102782279253006,1.7391591608553902,1.0,11,64
137,61,1.9831373691558838,341.4464111328125,0.07102782279253006,1.7043866135104149,1.0,12,64
137,62,1.9831373691558838,341.4464111328125,0.07102782279253006,1.6880573218623993,1.0,13,64
137,63,1.9831373691558838,341.4464111328125,0.07102782279253006,1.6719252227452768,1.0,14,64
137,64,1.9831373691558838,341.4464111328125,0.07102782279253006,1.6710210901765215,1.0,0,64
137,65,1.9831373691558838,341.4464111328125,0.07102782279253006,1.6569870346776416,1.0,1,64
137,66,1.9831373691558838,341.4464111328125,0.07102782279253006,1.644568158006886,1.0,2,64
137,67,1.9831373691558838,341.4464111328125,0.07102782279253006,1.6872358078115415,1.0,3,64
137,68,1.9831373691558838,341.4464111328125,0.07102782279253006,1.6965948895760128,1.0,4,64
137,69,1.9831373691558838,341.4464111328125,0.07102782279253006,1.6799139386305362,1.0,5,64
137,70,1.9831373691558838,341.4464111328125,0.07102782279253006,1.6638734496527745,1.0,6,64
137,71,1.9831373691558838,341.4464111328125,0.07102782279253006,1.6652863487331104,1.0,7,64
137,72,1.9831373691558838,341.4464111328125,0.07102782279253006,1.6657444642303727,1.0,8,64
137,73,1.9831373691558838,341.4464111328125,0.07102782279253006,1.6674566511349762,1.0,9,64
137,74,1.9831373691558838,341.4464111328125,0.07102782279253006,1.6696286302920527,1.0,10,64
137,75,1.9831373691558838,341.4464111328125,0.07102782279253006,1.6770479450131746,1.0,11,64
137,76,1.9831373691558838,341.4464111328125,0.07102782279253006,1.6890314343531232,1.0,12,64
137,77,1.9831373691558838,341.4464111328125,0.07102782279253006,1.674254910367919,1.0,13,64
137,78,1.9831373691558838,341.4464111328125,0.07102782279253006,1.6764028452897957,1.0,14,64
137,79,1.9831373691558838,341.4464111328125,0.07102782279253006,1.6851157573560949,1.0,0,64
137,80,1.9831373691558838,341.4464111328125,0.07102782279253006,1.7047560885119626,1.0,1,64
137,81,1.9831373691558838,341.4464111328125,0.07102782279253006,1.687995636947562,1.0,2,64
137,82,1.9831373691558838,341.4464111328125,0.07102782279253006,1.6512788344209934,1.0,3,64
137,83,1.9831373691558838,341.4464111328125,0.07102782279253006,1.6491690685431784,1.0,4,64
137,84,1.9831373691558838,341.4464111328125,0.07102782279253006,1.6454921305823642,1.0,5,64
137,85,1.9831373691558838,341.4464111328125,0.07102782279253006,1.6460750592189564,1.0,6,64
137,86,1.9831373691558838,341.4464111328125,0.07102782279253006,1.6771665795624406,1.0,7,64
137,87,1.9831373691558838,341.4464111328125,0.07102782279253006,1.6508664552828896,1.0,8,64
137,88,1.9831373691558838,341.4464111328125,0.07102782279253006,1.6592461652096424,1.0,9,64
137,89,1.9831373691558838,341.4464111328125,0.07102782279253006,1.6623315173839404,1.0,10,64
137,90,1.9831373691558838,341.4464111328125,0.07102782279253006,1.6537672741015903,1.0,11,64
137,91,1.9831373691558838,341.4464111328125,0.07102782279253006,1.6412013557136511,1.0,12,64
137,92,1.9831373691558838,341.4464111328125,0.07102782279253006,1.6218830911547517,1.0,13,64
137,93,1.9831373691558838,341.4464111328125,0.07102782279253006,1.615279079918884,1.0,14,64
137,94,1.9831373691558838,341.4464111328125,0.07102782279253006,1.6326747128249866,1.0,0,64
137,95,1.9831373691558838,341.4464111328125,0.07102782279253006,1.6386596636709563,1.0,1,64
137,96,1.9831373691558838,341.4464111328125,0.07102782279253006,1.6351590644224012,1.0,2,64
137,97,1.9831373691558838,341.4464111328125,0.07102782279253006,1.6130010582929577,1.0,3,64
137,98,1.9831373691558838,341.4464111328125,0.07102782279253006,1.595300331080571,1.0,4,64
137,99,1.9831373691558838,341.4464111328125,0.07102782279253006,1.5750523714686318,1.0,5,64
137,100,1.9831373691558838,341.4464111328125,0.07102782279253006,1.6118270568344797,1.0,6,64
137,101,1.9831373691558838,341.4464111328125,0.07102782279253006,1.6167118233165758,1.0,7,64
137,102,1.9831373691558838,341.4464111328125,0.07102782279253006,1.6294578215705633,1.0,8,64
137,103,1.9831373691558838,341.4464111328125,0.07102782279253006,1.6369234080918293,1.0,9,64
137,104,1.9831373691558838,341.4464111328125,0.07102782279253006,1.624724305358564,1.0,10,64
137,105,1.9831373691558838,341.4464111328125,0.07102782279253006,1.6154907225901984,1.0,11,64
137,106,1.9831373691558838,341.4464111328125,0.07102782279253006,1.6493222742091491,1.0,12,64
137,107,1.9831373691558838,341.4464111328125,0.07102782279253006,1.6430395214338123,1.0,13,64
137,108,1.9831373691558838,341.4464111328125,0.07102782279253006,1.635773275242614,1.0,14,64
137,109,1.9831373691558838,341.4464111328125,0.07102782279253006,1.6242768250033877,1.0,0,64
137,110,1.9831373691558838,341.4464111328125,0.07102782279253006,1.6048242484583486,1.0,1,64
137,111,1.9831373691558838,341.4464111328125,0.07102782279253006,1.6156285336366767,1.0,2,64
137,112,1.9831373691558838,341.4464111328125,0.07102782279253006,1.6187708200961748,1.0,3,64
137,113,1.9831373691558838,341.4464111328125,0.07102782279253006,1.5973004785917608,1.0,4,64
137,114,1.9831373691558838,341.4464111328125,0.07102782279253006,1.5752441786372877,1.0,5,64
137,115,1.9831373691558838,341.4464111328125,0.07102782279253006,1.5837960734297685,1.0,6,64
137,116,1.9831373691558838,341.4464111328125,0.07102782279253006,1.6024967746492955,1.0,7,64
137,117,1.9831373691558838,341.4464111328125,0.07102782279253006,1.6074784662561374,1.0,8,64
137,118,1.9831373691558838,341.4464111328125,0.07102782279253006,1.5886943636852642,1.0,9,64
137,119,1.9831373691558838,341.4464111328125,0.07102782279253006,1.5872853636729671,1.0,10,64
137,120,1.9831373691558838,341.4464111328125,0.07102782279253006,1.5848670681039108,1.0,11,64
137,121,1.9831373691558838,341.4464111328125,0.07102782279253006,1.562423635931549,1.0,12,64
137,122,1.9831373691558838,341.4464111328125,0.07102782279253006,1.5732930291849812,1.0,13,64
137,123,1.9831373691558838,341.4464111328125,0.07102782279253006,1.5498500452586852,1.0,14,64
137,124,1.9831373691558838,341.4464111328125,0.07102782279253006,1.5859243818815094,1.0,0,64
137,125,1.9831373691558838,341.4464111328125,0.07102782279253006,1.5734391454873378,1.0,1,64
137,126,1.9831373691558838,341.4464111328125,0.07102782279253006,1.5574697137647173,1.0,2,64
137,127,1.9831373691558838,341.4464111328125,0.07102782279253006,1.519591593241657,1.0,3,64
137,128,1.9831373691558838,341.4464111328125,0.07102782279253006,1.5417806539601793,1.0,4,64
137,129,1.9831373691558838,341.4464111328125,0.07102782279253006,1.5542743429494053,1.0,5,64
137,130,1.9831373691558838,341.4464111328125,0.07102782279253006,1.5733854868863855,1.0,6,64
137,131,1.9831373691558838,341.4464111328125,0.07102782279253006,1.5777436493001802,1.0,7,64
137,132,1.9831373691558838,341.4464111328125,0.07102782279253006,1.5712622224472332,1.0,8,64
137,133,1.9831373691558838,341.4464111328125,0.07102782279253006,1.5665578049307973,1.0,9,64
137,134,1.9831373691558838,341.4464111328125,0.07102782279253006,1.546701181183036,1.0,10,64
137,135,1.9831373691558838,341.4464111328125,0.07102782279253006,1.5150659825749249,1.0,11,64
137,136,1.9831373691558838,341.4464111328125,0.07102782279253006,1.5254313762527587,1.0,12,64
137,137,1.9831373691558838,341.4464111328125,0.07102782279253006,1.5064955657703383,1.0,13,64
137,138,1.9831373691558838,341.4464111328125,0.07102782279253006,1.522375731121544,1.0,14,64
137,139,1.9831373691558838,341.4464111328125,0.07102782279253006,1.5523440111888072,1.0,0,64
137,140,1.9831373691558838,341.4464111328125,0.07102782279253006,1.51916230643927,1.0,1,64
137,141,1.9831373691558838,341.4464111328125,0.07102782279253006,1.508299394872476,1.0,2,64
137,142,1.9831373691558838,341.4464111328125,0.07102782279253006,1.5266391543629896,1.0,3,64
137,143,1.9831373691558838,341.4464111328125,0.07102782279253006,1.5350092639084931,1.0,4,64
137,144,1.9831373691558838,341.4464111328125,0.07102782279253006,1.5158965356655492,1.0,5,64
137,145,1.9831373691558838,341.4464111328125,0.07102782279253006,1.5505767093338083,1.0,6,64
137,146,1.9831373691558838,341.4464111328125,0.07102782279253006,1.5257844980304367,1.0,7,64
137,147,1.9831373691558838,341.4464111328125,0.07102782279253006,1.543160380539455,1.0,8,64
137,148,1.9831373691558838,341.4464111328125,0.07102782279253006,1.5279983039892968,1.0,9,64
137,149,1.9831373691558838,341.4464111328125,0.07102782279253006,1.530959902343712,1.0,10,64
137,150,1.9831373691558838,341.4464111328125,0.07102782279253006,1.547477451146856,1.0,11,64
271,1,1.9087313413619995,333.4356994628906,0.059001374989748,1.7065214126289097,1.0,1,64
271,2,1.9087313413619995,333.4356994628906,0.059001374989748,1.7103053101583707,1.0,2,64
271,3,1.9087313413619995,333.4356994628906,0.059001374989748,1.7188150043935155,1.0,3,64
271,4,1.9087313413619995,333.4356994628906,0.059001374989748,1.7101566065851153,1.0,4,64
271,5,2.1740033626556396,333.6493835449219,0.04551408812403679,1.698777382890938,1.0,0,64
271,6,2.1740033626556396,333.6493835449219,0.04551408812403679,1.687142603706496,1.0,1,64
271,7,2.1740033626556396,333.6493835449219,0.04551408812403679,1.6876096248050179,1.0,2,64
271,8,2.1740033626556396,333.6493835449219,0.04551408812403679,1.7220108038648305,1.0,3,64
271,9,2.239262342453003,339.2914733886719,0.08307980000972748,1.715981746471486,1.0,0,64
271,10,2.239262342453003,339.2914733886719,0.08307980000972748,1.7047402120860797,1.0,1,64
271,11,2.239262342453003,339.2914733886719,0.08307980000972748,1.7183744485780437,1.0,2,64
271,12,2.239262342453003,339.2914733886719,0.08307980000972748,1.700487159061226,1.0,3,64
271,13,2.239262342453003,339.2914733886719,0.08307980000972748,1.7211833539558483,1.0,4,64
271,14,2.239262342453003,339.2914733886719,0.08307980000972748,1.7258482514864504,1.0,5,64
271,15,2.239262342453003,339.2914733886719,0.08307980000972748,1.700953355412199,1.0,6,64
271,16,2.239262342453003,339.2914733886719,0.08307980000972748,1.7133700112358388,1.0,7,64
271,17,2.239262342453003,339.2914733886719,0.08307980000972748,1.7173581772057331,1.0,8,64
271,18,2.239262342453003,339.2914733886719,0.08307980000972748,1.7147892829574989,1.0,9,64
271,19,2.239262342453003,339.2914733886719,0.08307980000972748,1.711805291156655,1.0,10,64
271,20,2.239262342453003,339.2914733886719,0.08307980000972748,1.7175343296700258,1.0,11,64
271,21,2.239262342453003,339.2914733886719,0.08307980000972748,1.7217916045029273,1.0,12,64
271,22,2.239262342453003,339.2914733886719,0.08307980000972748,1.7325882550651475,1.0,13,64
271,23,2.239262342453003,339.2914733886719,0.08307980000972748,1.7078959560331195,1.0,14,64
271,24,2.239262342453003,339.2914733886719,0.08307980000972748,1.7188798953759672,1.0,0,64
271,25,2.239262342453003,339.2914733886719,0.08307980000972748,1.6717279827367262,1.0,1,64
271,26,2.239262342453003,339.2914733886719,0.08307980000972748,1.7051329308300625,1.0,2,64
271,27,2.239262342453003,339.2914733886719,0.08307980000972748,1.7137046946389516,1.0,3,64
271,28,2.239262342453003,339.2914733886719,0.08307980000972748,1.7129003574624315,1.0,4,64
271,29,2.239262342453003,339.2914733886719,0.08307980000972748,1.7229133560963734,1.0,5,64
271,30,2.239262342453003,339.2914733886719,0.08307980000972748,1.7018327235894979,1.0,6,64
271,31,2.239262342453003,339.2914733886719,0.08307980000972748,1.7072724811278062,1.0,7,64
271,32,2.239262342453003,339.2914733886719,0.08307980000972748,1.7135081415604758,1.0,8,64
271,33,2.239262342453003,339.2914733886719,0.08307980000972748,1.718108743472727,1.0,9,64
271,34,2.239262342453003,339.2914733886719,0.08307980000972748,1.6866010530143944,1.0,10,64
271,35,2.239262342453003,339.2914733886719,0.08307980000972748,1.7002336014903758,1.0,11,64
271,36,2.239262342453003,339.2914733886719,0.08307980000972748,1.7194743170195848,1.0,12,64
271,37,2.239262342453003,339.2914733886719,0.08307980000972748,1.6993935307792811,1.0,13,64
271,38,2.239262342453003,339.2914733886719,0.08307980000972748,1.694633055691301,1.0,14,64
271,39,2.239262342453003,339.2914733886719,0.08307980000972748,1.688111585532856,1.0,0,64
271,40,2.239262342453003,339.2914733886719,0.08307980000972748,1.7016580498857414,1.0,1,64
271,41,2.239262342453003,339.2914733886719,0.08307980000972748,1.6794112807263606,1.0,2,64
271,42,2.239262342453003,339.2914733886719,0.08307980000972748,1.6818709478223217,1.0,3,64
271,43,2.239262342453003,339.2914733886719,0.08307980000972748,1.671361526493126,1.0,4,64
271,44,2.239262342453003,339.2914733886719,0.08307980000972748,1.6344155933954265,1.0,5,64
271,45,2.239262342453003,339.2914733886719,0.08307980000972748,1.610632269218165,1.0,6,64
271,46,2.239262342453003,339.2914733886719,0.08307980000972748,1.6167642483770264,1.0,7,64
271,47,2.239262342453003,339.2914733886719,0.08307980000972748,1.6275405218954169,1.0,8,64
271,48,2.239262342453003,339.2914733886719,0.08307980000972748,1.645352583237288,1.0,9,64
271,49,2.239262342453003,339.2914733886719,0.08307980000972748,1.6251238941953363,1.0,10,64
271,50,2.239262342453003,339.2914733886719,0.08307980000972748,1.6716672730642919,1.0,11,64
271,51,2.239262342453003,339.2914733886719,0.08307980000972748,1.701112637773608,1.0,12,64
271,52,2.239262342453003,339.2914733886719,0.08307980000972748,1.705105740736661,1.0,13,64
271,53,2.239262342453003,339.2914733886719,0.08307980000972748,1.6835923234180037,1.0,14,64
271,54,2.239262342453003,339.2914733886719,0.08307980000972748,1.7075550905010137,1.0,0,64
271,55,2.239262342453003,339.2914733886719,0.08307980000972748,1.6996053471608807,1.0,1,64
271,56,2.239262342453003,339.2914733886719,0.08307980000972748,1.7217293279293335,1.0,2,64
271,57,2.239262342453003,339.2914733886719,0.08307980000972748,1.727843056925771,1.0,3,64
271,58,2.239262342453003,339.2914733886719,0.08307980000972748,1.6798707234659886,1.0,4,64
271,59,2.239262342453003,339.2914733886719,0.08307980000972748,1.670084258540993,1.0,5,64
271,60,2.239262342453003,339.2914733886719,0.08307980000972748,1.680618833456062,1.0,6,64
271,61,2.239262342453003,339.2914733886719,0.08307980000972748,1.674801607288087,1.0,7,64
271,62,2.239262342453003,339.2914733886719,0.08307980000972748,1.6625339142795634,1.0,8,64
271,63,2.239262342453003,339.2914733886719,0.08307980000972748,1.647149609288485,1.0,9,64
271,64,2.239262342453003,339.2914733886719,0.08307980000972748,1.6553359175015046,1.0,10,64
271,65,2.239262342453003,339.2914733886719,0.08307980000972748,1.6698810291628234,1.0,11,64
271,66,2.239262342453003,339.2914733886719,0.08307980000972748,1.66764396973339,1.0,12,64
271,67,2.239262342453003,339.2914733886719,0.08307980000972748,1.653407474933297,1.0,13,64
271,68,2.239262342453003,339.2914733886719,0.08307980000972748,1.6663791845887792,1.0,14,64
271,69,2.239262342453003,339.2914733886719,0.08307980000972748,1.6840547360380032,1.0,0,64
271,70,2.239262342453003,339.2914733886719,0.08307980000972748,1.682268799623893,1.0,1,64
271,71,2.239262342453003,339.2914733886719,0.08307980000972748,1.6968562598026002,1.0,2,64
271,72,2.239262342453003,339.2914733886719,0.08307980000972748,1.6690199571304825,1.0,3,64
271,73,2.239262342453003,339.2914733886719,0.08307980000972748,1.6555348265770493,1.0,4,64
271,74,2.239262342453003,339.2914733886719,0.08307980000972748,1.6534314991688017,1.0,5,64
271,75,2.239262342453003,339.2914733886719,0.08307980000972748,1.651097210815592,1.0,6,64
271,76,2.239262342453003,339.2914733886719,0.08307980000972748,1.6431822231129662,1.0,7,64
271,77,2.239262342453003,339.2914733886719,0.08307980000972748,1.6423408893957783,1.0,8,64
271,78,2.239262342453003,339.2914733886719,0.08307980000972748,1.653207204305101,1.0,9,64
271,79,2.239262342453003,339.2914733886719,0.08307980000972748,1.663041790972337,1.0,10,64
271,80,2.239262342453003,339.2914733886719,0.08307980000972748,1.6634626613140304,1.0,11,64
271,81,2.239262342453003,339.2914733886719,0.08307980000972748,1.6556645740398537,1.0,12,64
271,82,2.239262342453003,339.2914733886719,0.08307980000972748,1.6857541817316906,1.0,13,64
271,83,2.239262342453003,339.2914733886719,0.08307980000972748,1.6829305589843782,1.0,14,64
271,84,2.239262342453003,339.2914733886719,0.08307980000972748,1.6957457563719494,1.0,0,64
271,85,2.239262342453003,339.2914733886719,0.08307980000972748,1.6746840421766944,1.0,1,64
271,86,2.239262342453003,339.2914733886719,0.08307980000972748,1.6579748500437297,1.0,2,64
271,87,2.239262342453003,339.2914733886719,0.08307980000972748,1.6352532960400485,1.0,3,64
271,88,2.239262342453003,339.2914733886719,0.08307980000972748,1.6241513880610223,1.0,4,64
271,89,2.239262342453003,339.2914733886719,0.08307980000972748,1.6427977533461489,1.0,5,64
271,90,2.239262342453003,339.2914733886719,0.08307980000972748,1.6237701012633763,1.0,6,64
271,91,2.239262342453003,339.2914733886719,0.08307980000972748,1.6196720926685282,1.0,7,64
271,92,2.239262342453003,339.2914733886719,0.08307980000972748,1.6264966417346682,1.0,8,64
271,93,2.239262342453003,339.2914733886719,0.08307980000972748,1.632303025794578,1.0,9,64
271,94,2.239262342453003,339.2914733886719,0.08307980000972748,1.6345296829165055,1.0,10,64
271,95,2.239262342453003,339.2914733886719,0.08307980000972748,1.6228789138304256,1.0,11,64
271,96,2.239262342453003,339.2914733886719,0.08307980000972748,1.62157861008049,1.0,12,64
271,97,2.239262342453003,339.2914733886719,0.08307980000972748,1.614020100328971,1.0,13,64
271,98,2.239262342453003,339.2914733886719,0.08307980000972748,1.651206559887544,1.0,14,64
271,99,2.239262342453003,339.2914733886719,0.08307980000972748,1.648935151658814,1.0,0,64
271,100,2.239262342453003,339.2914733886719,0.08307980000972748,1.6524243395059752,1.0,1,64
271,101,2.239262342453003,339.2914733886719,0.08307980000972748,1.6774303486720563,1.0,2,64
271,102,2.239262342453003,339.2914733886719,0.08307980000972748,1.671808292555346,1.0,3,64
271,103,2.239262342453003,339.2914733886719,0.08307980000972748,1.648690859710766,1.0,4,64
271,104,2.239262342453003,339.2914733886719,0.08307980000972748,1.6479502132253054,1.0,5,64
271,105,2.239262342453003,339.2914733886719,0.08307980000972748,1.6405676081556613,1.0,6,64
271,106,2.239262342453003,339.2914733886719,0.08307980000972748,1.6262253573311958,1.0,7,64
271,107,2.239262342453003,339.2914733886719,0.08307980000972748,1.63691842527672,1.0,8,64
271,108,2.239262342453003,339.2914733886719,0.08307980000972748,1.6073729776008152,1.0,9,64
271,109,2.239262342453003,339.2914733886719,0.08307980000972748,1.6063825306523967,1.0,10,64
271,110,2.239262342453003,339.2914733886719,0.08307980000972748,1.5878467559244158,1.0,11,64
271,111,2.239262342453003,339.2914733886719,0.08307980000972748,1.5853231710993978,1.0,12,64
271,112,2.239262342453003,339.2914733886719,0.08307980000972748,1.5772389070273127,1.0,13,64
271,113,2.239262342453003,339.2914733886719,0.08307980000972748,1.5628929399298586,1.0,14,64
271,114,2.239262342453003,339.2914733886719,0.08307980000972748,1.5728435349947516,1.0,0,64
271,115,2.239262342453003,339.2914733886719,0.08307980000972748,1.581904434188615,1.0,1,64
271,116,2.239262342453003,339.2914733886719,0.08307980000972748,1.597325240200826,1.0,2,64
271,117,2.239262342453003,339.2914733886719,0.08307980000972748,1.6006953032858773,1.0,3,64
271,118,2.239262342453003,339.2914733886719,0.08307980000972748,1.5970766318068672,1.0,4,64
271,119,2.239262342453003,339.2914733886719,0.08307980000972748,1.5374931720124048,1.0,5,64
271,120,2.239262342453003,339.2914733886719,0.08307980000972748,1.553749975536852,1.0,6,64
271,121,2.239262342453003,339.2914733886719,0.08307980000972748,1.5548537397151811,1.0,7,64
271,122,2.239262342453003,339.2914733886719,0.08307980000972748,1.5608787949398966,1.0,8,64
271,123,2.239262342453003,339.2914733886719,0.08307980000972748,1.564952383865935,1.0,9,64
271,124,2.239262342453003,339.2914733886719,0.08307980000972748,1.5561473385713345,1.0,10,64
271,125,2.239262342453003,339.2914733886719,0.08307980000972748,1.5424566520597778,1.0,11,64
271,126,2.239262342453003,339.2914733886719,0.08307980000972748,1.5418631995268892,1.0,12,64
271,127,2.239262342453003,339.2914733886719,0.08307980000972748,1.53386220798163,1.0,13,64
271,128,2.239262342453003,339.2914733886719,0.08307980000972748,1.5531531040059408,1.0,14,64
271,129,2.239262342453003,339.2914733886719,0.08307980000972748,1.5801663264618986,1.0,0,64
271,130,2.239262342453003,339.2914733886719,0.08307980000972748,1.5712896518170039,1.0,1,64
271,131,2.239262342453003,339.2914733886719,0.08307980000972748,1.5864418972862477,1.0,2,64
271,132,2.239262342453003,339.2914733886719,0.08307980000972748,1.5738766910060942,1.0,3,64
271,133,2.239262342453003,339.2914733886719,0.08307980000972748,1.5527656193951858,1.0,4,64
271,134,2.239262342453003,339.2914733886719,0.08307980000972748,1.56708490520738,1.0,5,64
271,135,2.239262342453003,339.2914733886719,0.08307980000972748,1.5523894124376894,1.0,6,64
271,136,2.239262342453003,339.2914733886719,0.08307980000972748,1.5570285246742628,1.0,7,64
271,137,2.239262342453003,339.2914733886719,0.08307980000972748,1.5615294339245949,1.0,8,64
271,138,2.239262342453003,339.2914733886719,0.08307980000972748,1.5561644758966071,1.0,9,64
271,139,2.239262342453003,339.2914733886719,0.08307980000972748,1.5114590717535994,1.0,10,64
271,140,2.239262342453003,339.2914733886719,0.08307980000972748,1.5218980554419037,1.0,11,64
271,141,2.239262342453003,339.2914733886719,0.08307980000972748,1.5227758520819723,1.0,12,64
271,142,2.239262342453003,339.2914733886719,0.08307980000972748,1.5250014107455727,1.0,13,64
271,143,2.239262342453003,339.2914733886719,0.08307980000972748,1.510563702755882,1.0,14,64
271,144,2.239262342453003,339.2914733886719,0.08307980000972748,1.5228822316589785,1.0,0,64
271,145,2.239262342453003,339.2914733886719,0.08307980000972748,1.5188334754707018,1.0,1,64
271,146,2.239262342453003,339.2914733886719,0.08307980000972748,1.5026195988051123,1.0,2,64
271,147,2.239262342453003,339.2914733886719,0.08307980000972748,1.4682743210571976,1.0,3,64
271,148,2.239262342453003,339.2914733886719,0.08307980000972748,1.4721060961368488,1.0,4,64
271,149,2.239262342453003,339.2914733886719,0.08307980000972748,1.4576081769593063,1.0,5,64
271,150,2.239262342453003,339.2914733886719,0.08307980000972748,1.4683093026662715,1.0,6,64
509,1,1.7968122959136963,327.8403015136719,0.05846268683671951,1.7212593870727524,1.0,1,64
509,2,1.9447468519210815,333.264892578125,0.060115665197372437,1.737258317715977,1.0,0,64
509,3,1.926350712776184,338.90045166015625,0.060428038239479065,1.7169919221026955,1.0,0,64
509,4,1.926350712776184,338.90045166015625,0.060428038239479065,1.723648138876506,1.0,1,64
509,5,1.926350712776184,338.90045166015625,0.060428038239479065,1.731580416817191,1.0,2,64
509,6,1.926350712776184,338.90045166015625,0.060428038239479065,1.752452851953791,1.0,3,64
509,7,1.926350712776184,338.90045166015625,0.060428038239479065,1.7403822323619988,1.0,4,64
509,8,1.926350712776184,338.90045166015625,0.060428038239479065,1.738287757467799,1.0,5,64
509,9,1.926350712776184,338.90045166015625,0.060428038239479065,1.7240065576253398,1.0,6,64
509,10,1.926350712776184,338.90045166015625,0.060428038239479065,1.7319564499323528,1.0,7,64
509,11,1.926350712776184,338.90045166015625,0.060428038239479065,1.7289562165896764,1.0,8,64
509,12,1.926350712776184,338.90045166015625,0.060428038239479065,1.7075307868743106,1.0,9,64
509,13,1.926350712776184,338.90045166015625,0.060428038239479065,1.6839678614418725,1.0,10,64
509,14,1.926350712776184,338.90045166015625,0.060428038239479065,1.6962513911665917,1.0,11,64
509,15,1.926350712776184,338.90045166015625,0.060428038239479065,1.720900898926924,1.0,12,64
509,16,1.926350712776184,338.90045166015625,0.060428038239479065,1.7149030428830776,1.0,13,64
509,17,1.926350712776184,338.90045166015625,0.060428038239479065,1.7218957204612129,1.0,14,64
509,18,1.926350712776184,338.90045166015625,0.060428038239479065,1.7355202162157812,1.0,0,64
509,19,1.926350712776184,338.90045166015625,0.060428038239479065,1.7485666965036042,1.0,1,64
509,20,1.926350712776184,338.90045166015625,0.060428038239479065,1.7230255886578487,1.0,2,64
509,21,1.926350712776184,338.90045166015625,0.060428038239479065,1.7220410561585062,1.0,3,64
509,22,1.926350712776184,338.90045166015625,0.060428038239479065,1.702865812467839,1.0,4,64
509,23,1.926350712776184,338.90045166015625,0.060428038239479065,1.702632613792275,1.0,5,64
509,24,1.926350712776184,338.90045166015625,0.060428038239479065,1.6889115268574435,1.0,6,64
509,25,1.926350712776184,338.90045166015625,0.060428038239479065,1.699849015379267,1.0,7,64
509,26,1.926350712776184,338.90045166015625,0.060428038239479065,1.7100535298369788,1.0,8,64
509,27,1.926350712776184,338.90045166015625,0.060428038239479065,1.7197596306609444,1.0,9,64
509,28,1.926350712776184,338.90045166015625,0.060428038239479065,1.6995589022725435,1.0,10,64
509,29,1.926350712776184,338.90045166015625,0.060428038239479065,1.7028412584915626,1.0,11,64
509,30,1.926350712776184,338.90045166015625,0.060428038239479065,1.7046422804901378,1.0,12,64
509,31,1.926350712776184,338.90045166015625,0.060428038239479065,1.713854930004055,1.0,13,64
509,32,1.926350712776184,338.90045166015625,0.060428038239479065,1.7068682523512448,1.0,14,64
509,33,1.9919335842132568,344.08197021484375,0.08386661857366562,1.7051518188843389,1.0,0,64
509,34,1.9919335842132568,344.08197021484375,0.08386661857366562,1.7143705087620387,1.0,1,64
509,35,1.9919335842132568,344.08197021484375,0.08386661857366562,1.7241392292622517,1.0,2,64
509,36,1.9919335842132568,344.08197021484375,0.08386661857366562,1.7423867662070567,1.0,3,64
509,37,1.9919335842132568,344.08197021484375,0.08386661857366562,1.7270486467165864,1.0,4,64
509,38,1.9919335842132568,344.08197021484375,0.08386661857366562,1.7166049847976335,1.0,5,64
509,39,1.9919335842132568,344.08197021484375,0.08386661857366562,1.7346643153333654,1.0,6,64
509,40,1.9919335842132568,344.08197021484375,0.08386661857366562,1.757595300728065,1.0,7,64
509,41,1.9919335842132568,344.08197021484375,0.08386661857366562,1.7515600876613793,1.0,8,64
509,42,1.9919335842132568,344.08197021484375,0.08386661857366562,1.72939631644709,1.0,9,64
509,43,1.9919335842132568,344.08197021484375,0.08386661857366562,1.7351610215497577,1.0,10,64
509,44,1.9919335842132568,344.08197021484375,0.08386661857366562,1.7310649778196205,1.0,11,64
509,45,1.9919335842132568,344.08197021484375,0.08386661857366562,1.6982233746134041,1.0,12,64
509,46,1.9919335842132568,344.08197021484375,0.08386661857366562,1.7015864836680838,1.0,13,64
509,47,1.9919335842132568,344.08197021484375,0.08386661857366562,1.7112036893832954,1.0,14,64
509,48,1.9919335842132568,344.08197021484375,0.08386661857366562,1.7210086382391194,1.0,0,64
509,49,1.9919335842132568,344.08197021484375,0.08386661857366562,1.7118287419220082,1.0,1,64
509,50,1.9919335842132568,344.08197021484375,0.08386661857366562,1.7124034603622094,1.0,2,64
509,51,1.9919335842132568,344.08197021484375,0.08386661857366562,1.6964800917892624,1.0,3,64
509,52,1.9919335842132568,344.08197021484375,0.08386661857366562,1.702758966790911,1.0,4,64
509,53,1.9919335842132568,344.08197021484375,0.08386661857366562,1.6816700608082262,1.0,5,64
509,54,1.9919335842132568,344.08197021484375,0.08386661857366562,1.6670308090325685,1.0,6,64
509,55,1.9919335842132568,344.08197021484375,0.08386661857366562,1.6727796313323593,1.0,7,64
509,56,1.9919335842132568,344.08197021484375,0.08386661857366562,1.6742100542207243,1.0,8,64
509,57,1.9919335842132568,344.08197021484375,0.08386661857366562,1.6748429618029874,1.0,9,64
509,58,1.9919335842132568,344.08197021484375,0.08386661857366562,1.6820643962059805,1.0,10,64
509,59,1.9919335842132568,344.08197021484375,0.08386661857366562,1.7135929453887921,1.0,11,64
509,60,1.9919335842132568,344.08197021484375,0.08386661857366562,1.7166830955794476,1.0,12,64
509,61,1.9919335842132568,344.08197021484375,0.08386661857366562,1.6947181650107792,1.0,13,64
509,62,1.9919335842132568,344.08197021484375,0.08386661857366562,1.7081588767314506,1.0,14,64
509,63,1.9919335842132568,344.08197021484375,0.08386661857366562,1.7330669823418392,1.0,0,64
509,64,1.9919335842132568,344.08197021484375,0.08386661857366562,1.7392832681942578,1.0,1,64
509,65,1.9919335842132568,344.08197021484375,0.08386661857366562,1.7049870156847597,1.0,2,64
509,66,1.9919335842132568,344.08197021484375,0.08386661857366562,1.7080629785253638,1.0,3,64
509,67,1.9919335842132568,344.08197021484375,0.08386661857366562,1.7442869809473471,1.0,4,64
509,68,1.9919335842132568,344.08197021484375,0.08386661857366562,1.7557931608491368,1.0,5,64
509,69,1.9919335842132568,344.08197021484375,0.08386661857366562,1.6985282870140355,1.0,6,64
509,70,1.9919335842132568,344.08197021484375,0.08386661857366562,1.703742003404457,1.0,7,64
509,71,1.9919335842132568,344.08197021484375,0.08386661857366562,1.6757904668351982,1.0,8,64
509,72,1.9919335842132568,344.08197021484375,0.08386661857366562,1.6543775063302109,1.0,9,64
509,73,1.9919335842132568,344.08197021484375,0.08386661857366562,1.6511336018316358,1.0,10,64
509,74,1.9919335842132568,344.08197021484375,0.08386661857366562,1.6362988163716035,1.0,11,64
509,75,1.9919335842132568,344.08197021484375,0.08386661857366562,1.6428813586037037,1.0,12,64
509,76,1.9919335842132568,344.08197021484375,0.08386661857366562,1.6644838905897474,1.0,13,64
509,77,1.9919335842132568,344.08197021484375,0.08386661857366562,1.6764065444044782,1.0,14,64
509,78,1.9919335842132568,344.08197021484375,0.08386661857366562,1.7116880890619108,1.0,0,64
509,79,1.9919335842132568,344.08197021484375,0.08386661857366562,1.6983976782174628,1.0,1,64
509,80,1.9919335842132568,344.08197021484375,0.08386661857366562,1.7031355826730439,1.0,2,64
509,81,1.9919335842132568,344.08197021484375,0.08386661857366562,1.6905484842063239,1.0,3,64
509,82,1.9919335842132568,344.08197021484375,0.08386661857366562,1.657614266665606,1.0,4,64
509,83,1.9919335842132568,344.08197021484375,0.08386661857366562,1.6583919956761362,1.0,5,64
509,84,1.9919335842132568,344.08197021484375,0.08386661857366562,1.6266043136362398,1.0,6,64
509,85,1.9919335842132568,344.08197021484375,0.08386661857366562,1.6578415553019863,1.0,7,64
509,86,1.9919335842132568,344.08197021484375,0.08386661857366562,1.646419143321838,1.0,8,64
509,87,1.9919335842132568,344.08197021484375,0.08386661857366562,1.64899601487261,1.0,9,64
509,88,1.9919335842132568,344.08197021484375,0.08386661857366562,1.6487730693203992,1.0,10,64
509,89,1.9919335842132568,344.08197021484375,0.08386661857366562,1.6626955933954382,1.0,11,64
509,90,1.9919335842132568,344.08197021484375,0.08386661857366562,1.6618471801136865,1.0,12,64
509,91,1.9919335842132568,344.08197021484375,0.08386661857366562,1.6648899460982183,1.0,13,64
509,92,1.9919335842132568,344.08197021484375,0.08386661857366562,1.642470967145613,1.0,14,64
509,93,1.9919335842132568,344.08197021484375,0.08386661857366562,1.663819655616796,1.0,0,64
509,94,1.9919335842132568,344.08197021484375,0.08386661857366562,1.6500026739782263,1.0,1,64
509,95,1.9919335842132568,344.08197021484375,0.08386661857366562,1.6427475026706582,1.0,2,64
509,96,1.9919335842132568,344.08197021484375,0.08386661857366562,1.6662786519294241,1.0,3,64
509,97,1.9919335842132568,344.08197021484375,0.08386661857366562,1.6744249782793854,1.0,4,64
509,98,1.9919335842132568,344.08197021484375,0.08386661857366562,1.6432815362527406,1.0,5,64
509,99,1.9919335842132568,344.08197021484375,0.08386661857366562,1.6499220344294951,1.0,6,64
509,100,1.9919335842132568,344.08197021484375,0.08386661857366562,1.6589555044976896,1.0,7,64
509,101,1.9919335842132568,344.08197021484375,0.08386661857366562,1.6818203551457283,1.0,8,64
509,102,1.9919335842132568,344.08197021484375,0.08386661857366562,1.681806879565108,1.0,9,64
509,103,1.9919335842132568,344.08197021484375,0.08386661857366562,1.6853578336170316,1.0,10,64
509,104,1.9919335842132568,344.08197021484375,0.08386661857366562,1.707704619830876,1.0,11,64
509,105,1.9919335842132568,344.08197021484375,0.08386661857366562,1.69591677535167,1.0,12,64
509,106,1.9919335842132568,344.08197021484375,0.08386661857366562,1.6971155135902787,1.0,13,64
509,107,1.9919335842132568,344.08197021484375,0.08386661857366562,1.6673836678603975,1.0,14,64
509,108,1.9919335842132568,344.08197021484375,0.08386661857366562,1.702795034260523,1.0,0,64
509,109,1.9919335842132568,344.08197021484375,0.08386661857366562,1.70015692723539,1.0,1,64
509,110,1.9919335842132568,344.08197021484375,0.08386661857366562,1.6732593759137973,1.0,2,64
509,111,1.9919335842132568,344.08197021484375,0.08386661857366562,1.6814164583916749,1.0,3,64
509,112,1.9919335842132568,344.08197021484375,0.08386661857366562,1.6844835143895927,1.0,4,64
509,113,1.9919335842132568,344.08197021484375,0.08386661857366562,1.6776665778957314,1.0,5,64
509,114,1.9919335842132568,344.08197021484375,0.08386661857366562,1.6844310512262148,1.0,6,64
509,115,1.9919335842132568,344.08197021484375,0.08386661857366562,1.6895824141369482,1.0,7,64
509,116,1.9919335842132568,344.08197021484375,0.08386661857366562,1.6762556386309302,1.0,8,64
509,117,1.9919335842132568,344.08197021484375,0.08386661857366562,1.6740117832593555,1.0,9,64
509,118,1.9919335842132568,344.08197021484375,0.08386661857366562,1.6696808125986602,1.0,10,64
509,119,1.9919335842132568,344.08197021484375,0.08386661857366562,1.6887292565771759,1.0,11,64
509,120,1.9919335842132568,344.08197021484375,0.08386661857366562,1.6672310272361865,1.0,12,64
509,121,1.9919335842132568,344.08197021484375,0.08386661857366562,1.6609389395735918,1.0,13,64
509,122,1.9919335842132568,344.08197021484375,0.08386661857366562,1.6570534426736343,1.0,14,64
509,123,1.9919335842132568,344.08197021484375,0.08386661857366562,1.657841924836838,1.0,0,64
509,124,1.9919335842132568,344.08197021484375,0.08386661857366562,1.6513933082736643,1.0,1,64
509,125,1.9919335842132568,344.08197021484375,0.08386661857366562,1.6356135001222427,1.0,2,64
509,126,1.9919335842132568,344.08197021484375,0.08386661857366562,1.5967993864314662,1.0,3,64
509,127,1.9919335842132568,344.08197021484375,0.08386661857366562,1.6116405627102006,1.0,4,64
509,128,1.9919335842132568,344.08197021484375,0.08386661857366562,1.5813267697148463,1.0,5,64
509,129,1.9919335842132568,344.08197021484375,0.08386661857366562,1.5910753666246689,1.0,6,64
509,130,1.9919335842132568,344.08197021484375,0.08386661857366562,1.576477112118159,1.0,7,64
509,131,1.9919335842132568,344.08197021484375,0.08386661857366562,1.586495534803491,1.0,8,64
509,132,1.9919335842132568,344.08197021484375,0.08386661857366562,1.5945231660678085,1.0,9,64
509,133,1.9919335842132568,344.08197021484375,0.08386661857366562,1.6077431127993593,1.0,10,64
509,134,1.9919335842132568,344.08197021484375,0.08386661857366562,1.6076501048515413,1.0,11,64
509,135,1.9919335842132568,344.08197021484375,0.08386661857366562,1.5963671555823413,1.0,12,64
509,136,1.9919335842132568,344.08197021484375,0.08386661857366562,1.5901717432831592,1.0,13,64
509,137,1.9919335842132568,344.08197021484375,0.08386661857366562,1.574197882895861,1.0,14,64
509,138,1.9919335842132568,344.08197021484375,0.08386661857366562,1.593293718246116,1.0,0,64
509,139,1.9919335842132568,344.08197021484375,0.08386661857366562,1.5768177683506166,1.0,1,64
509,140,1.9919335842132568,344.08197021484375,0.08386661857366562,1.5706796733478212,1.0,2,64
509,141,1.9919335842132568,344.08197021484375,0.08386661857366562,1.5199445437797272,1.0,3,64
509,142,1.9919335842132568,344.08197021484375,0.08386661857366562,1.5282917094853787,1.0,4,64
509,143,1.9919335842132568,344.08197021484375,0.08386661857366562,1.521610264607374,1.0,5,64
509,144,1.9919335842132568,344.08197021484375,0.08386661857366562,1.5545774663416627,1.0,6,64
509,145,1.9919335842132568,344.08197021484375,0.08386661857366562,1.5380919318817183,1.0,7,64
509,146,1.9919335842132568,344.08197021484375,0.08386661857366562,1.5338606626844964,1.0,8,64
509,147,1.9919335842132568,344.08197021484375,0.08386661857366562,1.5433012617906061,1.0,9,64
509,148,1.9919335842132568,344.08197021484375,0.08386661857366562,1.5207418737863396,1.0,10,64
509,149,1.9919335842132568,344.08197021484375,0.08386661857366562,1.5062406949838045,1.0,11,64
509,150,1.9919335842132568,344.08197021484375,0.08386661857366562,1.5209092745071233,1.0,12,64
1023,1,2.087663173675537,340.62255859375,0.06697063148021698,1.7369537829715593,1.0,1,64
1023,2,2.087663173675537,340.62255859375,0.06697063148021698,1.7317735909689098,1.0,2,64
1023,3,2.087663173675537,340.62255859375,0.06697063148021698,1.7202151857174692,1.0,3,64
1023,4,2.087663173675537,340.62255859375,0.06697063148021698,1.7343906584477344,1.0,4,64
1023,5,2.087663173675537,340.62255859375,0.06697063148021698,1.7235683016954242,1.0,5,64
1023,6,2.087663173675537,340.62255859375,0.06697063148021698,1.7357022528539188,1.0,6,64
1023,7,2.087663173675537,340.62255859375,0.06697063148021698,1.7214269285257,1.0,7,64
1023,8,2.087663173675537,340.62255859375,0.06697063148021698,1.7359608666722577,1.0,8,64
1023,9,2.087663173675537,340.62255859375,0.06697063148021698,1.7120239646280604,1.0,9,64
1023,10,2.087663173675537,340.62255859375,0.06697063148021698,1.7315259207227398,1.0,10,64
1023,11,2.087663173675537,340.62255859375,0.06697063148021698,1.7495161029360449,1.0,11,64
1023,12,2.087663173675537,340.62255859375,0.06697063148021698,1.7490066841905796,1.0,12,64
1023,13,2.087663173675537,340.62255859375,0.06697063148021698,1.7551158633312476,1.0,13,64
1023,14,2.087663173675537,340.62255859375,0.06697063148021698,1.7336327216389913,1.0,14,64
1023,15,2.087663173675537,340.62255859375,0.06697063148021698,1.7607710215274106,1.0,0,64
1023,16,2.087663173675537,340.62255859375,0.06697063148021698,1.7531117725110696,1.0,1,64
1023,17,2.087663173675537,340.62255859375,0.06697063148021698,1.7324865181044298,1.0,2,64
1023,18,2.087663173675537,340.62255859375,0.06697063148021698,1.7221761285149568,1.0,3,64
1023,19,2.087663173675537,340.62255859375,0.06697063148021698,1.7176528037210712,1.0,4,64
1023,20,2.087663173675537,340.62255859375,0.06697063148021698,1.6959631360790173,1.0,5,64
1023,21,2.087663173675537,340.62255859375,0.06697063148021698,1.7162634899011995,1.0,6,64
1023,22,2.087663173675537,340.62255859375,0.06697063148021698,1.7050181165632856,1.0,7,64
1023,23,2.087663173675537,340.62255859375,0.06697063148021698,1.7377931796028072,1.0,8,64
1023,24,2.087663173675537,340.62255859375,0.06697063148021698,1.7281994170460702,1.0,9,64
1023,25,2.087663173675537,340.62255859375,0.06697063148021698,1.7360893635085204,1.0,10,64
1023,26,2.087663173675537,340.62255859375,0.06697063148021698,1.719889844128534,1.0,11,64
1023,27,2.087663173675537,340.62255859375,0.06697063148021698,1.6976517678035938,1.0,12,64
1023,28,2.087663173675537,340.62255859375,0.06697063148021698,1.694215516249946,1.0,13,64
1023,29,2.087663173675537,340.62255859375,0.06697063148021698,1.7034690162477293,1.0,14,64
1023,30,2.087663173675537,340.62255859375,0.06697063148021698,1.7483009183441467,1.0,0,64
1023,31,2.087663173675537,340.62255859375,0.06697063148021698,1.741897749140702,1.0,1,64
1023,32,2.087663173675537,340.62255859375,0.06697063148021698,1.7146988106926675,1.0,2,64
1023,33,2.087663173675537,340.62255859375,0.06697063148021698,1.718340825811674,1.0,3,64
1023,34,2.087663173675537,340.62255859375,0.06697063148021698,1.7247652509976332,1.0,4,64
1023,35,2.087663173675537,340.62255859375,0.06697063148021698,1.7188102050811425,1.0,5,64
1023,36,2.087663173675537,340.62255859375,0.06697063148021698,1.7085029761856143,1.0,6,64
1023,37,2.087663173675537,340.62255859375,0.06697063148021698,1.7007015946915112,1.0,7,64
1023,38,2.087663173675537,340.62255859375,0.06697063148021698,1.7216956234380933,1.0,8,64
1023,39,2.087663173675537,340.62255859375,0.06697063148021698,1.716739547033232,1.0,9,64
1023,40,2.087663173675537,340.62255859375,0.06697063148021698,1.7113345257143602,1.0,10,64
1023,41,2.087663173675537,340.62255859375,0.06697063148021698,1.7470998969963858,1.0,11,64
1023,42,2.087663173675537,340.62255859375,0.06697063148021698,1.7430739861124014,1.0,12,64
1023,43,2.087663173675537,340.62255859375,0.06697063148021698,1.74522067860441,1.0,13,64
1023,44,2.087663173675537,340.62255859375,0.06697063148021698,1.737890546692078,1.0,14,64
1023,45,2.087663173675537,340.62255859375,0.06697063148021698,1.7455926796511274,1.0,0,64
1023,46,2.087663173675537,340.62255859375,0.06697063148021698,1.7125080271644966,1.0,1,64
1023,47,2.087663173675537,340.62255859375,0.06697063148021698,1.7029959153685967,1.0,2,64
1023,48,2.087663173675537,340.62255859375,0.06697063148021698,1.7073049133395868,1.0,3,64
1023,49,2.087663173675537,340.62255859375,0.06697063148021698,1.7018518888494512,1.0,4,64
1023,50,2.087663173675537,340.62255859375,0.06697063148021698,1.7325897801112293,1.0,5,64
1023,51,2.087663173675537,340.62255859375,0.06697063148021698,1.7455417649788707,1.0,6,64
1023,52,2.087663173675537,340.62255859375,0.06697063148021698,1.7532235486375511,1.0,7,64
1023,53,2.087663173675537,340.62255859375,0.06697063148021698,1.7468068213657792,1.0,8,64
1023,54,2.087663173675537,340.62255859375,0.06697063148021698,1.7219800834341052,1.0,9,64
1023,55,2.087663173675537,340.62255859375,0.06697063148021698,1.7368941789456207,1.0,10,64
1023,56,2.087663173675537,340.62255859375,0.06697063148021698,1.7143254456879424,1.0,11,64
1023,57,2.087663173675537,340.62255859375,0.06697063148021698,1.6876262560876711,1.0,12,64
1023,58,2.087663173675537,340.62255859375,0.06697063148021698,1.6847329761181438,1.0,13,64
1023,59,2.087663173675537,340.62255859375,0.06697063148021698,1.6832381287097642,1.0,14,64
1023,60,2.087663173675537,340.62255859375,0.06697063148021698,1.7098787087758593,1.0,0,64
1023,61,2.087663173675537,340.62255859375,0.06697063148021698,1.6948889115311563,1.0,1,64
1023,62,2.087663173675537,340.62255859375,0.06697063148021698,1.6890495738302234,1.0,2,64
1023,63,2.087663173675537,340.62255859375,0.06697063148021698,1.7199650915775624,1.0,3,64
1023,64,2.087663173675537,340.62255859375,0.06697063148021698,1.735180353860641,1.0,4,64
1023,65,2.087663173675537,340.62255859375,0.06697063148021698,1.725549609893863,1.0,5,64
1023,66,2.087663173675537,340.62255859375,0.06697063148021698,1.7058027155144022,1.0,6,64
1023,67,2.087663173675537,340.62255859375,0.06697063148021698,1.717672362285876,1.0,7,64
1023,68,2.087663173675537,340.62255859375,0.06697063148021698,1.7032411356422215,1.0,8,64
1023,69,2.087663173675537,340.62255859375,0.06697063148021698,1.7036570655784384,1.0,9,64
1023,70,2.087663173675537,340.62255859375,0.06697063148021698,1.6768596499487751,1.0,10,64
1023,71,2.087663173675537,340.62255859375,0.06697063148021698,1.6628253234736328,1.0,11,64
1023,72,2.087663173675537,340.62255859375,0.06697063148021698,1.6751973460878296,1.0,12,64
1023,73,2.087663173675537,340.62255859375,0.06697063148021698,1.6690118485633414,1.0,13,64
1023,74,2.087663173675537,340.62255859375,0.06697063148021698,1.6753395751107563,1.0,14,64
1023,75,2.087663173675537,340.62255859375,0.06697063148021698,1.6721886753319524,1.0,0,64
1023,76,2.087663173675537,340.62255859375,0.06697063148021698,1.6478474018488067,1.0,1,64
1023,77,2.087663173675537,340.62255859375,0.06697063148021698,1.6803819286384165,1.0,2,64
1023,78,2.087663173675537,340.62255859375,0.06697063148021698,1.6782387363150721,1.0,3,64
1023,79,2.087663173675537,340.62255859375,0.06697063148021698,1.679149236000156,1.0,4,64
1023,80,2.087663173675537,340.62255859375,0.06697063148021698,1.6814841131858993,1.0,5,64
1023,81,2.087663173675537,340.62255859375,0.06697063148021698,1.6887730981181333,1.0,6,64
1023,82,2.087663173675537,340.62255859375,0.06697063148021698,1.7110480549683653,1.0,7,64
1023,83,2.087663173675537,340.62255859375,0.06697063148021698,1.722225890501275,1.0,8,64
1023,84,2.087663173675537,340.62255859375,0.06697063148021698,1.7175153538766954,1.0,9,64
1023,85,2.087663173675537,340.62255859375,0.06697063148021698,1.738950858116604,1.0,10,64
1023,86,2.087663173675537,340.62255859375,0.06697063148021698,1.730468255709309,1.0,11,64
1023,87,2.087663173675537,340.62255859375,0.06697063148021698,1.6957907723872645,1.0,12,64
1023,88,2.087663173675537,340.62255859375,0.06697063148021698,1.6885979733929377,1.0,13,64
1023,89,2.087663173675537,340.62255859375,0.06697063148021698,1.6897828629662914,1.0,14,64
1023,90,2.087663173675537,340.62255859375,0.06697063148021698,1.7126871999285234,1.0,0,64
1023,91,2.087663173675537,340.62255859375,0.06697063148021698,1.7014892552142151,1.0,1,64
1023,92,2.087663173675537,340.62255859375,0.06697063148021698,1.6913829656028643,1.0,2,64
1023,93,2.087663173675537,340.62255859375,0.06697063148021698,1.6735761293375102,1.0,3,64
1023,94,2.087663173675537,340.62255859375,0.06697063148021698,1.6508692177536062,1.0,4,64
1023,95,2.087663173675537,340.62255859375,0.06697063148021698,1.6765595028914428,1.0,5,64
1023,96,2.087663173675537,340.62255859375,0.06697063148021698,1.6691028025460142,1.0,6,64
1023,97,2.087663173675537,340.62255859375,0.06697063148021698,1.6606422949804371,1.0,7,64
1023,98,2.087663173675537,340.62255859375,0.06697063148021698,1.6615152513632623,1.0,8,64
1023,99,1.9929274320602417,345.5108642578125,0.04774928465485573,1.676661024481392,1.0,0,64
1023,100,1.9929274320602417,345.5108642578125,0.04774928465485573,1.6608632779682144,1.0,1,64
1023,101,1.9929274320602417,345.5108642578125,0.04774928465485573,1.6741376711776343,1.0,2,64
1023,102,1.9929274320602417,345.5108642578125,0.04774928465485573,1.6956292826373016,1.0,3,64
1023,103,1.9929274320602417,345.5108642578125,0.04774928465485573,1.6688182099295688,1.0,4,64
1023,104,1.9929274320602417,345.5108642578125,0.04774928465485573,1.6937866622226176,1.0,5,64
1023,105,1.9929274320602417,345.5108642578125,0.04774928465485573,1.7146110020908745,1.0,6,64
1023,106,1.9929274320602417,345.5108642578125,0.04774928465485573,1.715375456234525,1.0,7,64
1023,107,1.9929274320602417,345.5108642578125,0.04774928465485573,1.6652222035771471,1.0,8,64
1023,108,1.9929274320602417,345.5108642578125,0.04774928465485573,1.6687221474324212,1.0,9,64
1023,109,1.9929274320602417,345.5108642578125,0.04774928465485573,1.66003828164452,1.0,10,64
1023,110,1.9929274320602417,345.5108642578125,0.04774928465485573,1.6709025151450574,1.0,11,64
1023,111,1.9929274320602417,345.5108642578125,0.04774928465485573,1.6626433491260817,1.0,12,64
1023,112,1.9929274320602417,345.5108642578125,0.04774928465485573,1.6372173207090508,1.0,13,64
1023,113,1.9929274320602417,345.5108642578125,0.04774928465485573,1.6248628107615426,1.0,14,64
1023,114,1.9929274320602417,345.5108642578125,0.04774928465485573,1.6409077275504218,1.0,0,64
1023,115,1.9929274320602417,345.5108642578125,0.04774928465485573,1.6208184012254037,1.0,1,64
1023,116,1.9929274320602417,345.5108642578125,0.04774928465485573,1.6206523242761324,1.0,2,64
1023,117,1.9929274320602417,345.5108642578125,0.04774928465485573,1.6233500369204577,1.0,3,64
1023,118,1.9929274320602417,345.5108642578125,0.04774928465485573,1.6412877343359877,1.0,4,64
1023,119,1.9929274320602417,345.5108642578125,0.04774928465485573,1.6352501459663191,1.0,5,64
1023,120,1.9929274320602417,345.5108642578125,0.04774928465485573,1.6138446209475887,1.0,6,64
1023,121,1.9929274320602417,345.5108642578125,0.04774928465485573,1.6248619199728147,1.0,7,64
1023,122,1.9929274320602417,345.5108642578125,0.04774928465485573,1.614278260390433,1.0,8,64
1023,123,1.9929274320602417,345.5108642578125,0.04774928465485573,1.5976615271110057,1.0,9,64
1023,124,1.9929274320602417,345.5108642578125,0.04774928465485573,1.600832979099888,1.0,10,64
1023,125,1.9929274320602417,345.5108642578125,0.04774928465485573,1.6095516541365649,1.0,11,64
1023,126,1.9929274320602417,345.5108642578125,0.04774928465485573,1.5831099405215074,1.0,12,64
1023,127,1.9929274320602417,345.5108642578125,0.04774928465485573,1.574401500781563,1.0,13,64
1023,128,1.9929274320602417,345.5108642578125,0.04774928465485573,1.5749224609045174,1.0,14,64
1023,129,1.9929274320602417,345.5108642578125,0.04774928465485573,1.623101459735762,1.0,0,64
1023,130,1.9929274320602417,345.5108642578125,0.04774928465485573,1.5956209890689748,1.0,1,64
1023,131,1.9929274320602417,345.5108642578125,0.04774928465485573,1.5765719076691929,1.0,2,64
1023,132,1.9929274320602417,345.5108642578125,0.04774928465485573,1.559666396550691,1.0,3,64
1023,133,1.9929274320602417,345.5108642578125,0.04774928465485573,1.5501433947193934,1.0,4,64
1023,134,1.9929274320602417,345.5108642578125,0.04774928465485573,1.544015026573725,1.0,5,64
1023,135,1.9929274320602417,345.5108642578125,0.04774928465485573,1.5370527564746863,1.0,6,64
1023,136,1.9929274320602417,345.5108642578125,0.04774928465485573,1.5665430762687946,1.0,7,64
1023,137,1.9929274320602417,345.5108642578125,0.04774928465485573,1.558340814111021,1.0,8,64
1023,138,1.9929274320602417,345.5108642578125,0.04774928465485573,1.5552540013979803,1.0,9,64
1023,139,1.9929274320602417,345.5108642578125,0.04774928465485573,1.5184623832585487,1.0,10,64
1023,140,1.9929274320602417,345.5108642578125,0.04774928465485573,1.5067105498177176,1.0,11,64
1023,141,1.9929274320602417,345.5108642578125,0.04774928465485573,1.5126218234495539,1.0,12,64
1023,142,1.9929274320602417,345.5108642578125,0.04774928465485573,1.513198379923353,1.0,13,64
1023,143,1.9929274320602417,345.5108642578125,0.04774928465485573,1.5254708648223583,1.0,14,64
1023,144,1.9929274320602417,345.5108642578125,0.04774928465485573,1.5402367387050926,1.0,0,64
1023,145,1.9929274320602417,345.5108642578125,0.04774928465485573,1.5181151452743213,1.0,1,64
1023,146,1.9929274320602417,345.5108642578125,0.04774928465485573,1.5166837293393398,1.0,2,64
1023,147,1.9929274320602417,345.5108642578125,0.04774928465485573,1.499041773598162,1.0,3,64
1023,148,1.9929274320602417,345.5108642578125,0.04774928465485573,1.4962774946126367,1.0,4,64
1023,149,1.9929274320602417,345.5108642578125,0.04774928465485573,1.5131484274665674,1.0,5,64
1023,150,1.9929274320602417,345.5108642578125,0.04774928465485573,1.5056927824982262,1.0,6,64
