arm,seed,gen,ppf_pred,sigma,h_sens_pop,sens_novelty,composite,pos_0,pos_1,pos_2,pos_3,pos_4,pos_5,pos_6,pos_7,pos_8,pos_9,pos_10,pos_11,pos_12,pos_13,pos_14,pos_15,pos_16,pos_17,pos_18,pos_19,pos_20,pos_21,pos_22,pos_23,pos_24,pos_25,pos_26,pos_27,pos_28,pos_29,pos_30
E_combined,42,2,5.9678874015808105,0.2610897421836853,2.141317285239322,47.161903381347656,5.728035926818848,6,5,9,7,2,3,3,3,2,2,8,9,2,8,3,5,3,3,4,6,4,7,1,5,2,1,3,1,7,5,6
E_combined,509,2,5.701770782470703,0.2037120908498764,2.142233676271073,50.90788269042969,4.771709442138672,6,5,8,2,6,8,2,3,2,1,9,8,4,9,7,9,8,4,5,9,4,8,3,4,8,2,9,5,8,4,6
E_combined,137,3,5.587723255157471,0.23778389394283295,2.1491776562700053,45.84521484375,4.703272819519043,5,6,3,9,1,7,8,6,5,6,5,3,8,4,9,9,7,7,1,3,6,6,6,1,3,7,2,3,5,1,1
E_combined,509,1,4.981144905090332,0.23054945468902588,2.147972241846705,51.15309524536133,4.690774917602539,6,5,2,8,9,9,7,5,3,2,7,6,5,7,5,6,6,7,3,3,6,2,4,7,3,5,5,6,2,8,5
E_combined,509,2,5.505539417266846,0.19558048248291016,2.142233676271073,50.70986557006836,4.476997375488281,2,5,5,8,5,6,2,3,7,2,6,9,7,3,7,8,9,3,5,1,5,1,9,4,2,2,9,8,9,4,6
E_combined,137,1,4.229757785797119,0.21625469624996185,2.12670043791616,47.65007019042969,4.358623504638672,2,5,3,9,4,8,8,7,7,4,8,8,4,8,9,9,7,7,4,9,9,3,4,1,1,6,3,1,1,4,2
E_combined,1023,1,5.968196868896484,0.20971275866031647,2.1287390755157265,46.76933670043945,4.344727993011475,5,5,9,6,9,6,6,5,6,2,5,9,3,4,3,7,4,7,6,4,7,1,6,1,9,4,7,3,3,6,9
E_combined,509,1,4.7215986251831055,0.24289681017398834,2.147972241846705,45.943904876708984,4.306788444519043,5,5,3,4,9,1,8,1,2,4,8,1,7,7,9,7,7,1,4,7,5,2,5,9,3,4,5,6,2,1,5
E_combined,509,1,5.73623514175415,0.19982680678367615,2.147972241846705,53.007957458496094,4.133002281188965,2,5,9,2,9,8,3,7,2,2,7,3,7,4,9,9,7,3,6,2,1,9,7,5,3,2,3,4,4,6,8
E_combined,137,2,5.523535251617432,0.18249471485614777,2.146388150141223,46.87340545654297,4.1199798583984375,1,5,2,1,9,6,7,9,2,7,1,7,4,6,9,4,7,8,1,2,4,4,7,5,4,5,4,6,6,4,7
E_combined,1023,2,5.476752758026123,0.204434335231781,2.137699664754268,46.323673248291016,4.039712905883789,5,5,5,8,8,2,4,1,6,5,6,4,7,6,3,5,2,5,6,3,7,2,4,2,5,6,1,9,3,7,7
E_combined,137,2,4.673982620239258,0.1642143726348877,2.146388150141223,50.2986946105957,3.9078710079193115,8,2,5,3,6,1,4,7,5,9,4,4,3,2,1,3,7,6,8,7,3,8,9,7,3,9,8,8,4,8,9
E_combined,271,1,4.744467258453369,0.1513834148645401,2.1200689694132895,48.277488708496094,3.7236886024475098,5,2,4,6,8,1,8,9,5,6,2,7,1,3,1,9,2,5,1,2,3,6,1,2,7,6,9,2,6,9,5
E_combined,1023,1,6.553806781768799,0.2163815051317215,2.1287390755157265,40.93605041503906,3.684532403945923,5,5,8,7,9,8,6,1,1,2,1,1,9,3,5,4,4,1,1,1,2,9,1,3,2,3,5,4,6,6,2
E_combined,1023,2,5.909984111785889,0.2022327333688736,2.137699664754268,43.887786865234375,3.6575472354888916,2,5,8,8,5,1,7,1,6,5,4,1,1,6,6,2,3,3,5,9,3,3,8,1,3,5,2,4,3,8,8
E_combined,137,3,4.448747158050537,0.18160882592201233,2.1491776562700053,49.30341339111328,3.458043336868286,6,2,4,5,6,3,3,2,5,6,9,3,1,3,9,9,4,8,5,3,8,8,5,2,7,6,7,5,9,6,8
E_combined,42,2,4.09416389465332,0.20055215060710907,2.141317285239322,43.162715911865234,3.360922336578369,2,5,7,9,9,6,9,5,1,9,1,3,1,5,5,6,1,1,3,1,1,4,9,7,4,3,8,7,8,9,1
E_combined,137,2,5.501789569854736,0.1405751258134842,2.146388150141223,51.25189208984375,3.1513960361480713,6,5,9,4,3,9,6,1,2,2,7,9,7,8,1,7,1,7,7,4,7,2,1,2,8,9,2,2,3,4,6
E_combined,271,2,4.202666759490967,0.1566450446844101,2.138633755489581,50.95867919921875,3.055971384048462,7,5,4,4,7,6,6,6,5,4,9,9,8,8,2,8,2,1,8,2,9,5,7,4,9,7,4,7,9,1,7
E_combined,271,1,2.7803261280059814,0.13150975108146667,2.1200689694132895,49.2276496887207,3.0028645992279053,2,5,4,1,7,7,4,8,4,9,9,3,6,3,1,8,7,3,7,7,1,7,4,2,2,2,6,8,2,4,8
E_combined,509,3,4.705264091491699,0.14644257724285126,2.1472694175664726,46.74392318725586,2.8786025047302246,2,6,2,8,7,3,4,9,5,7,1,1,5,1,3,3,9,5,1,8,3,9,6,4,8,6,7,6,3,5,7
E_combined,509,2,3.752706289291382,0.13231436908245087,2.142233676271073,53.39112854003906,2.815645217895508,7,2,6,3,7,6,6,2,2,8,8,8,9,1,2,3,8,2,9,8,4,1,5,7,7,5,7,7,9,3,5
E_combined,42,1,3.2211270332336426,0.12246231734752655,2.123388361255689,49.737060546875,2.7941250801086426,6,6,8,8,8,3,9,6,7,8,1,3,8,9,7,4,2,5,4,8,5,4,4,8,6,2,4,4,3,7,3
E_combined,137,2,4.098049640655518,0.1472540646791458,2.146388150141223,45.93269348144531,2.6646571159362793,3,5,2,5,2,8,5,5,8,4,5,7,1,4,5,4,8,3,8,7,5,9,9,3,4,2,4,5,2,1,6
E_combined,137,1,5.087688446044922,0.16699402034282684,2.12670043791616,45.57096862792969,2.646059274673462,3,5,6,6,1,3,9,7,2,5,1,7,5,3,3,6,3,1,3,2,9,5,7,9,8,3,2,8,1,4,5
E_combined,509,1,4.906843662261963,0.18178199231624603,2.147972241846705,45.29348373413086,2.6059210300445557,2,5,4,4,2,6,1,5,6,1,1,7,4,1,6,3,2,4,5,3,9,9,2,6,4,6,7,8,9,9,6
E_combined,137,1,4.4609375,0.15301336348056793,2.12670043791616,48.12732696533203,2.58620548248291,7,5,3,4,3,4,7,8,2,1,3,9,1,7,4,2,2,7,4,1,7,9,6,9,1,9,8,8,3,9,5
E_combined,271,2,4.960336685180664,0.16165469586849213,2.138633755489581,46.51325607299805,2.5737388134002686,5,3,1,7,6,4,8,3,5,5,8,9,3,1,2,5,9,3,2,9,2,1,8,3,5,2,9,2,6,6,3
E_combined,42,2,4.806756973266602,0.15791402757167816,2.141317285239322,46.61598587036133,2.555297374725342,1,6,6,8,6,1,4,7,5,7,5,1,8,3,1,5,7,4,6,4,8,7,7,1,5,7,2,3,9,8,9
E_combined,271,2,5.136527061462402,0.14519880712032318,2.138633755489581,49.74783706665039,2.5433449745178223,8,5,2,3,3,2,3,4,5,2,9,1,6,2,3,9,7,8,5,2,3,9,7,5,9,7,1,4,3,6,2
E_combined,271,2,4.611846446990967,0.14646272361278534,2.138633755489581,49.158687591552734,2.4972918033599854,7,5,6,6,3,6,7,1,6,8,4,1,3,8,3,2,9,8,5,2,2,4,8,5,5,2,2,8,5,7,1
E_combined,271,1,4.647540092468262,0.13579677045345306,2.1200689694132895,43.07373046875,2.490072011947632,6,1,2,3,4,1,3,1,5,6,6,9,1,3,6,6,4,6,5,6,4,8,2,3,8,2,1,6,5,2,3
E_combined,42,1,2.5109102725982666,0.11935292184352875,2.123388361255689,48.3498420715332,2.483534336090088,4,5,7,6,3,5,9,4,9,4,5,4,6,8,4,7,8,7,1,1,8,7,9,3,7,8,8,6,1,7,5
E_combined,42,1,3.6701581478118896,0.1282670944929123,2.123388361255689,44.99197769165039,2.4767403602600098,5,7,7,1,7,5,9,3,5,7,4,1,1,1,4,6,5,7,1,1,7,7,7,7,9,9,6,3,1,6,4
E_combined,42,1,2.6238012313842773,0.12648487091064453,2.123388361255689,45.561668395996094,2.4656643867492676,4,1,1,1,6,3,1,2,6,9,4,8,9,8,6,5,9,3,7,4,1,7,8,8,9,7,5,9,2,1,4
E_combined,509,2,3.8121273517608643,0.14384788274765015,2.142233676271073,48.44179916381836,2.451223850250244,2,5,4,1,6,1,8,2,8,8,7,4,7,7,2,4,7,4,9,3,5,7,1,5,2,8,9,3,1,8,4
E_combined,1023,2,5.02681303024292,0.15277357399463654,2.137699664754268,46.256797790527344,2.437220573425293,1,6,6,8,8,4,4,6,5,5,3,8,9,6,7,5,4,6,1,5,9,8,6,8,7,3,5,6,1,8,3
E_combined,1023,1,4.436979293823242,0.17948123812675476,2.1287390755157265,40.020503997802734,2.4204280376434326,1,1,2,4,3,6,3,5,5,1,8,7,9,3,8,7,5,4,7,5,3,4,1,1,8,1,5,3,5,6,2
E_combined,271,1,4.544973850250244,0.12042312324047089,2.1200689694132895,47.9974250793457,2.403006076812744,6,6,6,8,1,9,6,6,2,8,3,1,7,1,3,5,2,3,3,6,3,7,6,5,6,3,7,3,3,8,2
E_combined,271,2,4.9991655349731445,0.1642332375049591,2.138633755489581,44.76359939575195,2.40199875831604,5,1,9,6,8,3,8,9,5,2,2,4,1,4,1,9,8,1,5,3,5,8,9,3,5,4,3,7,1,5,5
E_combined,137,1,4.3036394119262695,0.14899012446403503,2.12670043791616,47.43259048461914,2.3752334117889404,9,1,5,8,3,9,9,3,5,6,8,2,6,9,8,8,9,1,3,1,3,8,7,1,7,4,6,1,2,2,7
E_combined,509,2,4.3183770179748535,0.13252666592597961,2.142233676271073,49.31648254394531,2.213005542755127,7,5,5,4,3,4,5,9,3,2,5,4,4,3,9,8,8,8,3,6,9,9,2,7,1,1,4,9,8,8,8
E_combined,271,2,3.375661849975586,0.1527969092130661,2.138633755489581,45.81604766845703,2.2110955715179443,5,5,4,3,7,2,5,9,3,9,8,8,1,2,5,7,3,1,7,4,1,8,3,3,1,9,5,8,3,7,4
E_combined,137,1,5.326552867889404,0.16304676234722137,2.12670043791616,43.19020462036133,2.2089195251464844,5,6,9,7,3,8,3,4,5,4,1,5,9,1,2,5,5,4,3,9,5,1,4,1,3,2,6,9,2,8,8
E_combined,137,1,4.632319927215576,0.13267920911312103,2.12670043791616,49.435272216796875,2.1726927757263184,2,5,7,7,1,1,7,5,8,7,6,3,6,9,7,8,2,1,3,8,1,2,4,3,2,4,7,4,6,7,5
E_combined,42,1,4.266124725341797,0.12224868685007095,2.123388361255689,44.267478942871094,2.1153922080993652,3,6,1,2,3,1,1,9,5,5,2,1,7,7,9,1,1,6,4,1,4,2,8,8,6,4,8,6,7,5,9
E_combined,137,2,4.770415782928467,0.1308160126209259,2.146388150141223,46.39718246459961,2.111114740371704,5,7,6,2,9,4,1,4,5,2,7,1,4,2,1,9,3,9,5,9,7,2,5,4,3,1,5,4,5,3,6
E_combined,1023,2,4.241442680358887,0.13491562008857727,2.137699664754268,47.5578727722168,2.0541024208068848,7,5,4,3,1,3,7,1,5,2,8,2,3,2,7,1,5,5,1,9,8,8,9,4,4,9,2,5,7,7,8
E_combined,137,1,5.333951950073242,0.14645437896251678,2.12670043791616,45.381263732910156,2.0237185955047607,1,5,2,6,7,3,4,1,6,1,7,8,1,1,8,9,5,3,7,7,5,5,3,9,2,8,3,7,2,3,4
E_combined,137,2,4.270179271697998,0.11871391534805298,2.146388150141223,49.04631042480469,2.0236096382141113,3,5,4,7,5,9,9,3,6,7,8,7,7,9,2,2,1,5,3,4,9,4,9,1,5,5,2,9,5,2,4
E_combined,271,2,4.570458889007568,0.15302422642707825,2.138633755489581,44.31253433227539,2.0043346881866455,2,5,9,1,8,4,6,4,5,1,5,2,7,7,1,8,6,5,9,3,4,4,7,1,9,1,2,6,3,6,3
E_combined,42,1,3.611379623413086,0.11339527368545532,2.123388361255689,46.09762954711914,1.938065767288208,9,5,6,6,1,2,2,9,1,6,3,6,2,9,3,9,6,4,7,5,1,6,5,5,8,6,4,4,2,5,3
E_combined,42,1,3.5143115520477295,0.09992711991071701,2.123388361255689,50.845821380615234,1.9085626602172852,2,2,9,2,7,8,6,1,8,6,3,6,2,6,8,5,9,4,8,7,1,8,9,3,7,2,1,2,4,1,1
E_combined,42,1,2.148646593093872,0.10957752913236618,2.123388361255689,47.222412109375,1.9026496410369873,4,1,4,4,8,3,4,8,2,6,3,9,2,6,5,9,9,7,1,4,8,6,8,7,3,2,3,6,4,1,7
E_combined,271,3,4.228114604949951,0.14350959658622742,2.152878280975525,45.13290023803711,1.8646658658981323,5,5,6,9,7,5,5,7,1,7,5,2,8,9,5,8,1,5,5,7,1,1,8,6,4,8,7,6,4,1,1
E_combined,1023,2,2.1584043502807617,0.10186140239238739,2.137699664754268,53.81640625,1.8416767120361328,6,7,8,7,8,7,8,9,8,9,8,7,8,8,7,4,8,3,6,7,1,9,3,1,7,7,6,3,3,3,5
E_combined,137,2,2.5241806507110596,0.11512644588947296,2.146388150141223,48.4907341003418,1.811678171157837,5,9,7,7,1,2,2,3,6,9,4,1,6,4,4,8,7,4,3,6,2,7,4,3,1,9,3,9,7,5,6
E_combined,42,1,3.8319928646087646,0.1164279505610466,2.123388361255689,43.49583053588867,1.7572340965270996,3,5,7,8,9,4,6,3,7,2,4,9,7,4,1,4,1,1,9,4,1,6,1,4,2,1,5,6,4,8,9
E_combined,271,1,2.176750659942627,0.10169284790754318,2.1200689694132895,49.19144058227539,1.7571877241134644,3,7,2,9,5,2,7,5,7,8,8,1,3,1,8,8,8,4,1,6,6,9,2,1,5,1,5,3,7,7,3
E_combined,42,2,3.9478726387023926,0.12062645703554153,2.141317285239322,48.87198257446289,1.7457926273345947,7,5,7,5,7,5,7,5,9,8,3,7,1,9,3,5,1,8,9,4,2,8,3,9,3,6,1,9,6,9,3
E_combined,271,2,4.35865592956543,0.12478002160787582,2.138633755489581,48.37236404418945,1.740295171737671,8,5,3,2,4,1,1,6,2,7,4,7,2,1,8,5,2,4,1,6,2,9,7,9,9,6,2,5,1,5,2
E_combined,1023,2,4.0483551025390625,0.12721794843673706,2.137699664754268,46.95785140991211,1.7392041683197021,9,6,8,5,4,9,6,5,6,5,2,2,9,1,9,1,4,7,2,5,5,7,4,3,7,3,9,1,6,2,3
E_combined,137,1,3.969865322113037,0.14709195494651794,2.12670043791616,43.10552978515625,1.73398756980896,5,4,8,1,1,4,2,2,5,5,9,1,9,1,6,5,5,3,9,5,2,9,5,2,6,4,3,9,5,5,1
E_combined,509,2,5.168397426605225,0.14052140712738037,2.142233676271073,44.2702751159668,1.7187280654907227,9,5,5,3,9,4,6,9,5,5,3,5,8,4,1,5,3,5,8,8,8,1,7,3,8,8,1,9,3,1,8
E_combined,271,2,3.8326199054718018,0.11244150251150131,2.138633755489581,50.75919723510742,1.7120476961135864,6,6,6,2,7,7,4,9,2,8,2,6,3,2,6,9,5,9,6,4,4,4,2,1,5,5,4,7,9,6,1
E_combined,137,1,5.219489097595215,0.1494169682264328,2.12670043791616,42.426292419433594,1.709521770477295,4,5,8,5,1,5,1,7,5,6,3,7,4,4,7,6,3,4,6,3,6,1,2,5,9,1,2,3,5,5,5
E_combined,1023,2,3.1379151344299316,0.11741574108600616,2.137699664754268,48.986881256103516,1.6985357999801636,3,2,4,6,8,1,8,3,6,3,3,9,3,7,4,8,1,9,9,3,9,9,4,7,3,2,7,4,2,2,6
E_combined,509,2,4.417578220367432,0.10433357954025269,2.142233676271073,51.90882110595703,1.6817253828048706,2,2,4,5,7,5,2,8,6,5,7,6,9,9,1,3,2,9,8,4,8,9,7,4,9,8,6,1,7,7,3
E_combined,1023,1,3.2801501750946045,0.1268448829650879,2.1287390755157265,45.89515686035156,1.6809803247451782,7,6,2,8,2,2,1,5,2,8,1,9,5,5,6,3,4,7,2,4,2,8,4,8,1,1,3,3,1,1,3
E_combined,509,1,3.2791996002197266,0.11925058811903,2.147972241846705,50.55860137939453,1.6736359596252441,1,5,1,4,8,3,2,8,8,8,7,8,1,5,1,7,1,9,9,9,6,5,8,8,7,7,8,7,9,7,7
E_combined,509,2,4.57569694519043,0.14248420298099518,2.142233676271073,43.38936996459961,1.650932788848877,1,5,5,9,4,7,7,2,1,1,2,5,8,3,4,2,9,7,1,3,6,2,3,7,3,4,4,1,4,7,9
E_combined,271,2,3.8042688369750977,0.11107277125120163,2.138633755489581,50.420982360839844,1.6232786178588867,2,2,7,8,8,1,2,4,6,5,7,2,6,5,6,1,6,9,5,8,5,2,5,5,6,5,9,9,1,2,7
E_combined,137,2,4.108895301818848,0.10983527451753616,2.146388150141223,48.542152404785156,1.61989426612854,2,8,7,5,2,3,2,5,2,6,2,9,6,4,7,6,3,1,9,5,7,4,4,3,2,6,1,1,9,8,5
E_combined,42,1,2.819871187210083,0.08906308561563492,2.123388361255689,52.02351760864258,1.560314655303955,2,8,7,9,8,2,4,8,3,5,2,7,3,2,8,8,3,1,8,2,5,7,3,3,1,3,6,2,9,6,2
E_combined,271,2,3.1089019775390625,0.1395907700061798,2.138633755489581,43.99833679199219,1.5599040985107422,5,1,6,6,1,8,5,1,9,1,9,4,9,8,8,1,4,4,9,8,2,8,7,3,8,1,2,6,1,3,3
E_combined,271,1,3.540836811065674,0.1185820996761322,2.1200689694132895,41.14876174926758,1.5569896697998047,1,5,4,3,5,4,1,9,1,9,7,7,8,9,5,4,1,8,4,6,1,6,1,6,4,2,1,4,7,3,6
E_combined,509,2,2.985764503479004,0.108443982899189,2.142233676271073,49.89902114868164,1.5150609016418457,6,5,4,4,3,5,9,8,3,9,3,7,9,7,7,6,6,2,8,5,2,2,3,9,2,6,2,1,1,7,7
E_combined,271,1,4.218539714813232,0.12335257977247238,2.1200689694132895,38.95459747314453,1.5091533660888672,3,5,5,6,4,1,1,6,2,6,1,5,6,5,7,6,1,1,2,1,4,1,5,8,3,7,2,1,3,1,4
E_combined,271,1,2.412316083908081,0.10308635979890823,2.1200689694132895,46.18515396118164,1.4774998426437378,1,1,4,8,8,8,5,5,1,8,3,7,3,5,6,1,9,9,9,2,6,3,4,8,9,5,8,9,9,6,7
E_combined,137,2,3.4787795543670654,0.09514007717370987,2.146388150141223,51.313682556152344,1.4518826007843018,4,8,6,2,6,3,9,2,9,2,2,9,9,9,2,2,1,1,8,1,5,9,4,9,7,8,7,1,1,8,3
E_combined,137,3,3.9657676219940186,0.11686365306377411,2.1491776562700053,48.422847747802734,1.4385725259780884,8,5,2,2,6,8,4,4,2,9,8,1,1,5,2,4,3,2,7,5,3,3,2,4,9,8,1,7,7,5,4
E_combined,1023,2,2.9610185623168945,0.12411518394947052,2.137699664754268,45.283592224121094,1.4274886846542358,7,2,9,1,1,3,2,5,8,7,3,9,7,8,4,5,4,7,1,3,4,8,4,4,5,3,5,1,5,3,2
E_combined,271,1,2.3606510162353516,0.10092085599899292,2.1200689694132895,46.50433349609375,1.4231812953948975,4,3,4,2,4,9,8,4,2,3,6,4,1,4,8,9,3,7,4,4,9,4,6,3,3,6,7,7,7,7,1
E_combined,1023,1,3.43624210357666,0.10881625860929489,2.1287390755157265,47.86181640625,1.4209719896316528,5,8,2,9,2,3,1,1,6,2,2,3,2,8,5,4,2,4,5,7,4,3,2,1,4,8,5,3,4,7,1
E_combined,271,2,2.566296339035034,0.0836237370967865,2.138633755489581,54.548667907714844,1.392541766166687,5,8,7,2,7,4,8,5,4,2,1,8,8,2,5,8,7,7,8,3,6,6,7,8,7,7,2,9,7,1,2
E_combined,137,1,4.3462748527526855,0.11408741772174835,2.12670043791616,47.60541534423828,1.3847728967666626,9,2,7,3,8,1,3,6,5,8,1,3,1,4,7,1,7,1,8,9,4,6,9,9,1,9,6,8,6,9,5
E_combined,1023,1,3.583848237991333,0.10004083067178726,2.1287390755157265,49.26237106323242,1.3600807189941406,9,6,4,8,6,9,8,5,6,7,6,3,7,9,5,2,3,4,4,8,7,1,2,3,1,3,8,6,5,6,3
E_combined,42,3,3.7270662784576416,0.11943018436431885,2.1390302635250036,44.73096466064453,1.3330272436141968,7,6,1,4,9,7,4,6,5,6,8,5,8,4,7,5,5,4,6,2,6,5,7,1,3,6,4,2,1,4,4
E_combined,271,1,3.541005849838257,0.10652144998311996,2.1200689694132895,43.55904769897461,1.3255336284637451,7,2,5,6,3,1,6,2,8,1,6,8,3,1,5,4,3,5,3,2,1,1,4,5,2,9,4,8,7,6,4
E_combined,42,2,2.721785545349121,0.09808561205863953,2.141317285239322,50.724369049072266,1.323577642440796,1,9,3,8,8,2,9,9,7,5,6,1,9,2,6,8,9,8,7,8,5,1,9,4,8,3,5,4,9,2,5
E_combined,137,2,4.284082412719727,0.10701518505811691,2.146388150141223,47.08720397949219,1.3120598793029785,3,2,7,9,5,3,3,7,5,2,5,4,1,3,9,2,1,9,2,2,7,3,1,6,4,4,6,7,2,1,4
E_combined,271,2,3.1270508766174316,0.14102138578891754,2.138633755489581,41.952049255371094,1.3118724822998047,1,6,4,1,7,4,6,5,9,5,3,1,7,7,5,8,1,3,7,7,3,3,1,7,8,6,6,1,1,1,2
E_combined,271,1,3.2410354614257812,0.10029863566160202,2.1200689694132895,45.694244384765625,1.3062688112258911,3,5,9,7,8,8,6,2,1,3,7,3,7,1,4,7,3,6,6,6,5,6,8,9,1,1,5,4,8,6,1
E_combined,271,1,2.782763719558716,0.10200680047273636,2.1200689694132895,45.04381561279297,1.30433189868927,1,5,1,4,7,2,5,4,9,9,8,4,3,4,3,9,1,6,2,9,1,3,3,1,1,7,8,9,8,9,7
E_combined,509,1,4.083006381988525,0.13696205615997314,2.147972241846705,44.361881256103516,1.296614646911621,1,5,9,2,7,1,2,1,5,5,1,5,2,8,1,8,2,5,2,5,9,1,2,5,8,1,7,1,6,7,3
E_combined,1023,1,4.897188186645508,0.1397920697927475,2.1287390755157265,40.56926727294922,1.2879559993743896,1,5,5,1,2,3,3,4,1,3,3,7,4,2,5,6,7,8,7,8,3,5,8,1,3,8,2,1,1,1,1
E_combined,137,1,2.5898513793945312,0.1003585085272789,2.12670043791616,49.693260192871094,1.2687710523605347,6,7,8,7,1,7,7,1,7,6,4,3,9,2,2,4,4,8,4,3,8,6,4,2,3,1,7,4,7,8,7
E_combined,1023,2,4.536768436431885,0.12686383724212646,2.137699664754268,43.36195373535156,1.2643911838531494,2,5,6,7,5,3,1,5,1,9,1,7,9,2,5,3,7,7,5,1,1,4,6,4,8,1,2,3,6,6,4
E_combined,42,2,4.510952472686768,0.14612822234630585,2.141317285239322,39.75631332397461,1.2588218450546265,5,6,1,3,5,6,9,5,3,5,1,1,3,1,1,1,3,8,3,8,9,8,2,4,4,5,1,2,5,6,3
E_combined,137,2,3.5385141372680664,0.08954032510519028,2.146388150141223,51.35143280029297,1.2466020584106445,1,6,8,2,6,1,1,4,2,7,6,2,7,1,9,2,9,3,2,1,8,4,8,9,3,2,7,7,9,7,3
E_combined,1023,2,3.1456100940704346,0.11283199489116669,2.137699664754268,46.279014587402344,1.2077879905700684,8,6,7,8,2,1,3,4,2,9,4,8,3,1,4,3,3,3,1,5,5,8,9,4,1,8,4,8,5,5,9
E_combined,137,3,5.203676700592041,0.12400984019041061,2.1491776562700053,44.50083541870117,1.1789119243621826,6,2,2,6,6,3,3,8,6,3,9,1,7,4,1,1,4,8,7,1,5,9,1,2,1,5,7,1,8,3,8
E_combined,42,1,2.3493661880493164,0.09123387932777405,2.123388361255689,48.06424331665039,1.1743769645690918,1,7,7,6,4,2,7,6,8,2,4,4,7,6,3,3,1,3,4,1,4,7,8,4,1,7,6,2,7,9,5
E_combined,1023,1,3.477325439453125,0.107645682990551,2.1287390755157265,46.436038970947266,1.1739603281021118,6,5,3,4,7,7,3,6,4,7,3,4,9,9,1,7,4,4,9,6,5,8,6,2,1,3,4,3,8,6,8
E_combined,271,1,3.930943012237549,0.08532753586769104,2.1200689694132895,50.00568389892578,1.167186975479126,5,1,3,2,8,1,9,7,2,7,1,8,7,4,5,6,8,8,9,4,9,2,7,2,4,1,2,6,5,8,6
E_combined,271,2,4.232793807983398,0.11688869446516037,2.138633755489581,45.766998291015625,1.135422945022583,1,1,2,4,8,8,2,1,5,6,1,8,4,6,9,8,6,8,2,9,8,4,8,5,6,1,9,4,4,5,6
E_combined,509,1,3.687058687210083,0.1332377791404724,2.147972241846705,43.82388687133789,1.1250673532485962,1,7,4,4,2,4,1,5,6,5,8,6,8,3,5,2,7,8,4,9,3,1,1,5,6,5,1,4,9,8,9
E_combined,509,1,4.596574783325195,0.09997867047786713,2.147972241846705,50.186309814453125,1.1145068407058716,3,6,2,2,6,8,8,1,5,7,9,4,7,9,7,8,5,8,8,1,4,9,6,9,6,5,1,3,2,3,6
E_combined,1023,2,4.177743434906006,0.11150119453668594,2.137699664754268,45.85641098022461,1.1122114658355713,5,6,9,5,2,4,7,1,8,6,6,4,4,2,8,6,4,4,1,7,7,1,9,8,4,2,6,5,1,1,4
E_combined,1023,1,3.428020715713501,0.10069833695888519,2.1287390755157265,47.39628982543945,1.1037487983703613,9,1,4,9,8,3,9,3,5,5,4,1,9,9,2,5,2,4,6,7,2,9,6,2,7,8,5,8,1,3,3
E_combined,271,1,2.5989956855773926,0.10114039480686188,2.1200689694132895,43.559654235839844,1.1015284061431885,5,1,1,8,2,7,1,8,9,7,8,4,4,6,6,1,1,8,4,5,6,6,9,3,4,9,1,3,9,7,1
E_combined,1023,2,3.24222469329834,0.11865818500518799,2.137699664754268,43.91141128540039,1.0821086168289185,8,1,6,5,1,7,5,6,2,5,5,1,1,3,6,3,7,5,8,8,6,6,5,5,2,2,5,2,3,1,2
E_combined,271,2,4.207467555999756,0.1279372125864029,2.138633755489581,43.03703689575195,1.0765469074249268,2,5,5,4,5,4,4,5,3,4,1,9,8,5,1,7,7,6,9,3,8,7,1,3,4,6,6,1,7,8,4
E_combined,42,1,2.4351043701171875,0.09516379982233047,2.123388361255689,45.61581039428711,1.052964210510254,4,1,3,9,8,6,3,6,2,6,3,9,6,4,6,4,1,2,3,2,6,7,4,9,8,1,4,9,3,3,9
E_combined,137,1,3.069582462310791,0.09601546823978424,2.12670043791616,48.94165802001953,1.040806770324707,3,5,7,4,1,4,8,2,8,3,3,8,1,1,8,9,2,9,6,8,5,2,8,9,9,4,6,4,5,9,6
E_combined,137,2,2.555086851119995,0.09301801025867462,2.146388150141223,48.8901252746582,1.0359338521957397,2,3,1,3,9,9,7,7,2,9,9,9,3,8,9,1,1,7,8,4,5,9,3,3,1,2,7,9,1,9,3
E_combined,1023,1,3.5182101726531982,0.11178242415189743,2.1287390755157265,44.59492874145508,1.027728796005249,8,5,1,2,4,7,3,8,7,9,4,9,3,7,6,5,3,4,2,3,9,1,1,1,2,1,7,6,1,7,3
E_combined,271,2,3.811185836791992,0.12484225630760193,2.138633755489581,43.30772018432617,1.0228761434555054,5,3,6,7,3,6,6,1,2,5,4,2,9,2,5,5,3,1,8,6,5,7,1,6,5,7,5,4,1,4,3
E_combined,271,1,3.932598352432251,0.10410155355930328,2.1200689694132895,41.723873138427734,1.0186094045639038,1,2,6,2,4,4,6,6,6,1,7,5,5,1,9,5,9,6,7,1,5,3,1,3,4,1,7,5,2,1,4
E_combined,42,1,4.296564102172852,0.09587155282497406,2.123388361255689,45.05723571777344,1.0167101621627808,3,5,5,6,8,3,8,6,1,3,1,1,3,2,8,9,5,7,9,4,5,6,9,7,1,6,2,2,5,6,1
E_combined,42,2,3.73793888092041,0.11729072779417038,2.141317285239322,44.291324615478516,1.016190767288208,5,1,4,5,1,1,4,6,6,2,1,2,8,9,5,8,1,7,6,5,7,4,8,2,1,3,2,2,1,5,7
E_combined,1023,2,3.709850788116455,0.11854656785726547,2.137699664754268,43.379310607910156,1.010021448135376,5,3,6,7,3,3,1,3,5,3,4,6,4,9,6,8,4,2,1,9,2,1,2,4,2,2,1,1,6,6,2
E_combined,42,1,3.5149173736572266,0.11036693304777145,2.123388361255689,39.624549865722656,1.009033203125,8,5,1,8,4,1,9,2,1,3,3,4,6,3,5,1,4,9,7,7,3,4,8,8,8,4,1,1,1,3,1
E_combined,509,1,2.596315383911133,0.09918040782213211,2.147972241846705,49.53980255126953,1.0053657293319702,7,7,7,9,4,5,8,9,5,9,9,3,3,9,8,1,4,1,2,4,1,6,7,4,9,3,7,7,1,9,6
E_combined,509,1,2.2060751914978027,0.1194155365228653,2.147972241846705,45.55320739746094,0.9960354566574097,1,4,9,8,6,8,6,2,5,7,3,4,2,2,2,1,3,1,9,1,1,1,8,1,6,2,2,2,6,6,7
E_combined,1023,1,2.760418653488159,0.09571659564971924,2.1287390755157265,47.672325134277344,0.9922899007797241,3,4,5,9,9,8,8,7,7,6,5,7,3,6,4,1,4,9,5,8,1,9,4,2,6,4,9,7,1,7,8
E_combined,509,1,3.1972341537475586,0.10987146198749542,2.147972241846705,47.352046966552734,0.9893360137939453,4,6,7,9,5,6,4,4,5,6,3,6,7,4,4,4,7,6,9,4,9,6,6,4,2,3,5,7,2,5,5
E_combined,1023,1,3.2290198802948,0.07295441627502441,2.1287390755157265,52.33280563354492,0.9865812063217163,7,6,2,9,5,7,6,3,7,9,2,7,6,4,3,2,8,4,8,3,3,1,4,8,2,2,3,8,6,2,8
E_combined,271,1,2.8029842376708984,0.09062226116657257,2.1200689694132895,46.36833953857422,0.979059100151062,5,5,1,2,1,9,7,6,7,3,4,3,6,1,9,3,5,2,5,6,8,6,6,5,2,3,2,6,7,9,5
E_combined,42,1,3.442225933074951,0.09248204529285431,2.123388361255689,45.9129753112793,0.9677897691726685,7,6,4,3,5,7,8,8,5,8,5,7,6,4,6,7,4,8,4,6,8,1,2,6,1,3,7,1,5,1,1
E_combined,1023,2,3.6106760501861572,0.08011044561862946,2.137699664754268,52.1948127746582,0.9614114761352539,5,8,5,7,9,8,9,3,7,5,2,6,9,9,8,3,3,3,2,9,1,9,9,3,9,4,8,6,9,3,7
E_combined,271,1,2.0313363075256348,0.07759638130664825,2.1200689694132895,51.00938034057617,0.9580047130584717,8,9,8,6,4,4,9,7,6,8,6,8,6,5,2,7,8,3,1,6,7,4,3,8,2,1,1,6,8,4,9
E_combined,1023,2,3.3961081504821777,0.1084892675280571,2.137699664754268,45.17311477661133,0.9311375617980957,8,1,4,4,1,1,5,2,5,3,6,7,9,8,5,6,2,4,3,9,9,2,9,1,6,5,1,5,8,2,2
E_combined,1023,1,3.411609172821045,0.09564843028783798,2.1287390755157265,47.22098922729492,0.9233447909355164,9,1,5,3,2,3,6,2,5,9,8,1,8,6,8,3,8,2,3,7,7,3,7,2,3,4,1,4,3,5,8
E_combined,137,2,2.141568899154663,0.07877540588378906,2.146388150141223,51.89017868041992,0.9166353940963745,1,9,7,7,6,2,5,4,6,9,7,8,6,2,7,9,8,8,5,1,9,5,9,8,5,9,1,4,2,5,5
E_combined,1023,1,3.1209278106689453,0.09480416029691696,2.1287390755157265,47.19662094116211,0.8939156532287598,6,6,5,2,8,9,2,3,9,9,4,7,1,7,1,5,1,7,7,5,1,8,8,5,4,3,1,9,7,7,1
E_combined,509,1,3.6404788494110107,0.12350434809923172,2.147972241846705,43.99262237548828,0.8912817239761353,4,1,5,1,1,9,7,8,5,6,5,8,7,5,8,9,3,8,3,5,4,1,5,8,1,5,8,6,9,9,4
E_combined,42,2,3.385861873626709,0.10086829960346222,2.141317285239322,46.89818572998047,0.8813496232032776,9,5,7,1,1,5,3,5,4,2,7,9,9,2,4,4,9,5,9,8,3,5,4,4,9,2,8,3,7,1,5
E_combined,42,1,3.377687931060791,0.1098470538854599,2.123388361255689,38.70263671875,0.8727040886878967,5,4,5,6,1,4,1,1,1,5,1,8,7,1,5,1,1,9,5,1,8,9,5,6,7,7,4,9,6,2,1
E_combined,137,1,3.0461926460266113,0.09161800146102905,2.12670043791616,48.589508056640625,0.8653677701950073,7,1,3,8,2,5,9,5,5,9,6,6,2,7,5,6,9,3,7,5,3,6,9,9,3,6,3,4,2,8,1
E_combined,42,2,3.2672410011291504,0.10065622627735138,2.141317285239322,46.5512809753418,0.8273125290870667,2,2,4,5,4,3,4,3,2,4,5,5,1,6,1,2,7,9,9,5,4,8,7,9,5,5,1,2,6,9,4
E_combined,509,3,2.6670889854431152,0.09589452296495438,2.1472694175664726,46.2791633605957,0.8255584836006165,7,2,4,6,1,1,3,4,6,4,1,8,3,2,9,9,8,3,3,7,5,6,1,8,3,9,5,8,2,1,2
E_combined,1023,1,2.8325605392456055,0.08859896659851074,2.1287390755157265,47.991851806640625,0.8219545483589172,1,5,8,9,6,8,9,1,9,3,9,1,6,4,9,2,6,2,7,6,8,6,4,9,5,6,1,3,2,1,9
E_combined,42,2,2.3091533184051514,0.0957452729344368,2.141317285239322,47.50164031982422,0.8104609251022339,9,3,1,1,7,7,7,5,6,9,7,3,9,9,6,6,9,7,1,9,6,7,4,1,3,3,5,7,4,3,4
E_combined,509,2,3.3630788326263428,0.09161554276943207,2.142233676271073,48.84661865234375,0.8090189695358276,8,3,6,6,7,3,8,9,2,5,9,5,2,4,7,5,7,8,8,5,7,1,4,6,4,4,9,3,5,3,8
E_combined,42,1,3.0888497829437256,0.07945824414491653,2.123388361255689,49.432071685791016,0.8080768585205078,7,7,7,9,8,9,5,2,5,2,1,3,3,7,3,1,9,5,2,2,1,8,2,9,3,7,1,5,3,3,9
E_combined,271,1,3.624868154525757,0.10185033082962036,2.1200689694132895,40.6087760925293,0.7996000051498413,5,1,1,4,4,9,6,4,2,1,3,2,5,3,5,9,3,9,3,6,3,1,4,2,3,5,3,6,7,6,3
E_combined,137,2,2.388031005859375,0.09180331230163574,2.146388150141223,47.50128173828125,0.7976217865943909,8,7,2,4,9,3,5,6,9,1,6,4,3,2,9,2,4,2,4,1,5,9,3,8,6,1,2,5,8,1,6
E_combined,42,1,2.655695915222168,0.09301048517227173,2.123388361255689,44.313289642333984,0.7960588335990906,4,6,1,8,3,9,3,6,3,8,5,8,7,7,3,1,9,9,1,2,1,1,3,8,1,8,9,1,5,5,2
E_combined,1023,1,3.0203354358673096,0.1208595559000969,2.1287390755157265,41.11766052246094,0.7902044057846069,6,1,1,3,8,7,1,3,2,9,3,3,8,3,5,1,7,3,3,6,5,5,1,9,8,1,5,4,4,7,5
E_combined,42,1,2.20865535736084,0.09893113374710083,2.123388361255689,42.008548736572266,0.782433271408081,3,6,1,8,4,1,4,8,1,9,3,4,6,4,7,8,7,2,6,4,6,3,1,3,3,7,1,1,6,5,9
E_combined,137,2,2.3159232139587402,0.08920889347791672,2.146388150141223,48.08109664916992,0.7805135250091553,6,4,2,6,7,8,3,8,4,9,8,4,8,9,9,5,8,3,1,7,4,2,1,4,7,4,7,8,3,4,1
E_combined,42,1,3.5013670921325684,0.09517234563827515,2.123388361255689,43.2942008972168,0.7693668007850647,8,5,3,8,8,2,6,3,6,7,1,5,3,5,1,7,5,3,7,1,6,5,1,2,1,7,6,1,1,8,2
E_combined,509,2,4.020900249481201,0.11342467367649078,2.142233676271073,43.810909271240234,0.7666587829589844,5,5,1,8,8,3,8,7,3,9,6,1,4,6,1,1,3,6,8,5,2,2,1,4,1,4,9,2,2,6,3
E_combined,137,3,2.969196081161499,0.09297970682382584,2.1491776562700053,48.64729309082031,0.7595549821853638,7,1,9,6,2,1,6,2,8,5,8,9,1,6,7,3,9,3,1,9,2,4,9,8,1,9,8,3,2,6,5
E_combined,137,2,2.1425766944885254,0.09116923809051514,2.146388150141223,47.375667572021484,0.7563605308532715,6,9,4,9,2,5,6,2,7,3,4,7,1,3,8,3,9,1,7,9,1,1,2,2,9,4,6,4,1,2,7
E_combined,1023,1,2.594966173171997,0.10127700865268707,2.1287390755157265,44.899383544921875,0.7515562176704407,1,6,2,3,1,2,1,7,8,7,4,1,5,1,1,3,2,9,3,1,6,9,4,3,4,3,8,8,2,6,9
E_combined,42,2,2.990046977996826,0.12661166489124298,2.141317285239322,40.27027130126953,0.7434872984886169,6,1,1,9,1,5,4,5,6,3,9,3,6,1,5,2,1,3,1,1,8,6,9,8,5,5,9,5,4,5,3
E_combined,137,2,3.009279251098633,0.08004023134708405,2.146388150141223,50.27499008178711,0.7401422262191772,8,7,6,9,7,3,6,5,4,5,4,3,8,4,1,9,1,9,8,9,5,2,8,9,1,2,7,2,2,9,4
E_combined,1023,1,2.2615256309509277,0.08098079264163971,2.1287390755157265,48.99050521850586,0.7369167804718018,4,4,6,4,4,7,5,6,3,5,2,9,7,3,7,9,8,7,5,5,8,8,2,9,3,6,1,8,8,1,7
E_combined,1023,2,2.997408390045166,0.09521359205245972,2.137699664754268,46.84251403808594,0.7369097471237183,5,6,3,9,1,2,9,8,7,4,8,9,3,8,1,6,9,6,5,3,5,1,2,3,4,1,9,3,6,2,3
E_combined,1023,1,2.426161766052246,0.09295773506164551,2.1287390755157265,46.499412536621094,0.734164834022522,2,2,4,5,8,1,4,6,9,1,4,2,9,7,1,8,3,5,7,8,9,4,4,4,9,3,1,2,6,6,6
E_combined,509,2,2.5054497718811035,0.09665030986070633,2.142233676271073,47.21520233154297,0.7290942668914795,5,8,8,4,1,5,4,8,2,3,3,2,7,7,5,8,3,1,7,7,5,3,7,8,5,4,2,1,3,5,5
E_combined,137,1,1.9971792697906494,0.08186440169811249,2.12670043791616,49.648746490478516,0.7255162000656128,7,2,3,3,9,3,1,7,9,9,8,4,8,9,5,8,1,1,9,5,4,9,8,5,3,6,5,4,9,2,2
E_combined,1023,3,2.5520169734954834,0.09494808316230774,2.14687856709956,47.220062255859375,0.7219721674919128,8,1,1,9,7,1,4,9,6,9,7,7,3,7,1,5,1,8,8,4,8,2,4,5,2,4,8,7,4,2,5
E_combined,1023,2,2.9311611652374268,0.09152430295944214,2.137699664754268,47.59695816040039,0.7204127311706543,1,3,2,2,2,2,5,5,6,9,2,4,1,7,1,1,7,7,6,4,2,2,1,9,1,2,2,7,6,6,5
E_combined,1023,3,3.5068533420562744,0.08521300554275513,2.14687856709956,49.70905685424805,0.7189761400222778,7,2,5,5,2,6,6,8,6,3,1,7,8,9,1,9,5,1,2,8,5,7,6,2,2,4,8,4,7,5,7
E_combined,42,2,3.421175479888916,0.09467262029647827,2.141317285239322,47.01102066040039,0.7108373641967773,7,2,9,1,6,7,3,1,6,6,9,7,9,5,4,9,8,1,5,3,9,6,5,9,3,5,4,1,2,5,1
E_combined,137,1,3.0039098262786865,0.10718446969985962,2.12670043791616,44.083744049072266,0.7072370052337646,7,6,3,1,6,3,5,7,3,1,8,8,8,4,5,5,4,1,1,8,3,9,3,4,7,4,2,7,6,9,5
E_combined,1023,2,2.614072322845459,0.10326812416315079,2.137699664754268,44.661502838134766,0.704051673412323,6,5,1,9,6,3,6,7,9,4,8,4,2,8,9,1,4,4,1,6,3,5,4,2,7,2,5,2,5,4,1
E_combined,137,1,4.030423641204834,0.09893923252820969,2.12670043791616,45.80990982055664,0.7015373706817627,2,6,7,1,1,6,1,5,7,1,2,9,1,8,7,5,7,1,8,8,9,7,1,4,4,6,9,2,4,3,5
E_combined,509,2,2.975316047668457,0.08841177821159363,2.142233676271073,48.79064178466797,0.6962027549743652,2,2,8,7,9,1,7,1,5,4,5,9,6,1,7,4,5,5,8,2,7,9,5,1,9,7,4,6,7,9,8
E_combined,271,2,2.082111120223999,0.09102444350719452,2.138633755489581,48.08770751953125,0.6952293515205383,7,8,6,1,3,9,5,5,8,3,9,3,7,7,4,8,4,7,1,4,7,4,1,2,7,4,2,2,9,6,1
E_combined,509,2,2.9927687644958496,0.09895127266645432,2.142233676271073,46.474674224853516,0.6933233737945557,6,3,9,8,7,3,4,9,5,1,7,9,1,3,2,6,5,7,2,9,7,1,3,1,4,8,6,7,5,4,9
E_combined,271,1,3.811887502670288,0.0847708135843277,2.1200689694132895,45.96307373046875,0.6898722052574158,1,9,5,4,1,5,9,6,5,5,3,2,7,1,2,4,3,9,5,8,4,8,4,5,6,5,2,9,2,7,7
E_combined,271,2,2.6968812942504883,0.0892271026968956,2.138633755489581,48.414947509765625,0.6882106065750122,5,1,8,1,9,2,9,1,1,6,5,7,8,5,9,4,8,7,7,9,8,3,9,5,2,8,2,2,5,4,2
E_combined,509,2,1.9785165786743164,0.07504066079854965,2.142233676271073,51.59514236450195,0.6798553466796875,2,4,7,3,1,8,6,8,8,7,1,9,7,8,3,3,7,8,3,2,6,8,3,1,8,7,7,7,6,6,2
E_combined,1023,1,4.249289512634277,0.1082991436123848,2.1287390755157265,42.89436340332031,0.6692837476730347,4,5,8,8,1,1,5,6,6,1,4,7,3,5,9,4,3,7,2,9,8,3,3,4,3,5,6,3,1,6,6
E_combined,271,1,2.1862285137176514,0.08541525900363922,2.1200689694132895,45.50058364868164,0.6647531986236572,8,8,1,8,2,1,3,3,6,7,4,1,1,2,5,1,7,8,3,5,7,7,3,1,7,3,1,8,7,7,3
E_combined,42,1,3.042799949645996,0.08075258880853653,2.123388361255689,47.716468811035156,0.6568738222122192,4,2,9,5,1,2,6,4,5,8,6,9,7,6,2,4,4,5,5,7,4,5,4,8,4,7,5,4,7,9,8
E_combined,137,2,2.479158878326416,0.07424403727054596,2.146388150141223,51.192832946777344,0.6495543122291565,2,1,4,2,7,8,2,3,2,9,6,6,1,9,1,3,2,2,2,6,7,6,4,9,7,8,9,9,7,1,9
E_combined,42,2,2.320108413696289,0.08528473973274231,2.141317285239322,48.59428024291992,0.6465415954589844,3,2,2,4,3,6,9,1,3,7,3,2,2,5,1,1,7,3,8,4,1,2,8,2,3,3,9,9,6,2,2
E_combined,42,1,2.043294906616211,0.07110653817653656,2.123388361255689,51.18642044067383,0.6442131996154785,9,7,3,8,2,7,7,6,7,8,5,9,1,3,7,3,4,7,5,2,2,3,3,1,7,3,8,9,3,9,2
E_combined,509,1,2.2004663944244385,0.07401010394096375,2.147972241846705,51.71223831176758,0.6373354196548462,9,9,4,4,8,1,8,9,9,5,7,3,1,8,9,2,8,6,2,4,6,7,6,1,7,3,7,8,8,5,6
E_combined,1023,1,2.44638991355896,0.0991440936923027,2.1287390755157265,44.567630767822266,0.637182354927063,3,9,5,4,4,1,4,2,6,4,9,9,6,8,4,6,7,1,9,4,6,5,3,1,3,8,3,1,6,2,8
E_combined,1023,2,2.6310296058654785,0.07670823484659195,2.137699664754268,50.490760803222656,0.6366138458251953,5,7,8,4,5,9,9,2,2,3,9,6,1,6,7,6,4,9,8,7,6,9,6,3,6,7,7,1,1,9,4
E_combined,509,1,3.8500518798828125,0.10581701993942261,2.147972241846705,45.46098327636719,0.6247319579124451,9,1,5,7,4,2,3,6,5,1,8,8,4,7,2,1,3,2,3,7,9,8,2,8,3,3,1,7,1,4,9
E_combined,271,1,3.396427631378174,0.08106175065040588,2.1200689694132895,46.56588363647461,0.603140115737915,1,7,5,7,3,6,5,7,4,2,6,7,8,2,8,2,1,4,1,4,2,9,8,3,5,9,1,1,3,5,6
E_combined,1023,1,1.9579603672027588,0.07689002901315689,2.1287390755157265,48.87872314453125,0.59525465965271,4,7,1,7,6,1,6,8,7,7,8,4,5,7,5,6,8,1,5,6,9,8,8,6,9,5,4,3,1,9,5
E_combined,1023,2,3.6445703506469727,0.11330308765172958,2.137699664754268,41.25675964355469,0.5744276642799377,1,5,9,9,9,2,6,3,1,1,4,1,7,2,3,6,2,3,1,4,3,4,7,4,5,4,3,6,5,1,2
E_combined,137,1,3.151632308959961,0.08512331545352936,2.12670043791616,47.80329513549805,0.5702133774757385,2,9,2,1,7,4,3,7,6,1,5,6,6,8,1,6,9,8,8,4,5,6,1,9,1,9,2,9,5,8,3
E_combined,1023,1,2.7978289127349854,0.09048416465520859,2.1287390755157265,45.895931243896484,0.5691194534301758,8,8,3,1,4,3,2,7,5,1,6,7,8,9,1,2,9,8,5,3,4,6,8,7,3,1,5,6,4,3,1
E_combined,271,1,2.690568208694458,0.06711188703775406,2.1200689694132895,51.42091751098633,0.5676491260528564,5,1,7,9,2,5,5,7,3,2,2,2,4,2,6,6,8,6,2,6,7,1,2,8,3,2,4,2,5,9,7
E_combined,271,2,2.7729053497314453,0.0642407014966011,2.138633755489581,52.73878479003906,0.558624267578125,7,8,2,2,3,9,2,4,1,6,4,8,7,7,6,3,5,3,1,8,9,8,8,9,8,9,9,7,3,7,8
E_combined,137,1,2.8917770385742188,0.0872747004032135,2.12670043791616,47.230873107910156,0.555172324180603,1,7,3,4,7,8,8,9,5,6,9,5,1,4,7,3,4,6,6,8,1,5,4,9,4,7,7,8,5,9,8
E_combined,271,3,3.0910000801086426,0.07534997910261154,2.152878280975525,51.862770080566406,0.5508081316947937,7,8,5,3,5,2,5,2,8,2,2,1,8,9,9,6,5,5,3,8,8,7,4,2,7,5,4,9,5,9,4
E_combined,509,2,2.0992794036865234,0.09452736377716064,2.142233676271073,46.4219970703125,0.5412243008613586,8,5,9,4,4,2,3,2,9,7,1,7,3,3,9,7,3,1,5,5,3,1,1,7,7,2,7,2,8,1,4
E_combined,42,2,2.780215263366699,0.08038973063230515,2.141317285239322,48.82093048095703,0.5307202339172363,7,6,7,2,2,5,5,5,7,6,7,2,5,6,5,4,9,2,9,8,5,1,6,1,9,3,4,6,1,6,6
E_combined,42,1,2.6659607887268066,0.08231794089078903,2.123388361255689,45.919822692871094,0.5080382227897644,4,9,5,3,4,6,6,3,2,4,7,7,5,6,5,5,6,2,9,3,5,5,8,1,8,1,3,8,3,6,4
E_combined,137,2,2.942708730697632,0.06590714305639267,2.146388150141223,52.39942932128906,0.5035045146942139,9,8,2,5,7,3,2,2,7,6,3,1,4,8,2,8,6,7,2,4,9,6,3,5,5,2,7,4,7,9,3
E_combined,42,2,2.7377700805664062,0.09273944795131683,2.141317285239322,45.89745330810547,0.4997754991054535,8,6,8,4,1,6,9,9,2,4,8,4,5,9,5,2,1,4,5,9,7,1,8,1,1,6,5,3,5,9,6
E_combined,42,1,2.5084381103515625,0.0816027894616127,2.123388361255689,46.088592529296875,0.49627524614334106,2,7,7,4,3,7,2,1,2,8,6,6,7,1,4,7,9,4,2,9,5,3,1,1,5,5,3,1,5,5,3
E_combined,1023,1,2.7548744678497314,0.07692635804414749,2.1287390755157265,48.148681640625,0.48821794986724854,1,2,7,6,2,5,3,7,2,1,3,1,5,7,2,7,5,5,6,8,7,4,4,2,9,7,6,6,1,7,7
E_combined,1023,2,2.385566473007202,0.06610187888145447,2.137699664754268,51.857852935791016,0.4857423007488251,5,9,8,9,7,7,8,4,8,8,4,6,5,2,8,5,1,5,3,7,2,2,8,6,5,5,2,4,5,9,7
E_combined,42,2,2.603749990463257,0.06995320320129395,2.141317285239322,50.72562789916992,0.4791105389595032,8,7,9,6,5,5,9,1,5,7,1,7,8,4,8,2,9,1,1,4,7,7,5,7,5,8,2,9,8,8,3
E_combined,509,1,2.1885223388671875,0.08409057557582855,2.147972241846705,48.58892822265625,0.47773492336273193,2,2,4,7,2,1,9,9,3,1,8,1,8,7,1,3,8,4,6,7,2,4,5,7,8,4,9,7,4,2,3
E_combined,509,2,2.096219062805176,0.08461424708366394,2.142233676271073,48.04660415649414,0.46109700202941895,5,4,7,4,2,5,8,4,8,1,2,8,8,8,6,9,2,9,1,5,3,6,1,3,1,6,2,2,2,3,8
E_combined,509,2,2.3631627559661865,0.09030178189277649,2.142233676271073,46.77833557128906,0.45677873492240906,8,1,3,5,6,4,1,8,7,9,6,4,3,7,2,9,3,3,3,1,9,3,1,4,8,6,8,2,8,6,9
E_combined,509,2,3.7449347972869873,0.09807877987623215,2.142233676271073,45.03694152832031,0.44979774951934814,5,6,5,4,4,7,4,7,1,1,9,7,4,8,3,4,8,1,7,7,6,7,5,2,2,4,3,7,7,3,1
E_combined,509,1,3.2210869789123535,0.11055710911750793,2.147972241846705,43.23439407348633,0.4464207589626312,3,3,1,7,8,7,4,9,5,5,5,6,8,6,5,6,5,6,6,8,4,1,2,7,1,5,4,3,8,1,1
E_combined,1023,2,3.975214958190918,0.11055909097194672,2.137699664754268,40.90211486816406,0.44401758909225464,4,5,7,7,4,4,5,5,5,3,1,7,4,4,5,1,5,2,1,1,6,8,5,6,8,2,9,3,1,4,6
E_combined,1023,2,2.1667187213897705,0.07762259244918823,2.137699664754268,48.7715950012207,0.4430435299873352,7,3,9,9,8,1,9,5,7,3,7,8,7,1,1,5,5,9,3,5,7,4,8,4,5,7,6,3,2,8,7
E_combined,509,3,2.3323638439178467,0.0796348974108696,2.1472694175664726,48.08365249633789,0.4360445737838745,2,2,9,9,2,5,5,3,9,3,4,4,9,8,8,1,1,3,7,4,1,4,8,7,7,8,9,1,6,2,5
E_combined,271,2,3.493598699569702,0.12316516041755676,2.138633755489581,39.52592086791992,0.43587809801101685,3,5,5,4,5,6,4,5,1,4,4,9,1,1,6,9,9,8,5,5,4,5,4,4,3,5,1,6,8,8,3
E_combined,137,2,2.1096134185791016,0.09529151767492294,2.146388150141223,43.90949630737305,0.4305403530597687,4,1,1,3,3,7,6,1,3,2,1,1,9,8,3,7,9,6,2,8,5,4,7,9,6,1,8,7,3,1,4
E_combined,271,1,2.1836228370666504,0.09049050509929657,2.1200689694132895,41.49557876586914,0.42618435621261597,2,7,1,4,5,6,4,1,2,9,3,8,4,5,1,4,1,1,7,4,2,1,3,5,1,6,5,7,4,4,8
E_combined,1023,2,2.3421027660369873,0.08868511021137238,2.137699664754268,45.95906448364258,0.4215204119682312,9,1,4,6,5,5,7,5,2,7,4,9,9,9,1,6,4,7,9,5,1,9,4,9,5,7,3,5,9,4,4
E_combined,137,2,3.4309518337249756,0.07765006273984909,2.146388150141223,48.56144332885742,0.412600040435791,2,2,9,2,7,1,6,8,1,9,2,9,8,4,7,6,9,1,4,6,2,3,1,9,1,9,2,3,1,1,9
E_combined,42,2,2.9195163249969482,0.0947953537106514,2.141317285239322,44.80228805541992,0.41100937128067017,7,4,7,1,7,8,2,5,5,1,6,3,8,6,5,7,6,2,1,2,8,3,3,4,4,4,5,3,3,7,6
E_combined,137,2,2.7161731719970703,0.06596516072750092,2.146388150141223,51.58319854736328,0.39246609807014465,1,2,2,6,8,7,8,4,3,7,2,5,4,3,9,1,7,3,9,8,9,5,5,7,7,7,2,9,5,8,8
E_combined,271,1,3.9438860416412354,0.09046012908220291,2.1200689694132895,41.14625549316406,0.385677695274353,6,2,1,3,1,3,1,1,7,5,3,5,1,5,9,6,9,1,1,5,2,1,8,3,1,1,4,8,2,7,8
E_combined,509,2,2.0403201580047607,0.0976460799574852,2.142233676271073,44.59177017211914,0.3690948486328125,3,1,1,6,3,6,6,8,3,8,8,3,3,1,1,6,4,3,3,2,7,4,9,7,8,5,5,8,7,2,5
E_combined,42,2,2.8278865814208984,0.07240430265665054,2.141317285239322,49.30131530761719,0.3569798469543457,7,3,5,6,8,3,6,5,9,7,2,6,9,5,7,5,4,5,4,3,7,5,9,1,7,2,7,8,8,6,1
E_combined,509,2,2.6684839725494385,0.06852229684591293,2.142233676271073,50.801151275634766,0.3485780358314514,5,7,2,2,1,1,8,8,3,7,7,3,3,2,5,7,6,3,4,8,1,2,6,7,1,5,8,8,3,9,8
E_combined,271,2,3.4031851291656494,0.08566640317440033,2.138633755489581,46.734622955322266,0.3435998857021332,4,6,5,3,7,6,6,6,3,2,2,4,3,3,1,4,6,2,4,2,1,1,9,9,3,8,9,7,1,7,9
E_combined,271,2,1.9542573690414429,0.06293752789497375,2.138633755489581,51.391571044921875,0.32851019501686096,6,4,8,7,7,8,9,2,7,6,8,7,3,7,5,4,1,9,5,7,5,7,8,5,4,1,6,8,9,6,8
E_combined,42,2,3.779348373413086,0.10553211718797684,2.141317285239322,41.85500717163086,0.328366756439209,1,5,1,4,7,9,3,6,1,8,4,2,1,8,1,5,3,7,9,3,6,3,5,2,2,7,4,1,4,6,9
E_combined,137,2,2.2566978931427,0.08592858910560608,2.146388150141223,45.70518112182617,0.32763028144836426,7,7,1,1,4,1,5,6,2,9,3,7,9,6,5,3,4,2,3,8,5,3,4,3,5,3,7,3,3,9,8
E_combined,509,1,3.1058688163757324,0.08538444340229034,2.147972241846705,47.235904693603516,0.3275275230407715,9,5,1,5,7,1,5,8,3,8,7,9,7,3,7,8,1,4,4,1,8,9,8,6,7,1,4,9,5,8,4
E_combined,42,3,3.5012481212615967,0.09096632152795792,2.1390302635250036,44.517539978027344,0.31462568044662476,8,1,2,5,8,9,1,3,8,5,2,5,8,7,8,1,2,4,3,3,4,4,4,4,9,5,5,3,3,7,5
E_combined,509,1,3.451268196105957,0.07932408899068832,2.147972241846705,48.26662063598633,0.3080793619155884,7,5,1,9,8,6,1,5,7,1,8,8,6,7,9,4,7,8,9,1,8,9,1,4,7,3,5,8,7,8,7
E_combined,42,2,2.029273271560669,0.0734320878982544,2.141317285239322,48.6756591796875,0.30186334252357483,8,2,2,7,8,9,5,3,4,3,2,8,8,2,3,9,3,5,3,3,4,8,4,6,4,3,4,5,7,1,8
E_combined,271,2,1.9733902215957642,0.07458465546369553,2.138633755489581,48.73979949951172,0.298554390668869,7,8,4,2,7,8,7,5,7,4,4,8,3,5,2,1,3,1,5,8,4,6,6,3,5,2,8,8,6,7,9
E_combined,42,2,2.2426254749298096,0.08694043755531311,2.141317285239322,45.66859817504883,0.29421940445899963,1,1,5,3,7,9,4,2,8,4,4,8,4,2,7,2,1,4,1,7,9,9,2,9,1,4,1,8,2,6,7
E_combined,271,2,3.137714147567749,0.07289678603410721,2.138633755489581,48.82870101928711,0.2609453499317169,7,5,3,1,8,5,8,6,2,1,6,5,9,4,9,4,2,2,6,1,8,8,8,6,6,4,9,6,6,9,8
E_combined,509,2,1.8781214952468872,0.07556556910276413,2.142233676271073,48.66811752319336,0.25908908247947693,5,9,1,1,8,8,2,3,8,9,6,4,2,6,6,1,9,5,8,2,6,3,7,3,5,1,7,7,7,1,6
E_combined,42,2,3.6178700923919678,0.07569971680641174,2.141317285239322,47.86027145385742,0.25789958238601685,7,5,5,5,4,9,2,1,3,3,6,8,7,9,1,2,2,6,4,3,3,8,2,3,4,5,7,6,8,8,4
E_combined,137,1,3.3893258571624756,0.0818580687046051,2.12670043791616,46.153621673583984,0.2519121468067169,6,2,4,3,4,1,9,8,7,6,1,3,5,7,3,2,8,4,9,3,7,1,6,4,7,1,6,2,4,6,1
E_combined,509,1,2.558694362640381,0.06909412145614624,2.147972241846705,49.81379699707031,0.24899822473526,2,1,6,9,6,1,8,8,7,8,9,6,8,8,9,5,3,3,3,8,7,9,9,5,1,3,8,4,4,1,7
E_combined,137,1,4.012010097503662,0.08803252875804901,2.12670043791616,44.73293685913086,0.23883672058582306,5,2,7,1,4,5,9,8,3,5,3,4,5,6,1,8,5,1,7,4,2,1,9,8,3,9,1,4,2,9,2
E_combined,509,1,2.7873973846435547,0.10284397751092911,2.147972241846705,43.141212463378906,0.23024752736091614,5,1,4,6,1,5,2,5,6,7,6,3,2,4,5,5,1,2,6,4,4,2,5,7,4,4,5,6,9,8,4
E_combined,137,1,2.6467034816741943,0.06498751044273376,2.12670043791616,49.589088439941406,0.22718769311904907,3,8,4,9,7,8,5,7,5,1,2,9,2,2,3,2,1,2,4,7,5,1,9,6,4,9,2,8,8,2,3
E_combined,509,2,3.230682611465454,0.07617293298244476,2.142233676271073,48.31025695800781,0.2253536432981491,7,2,7,1,1,5,6,3,9,5,2,8,8,6,5,6,5,8,4,2,3,9,2,4,4,7,3,4,5,3,5
E_combined,42,2,2.7056267261505127,0.07101692259311676,2.141317285239322,48.61943435668945,0.22162488102912903,9,4,2,2,7,2,5,2,2,3,2,6,2,8,5,3,7,4,1,3,5,3,7,3,2,1,1,2,3,2,5
E_combined,137,1,2.006378412246704,0.08867035806179047,2.12670043791616,44.424930572509766,0.21564477682113647,9,3,3,6,8,8,7,8,2,7,1,1,1,2,5,9,1,9,1,2,3,1,8,1,1,1,1,6,7,9,2
E_combined,42,2,2.1616923809051514,0.08929584175348282,2.141317285239322,44.5738525390625,0.21450303494930267,4,1,5,1,6,9,3,8,9,9,7,8,4,5,8,2,3,4,1,5,8,5,6,6,1,1,1,9,8,6,3
E_combined,509,1,2.1761550903320312,0.0743752121925354,2.147972241846705,48.52186584472656,0.21229998767375946,1,6,9,3,7,1,9,7,4,3,8,7,8,8,1,3,3,8,4,8,8,5,8,3,9,6,1,8,2,6,9
E_combined,509,1,1.9916146993637085,0.08193826675415039,2.147972241846705,46.837921142578125,0.18239232897758484,6,4,1,8,1,8,4,8,2,2,8,8,6,5,6,9,4,7,2,7,1,1,2,4,5,2,1,6,5,7,1
E_combined,509,1,2.3881425857543945,0.07962016761302948,2.147972241846705,47.28294372558594,0.18187062442302704,6,1,8,3,4,4,4,5,1,3,2,7,9,5,9,8,5,7,8,2,2,8,4,9,6,8,2,3,6,6,4
E_combined,509,2,3.095179557800293,0.08106841892004013,2.142233676271073,46.83778381347656,0.16466602683067322,7,4,9,5,2,3,1,2,9,5,5,2,3,7,8,3,2,4,4,8,2,6,3,1,4,2,4,9,6,1,3
