arm,seed,gen,ppf_pred,sigma,h_hist_pop,sens_novelty,composite,pos_0,pos_1,pos_2,pos_3,pos_4,pos_5,pos_6,pos_7,pos_8,pos_9,pos_10,pos_11,pos_12,pos_13,pos_14,pos_15,pos_16,pos_17,pos_18,pos_19,pos_20,pos_21,pos_22,pos_23,pos_24,pos_25,pos_26,pos_27,pos_28,pos_29,pos_30
A_baseline,42,1,4.411368370056152,0.156473770737648,1.7196721425001171,0.0,0.156473770737648,5,1,5,4,3,1,5,5,7,5,1,1,1,1,1,1,7,1,6,1,1,1,1,6,5,1,6,7,5,4,1
A_baseline,42,1,2.6497011184692383,0.081878662109375,1.7196721425001171,0.0,0.081878662109375,1,1,1,3,4,1,1,5,4,4,4,3,1,8,5,1,4,3,6,1,3,5,1,3,9,2,5,5,5,6,1
A_baseline,42,1,3.7281949520111084,0.09482453018426895,1.7196721425001171,0.0,0.09482453018426895,1,1,5,5,4,5,3,7,1,2,1,5,1,1,3,1,4,4,2,4,5,1,3,9,1,5,8,5,5,6,1
A_baseline,42,1,2.394544839859009,0.09038916975259781,1.7196721425001171,0.0,0.09038916975259781,7,1,1,4,4,2,1,5,8,5,3,4,5,1,6,3,4,1,5,1,4,6,1,4,5,4,1,4,5,1,4
A_baseline,42,1,2.7846665382385254,0.10063827782869339,1.7196721425001171,0.0,0.10063827782869339,1,2,1,1,3,1,4,1,5,3,4,5,5,3,7,3,7,1,5,8,1,1,6,6,1,7,1,6,2,1,3
A_baseline,42,1,2.373288154602051,0.07655680179595947,1.7196721425001171,0.0,0.07655680179595947,3,5,8,4,5,5,1,3,4,3,1,1,9,1,5,4,1,4,6,4,6,2,6,9,7,1,1,4,3,1,1
A_baseline,42,1,2.1239173412323,0.07927852869033813,1.7196721425001171,0.0,0.07927852869033813,8,1,3,1,4,1,5,5,4,1,3,6,4,4,4,1,7,3,3,3,5,1,3,1,5,4,1,4,5,1,1
A_baseline,42,1,4.0129218101501465,0.09577248245477676,1.7196721425001171,0.0,0.09577248245477676,5,6,1,2,3,2,1,1,1,3,3,5,4,3,4,6,4,1,1,3,3,5,1,1,4,3,3,3,3,5,9
A_baseline,42,1,5.5816731452941895,0.22432367503643036,1.7196721425001171,0.0,0.22432367503643036,5,5,1,7,4,1,1,4,7,4,3,4,4,7,1,4,1,3,1,1,1,1,4,3,1,3,3,1,1,1,9
A_baseline,42,1,3.1350107192993164,0.07631906121969223,1.7196721425001171,0.0,0.07631906121969223,7,3,1,1,1,1,3,1,1,5,6,5,5,1,5,4,4,8,4,1,1,5,9,4,6,2,1,1,6,2,1
A_baseline,42,1,2.949528694152832,0.07690925896167755,1.7196721425001171,0.0,0.07690925896167755,2,3,1,6,1,3,5,1,3,5,1,1,2,5,4,5,7,3,6,1,3,1,1,1,4,5,4,4,1,3,1
A_baseline,42,1,3.0298092365264893,0.08024144917726517,1.7196721425001171,0.0,0.08024144917726517,1,1,1,2,8,8,1,4,3,5,1,6,1,1,3,5,6,5,9,4,1,1,4,3,1,4,4,5,1,5,1
A_baseline,42,1,2.9777159690856934,0.14730887115001678,1.7196721425001171,0.0,0.14730887115001678,6,3,3,6,3,4,4,5,1,1,8,9,1,4,5,1,1,1,4,1,1,1,3,1,6,1,7,4,5,1,5
A_baseline,42,1,3.828200340270996,0.08805373311042786,1.7196721425001171,0.0,0.08805373311042786,5,1,6,5,5,6,1,1,7,1,9,3,1,1,4,5,3,1,4,1,3,8,5,4,4,1,1,1,1,5,2
A_baseline,42,1,3.3224751949310303,0.0836760401725769,1.7196721425001171,0.0,0.0836760401725769,3,1,1,5,4,1,5,9,7,5,2,1,4,1,5,3,1,1,4,1,6,5,3,8,1,4,5,4,1,3,1
A_baseline,42,1,2.7620980739593506,0.07771943509578705,1.7196721425001171,0.0,0.07771943509578705,1,4,2,1,1,3,1,4,1,1,4,1,1,9,5,2,5,2,9,4,5,3,1,7,3,5,1,9,8,1,9
A_baseline,42,1,3.747283935546875,0.10073114186525345,1.7196721425001171,0.0,0.10073114186525345,2,1,3,1,1,4,1,8,6,1,4,4,4,4,1,4,1,1,3,1,3,5,3,1,4,5,7,1,1,8,1
A_baseline,42,1,2.380133867263794,0.07645697891712189,1.7196721425001171,0.0,0.07645697891712189,1,6,1,7,9,8,1,5,3,1,1,1,1,4,1,1,3,4,5,7,6,4,1,4,5,3,5,5,3,3,4
A_baseline,42,1,3.9495792388916016,0.09467244148254395,1.7196721425001171,0.0,0.09467244148254395,8,6,2,1,4,5,6,1,5,8,5,9,1,1,1,1,1,1,4,1,3,1,5,3,1,4,7,1,1,3,3
A_baseline,42,1,2.1056101322174072,0.07949546724557877,1.7196721425001171,0.0,0.07949546724557877,1,6,4,1,1,8,7,5,1,1,1,1,6,1,4,3,4,4,5,3,1,1,9,5,1,4,1,5,1,1,3
A_baseline,42,1,1.9875586032867432,0.0848621129989624,1.7196721425001171,0.0,0.0848621129989624,1,1,9,4,8,6,4,1,3,7,4,1,8,3,3,1,1,8,1,1,1,1,1,3,5,1,1,4,3,5,1
A_baseline,42,1,2.0450680255889893,0.08346104621887207,1.7196721425001171,0.0,0.08346104621887207,1,1,1,4,5,4,6,1,3,1,3,8,1,1,3,1,4,5,6,1,3,1,3,4,3,5,7,6,4,4,5
A_baseline,42,1,3.1952991485595703,0.0873078927397728,1.7196721425001171,0.0,0.0873078927397728,1,1,1,5,3,1,1,9,6,1,4,6,1,1,5,1,1,4,2,4,5,1,4,5,5,3,5,4,1,1,1
A_baseline,42,1,2.5599961280822754,0.08964024484157562,1.7196721425001171,0.0,0.08964024484157562,4,9,5,4,8,1,5,2,1,4,3,1,1,1,3,3,1,1,1,1,5,6,5,6,7,5,1,1,5,1,5
A_baseline,42,2,3.335315227508545,0.10568111389875412,1.7106829279663276,0.0,0.10568111389875412,1,3,5,4,1,1,1,1,2,7,4,4,1,1,5,1,7,4,1,1,1,7,4,1,1,1,5,4,3,1,9
A_baseline,42,2,2.286343574523926,0.09648098051548004,1.7106829279663276,0.0,0.09648098051548004,5,1,9,4,1,1,5,5,7,4,3,1,1,1,1,1,7,2,1,4,1,1,1,6,5,1,6,7,5,4,1
A_baseline,42,2,3.2867658138275146,0.08470924198627472,1.7106829279663276,0.0,0.08470924198627472,3,1,5,1,6,5,3,1,1,2,7,5,1,7,3,1,4,4,2,1,5,1,3,9,2,5,8,5,4,6,1
A_baseline,42,2,3.7793030738830566,0.1432785987854004,1.7106829279663276,0.0,0.1432785987854004,1,2,1,3,1,1,4,1,5,3,4,5,4,1,7,3,7,1,5,6,1,1,6,6,1,5,1,4,2,1,3
A_baseline,42,2,4.6585893630981445,0.18207372725009918,1.7106829279663276,0.0,0.18207372725009918,5,6,1,1,3,2,1,5,1,1,3,5,8,3,3,6,4,4,1,1,3,5,1,1,4,1,3,3,3,5,9
A_baseline,42,2,4.073263168334961,0.14847104251384735,1.7106829279663276,0.0,0.14847104251384735,1,5,4,7,1,1,1,3,7,1,4,4,3,7,1,4,1,3,1,6,1,1,4,3,1,1,3,1,4,1,9
A_baseline,42,2,2.951519727706909,0.0732852965593338,1.7106829279663276,0.0,0.0732852965593338,1,3,1,6,1,5,5,1,3,5,1,1,2,1,6,5,8,1,1,1,5,1,1,1,6,4,4,5,1,3,1
A_baseline,42,2,2.6230530738830566,0.10451281815767288,1.7106829279663276,0.0,0.10451281815767288,1,1,1,4,7,4,9,1,5,4,3,1,1,1,1,3,3,1,3,5,4,1,1,6,5,5,1,1,9,4,1
A_baseline,42,2,4.113211631774902,0.07521481812000275,1.7106829279663276,0.0,0.07521481812000275,1,1,5,1,4,1,1,1,2,6,1,1,1,1,4,3,1,2,1,3,6,4,5,4,1,1,8,1,1,9,1
A_baseline,42,2,2.1571760177612305,0.07115080952644348,1.7106829279663276,0.0,0.07115080952644348,3,3,1,4,1,6,8,4,4,1,1,1,5,1,4,1,4,7,1,1,1,1,4,1,5,5,4,6,8,1,7
A_baseline,42,2,2.427133560180664,0.07714802771806717,1.7106829279663276,0.0,0.07714802771806717,1,1,3,5,5,6,1,1,7,8,3,3,1,5,4,5,3,1,3,6,3,8,5,4,4,5,1,1,1,5,2
A_baseline,42,2,2.086409091949463,0.07321848720312119,1.7106829279663276,0.0,0.07321848720312119,4,1,3,1,2,4,4,6,1,4,1,1,3,1,3,1,8,1,1,1,1,1,3,3,1,4,9,5,4,5,3
A_baseline,42,2,2.3897604942321777,0.16853146255016327,1.7106829279663276,0.0,0.16853146255016327,5,1,4,4,1,3,1,5,8,4,4,3,1,1,5,5,4,1,3,6,6,1,1,4,3,8,3,1,1,1,9
A_baseline,42,2,2.023108720779419,0.07287026196718216,1.7106829279663276,0.0,0.07287026196718216,8,8,1,1,1,5,4,5,9,3,1,4,4,9,4,1,4,6,3,3,3,1,1,5,1,3,5,4,1,6,1
A_baseline,42,2,2.4274823665618896,0.0801546648144722,1.7106829279663276,0.0,0.0801546648144722,1,2,7,4,8,1,1,1,1,4,5,1,2,5,5,5,1,6,6,5,1,1,5,1,5,6,4,3,3,4,5
A_baseline,42,2,4.000158309936523,0.1435558795928955,1.7106829279663276,0.0,0.1435558795928955,2,1,1,4,1,4,1,8,6,1,4,4,9,4,1,4,4,1,1,1,3,5,3,1,4,5,7,1,1,8,1
A_baseline,42,2,3.3139307498931885,0.08307676017284393,1.7106829279663276,0.0,0.08307676017284393,1,1,9,4,4,1,5,1,5,1,7,1,1,3,4,1,5,4,4,8,1,1,5,1,3,1,1,3,1,1,4
A_baseline,42,2,4.352006912231445,0.11845486611127853,1.7106829279663276,0.0,0.11845486611127853,8,6,2,1,4,6,6,1,5,1,5,9,1,3,5,1,7,1,4,1,1,1,5,3,5,6,7,1,7,3,3
A_baseline,42,2,2.0573890209198,0.08288480341434479,1.7106829279663276,0.0,0.08288480341434479,1,1,4,1,4,3,1,1,3,4,8,3,4,1,4,4,8,4,3,5,1,1,7,6,8,2,3,5,5,1,9
A_baseline,42,2,1.983095407485962,0.07109599560499191,1.7106829279663276,0.0,0.07109599560499191,4,4,5,1,4,4,5,1,4,8,3,4,1,3,9,3,1,9,1,1,4,1,1,1,6,1,6,1,7,1,1
A_baseline,42,2,2.2385332584381104,0.08022906631231308,1.7106829279663276,0.0,0.08022906631231308,1,6,4,1,1,3,7,1,1,1,4,1,1,4,4,3,1,4,5,3,1,1,9,5,1,4,1,5,4,1,3
A_baseline,42,2,3.6116394996643066,0.09320949018001556,1.7106829279663276,0.0,0.09320949018001556,1,3,1,6,1,1,3,5,1,5,1,1,8,3,3,8,1,4,1,1,7,4,1,4,5,5,1,4,3,1,5
A_baseline,42,2,2.502974510192871,0.07604220509529114,1.7106829279663276,0.0,0.07604220509529114,1,9,3,4,4,3,5,2,1,4,6,1,1,1,4,3,1,1,1,3,5,6,5,6,5,1,1,1,5,1,5
A_baseline,42,2,2.137397050857544,0.07984211295843124,1.7106829279663276,0.0,0.07984211295843124,6,1,3,4,4,6,9,1,1,4,6,4,2,6,1,5,4,3,1,1,1,4,1,1,5,4,5,1,1,1,3
A_baseline,42,3,3.729795217514038,0.10267435759305954,1.7042956258890736,0.0,0.10267435759305954,3,3,2,4,4,1,1,1,2,5,1,4,7,1,3,1,9,4,1,3,1,7,4,1,5,1,5,5,1,1,9
A_baseline,42,3,2.5665194988250732,0.10444693267345428,1.7042956258890736,0.0,0.10444693267345428,5,1,1,4,4,6,5,5,7,4,1,1,1,1,5,1,7,2,1,4,1,1,1,6,1,5,6,7,5,4,1
A_baseline,137,1,2.411219358444214,0.07948357611894608,1.7254533941325783,0.0,0.07948357611894608,8,1,4,1,4,1,3,6,1,6,4,4,4,1,4,1,1,1,3,1,4,4,5,3,1,5,5,5,3,3,4
A_baseline,137,1,2.1969356536865234,0.09103550761938095,1.7254533941325783,0.0,0.09103550761938095,1,1,4,3,4,5,3,4,5,1,4,9,4,7,1,4,7,1,5,1,8,4,8,1,1,4,1,1,5,3,1
A_baseline,137,1,2.123641014099121,0.0851362869143486,1.7254533941325783,0.0,0.0851362869143486,3,1,9,3,4,1,4,1,8,3,1,4,1,1,1,5,9,1,1,1,3,6,3,4,4,1,3,1,8,1,4
A_baseline,137,1,3.237483501434326,0.08519761264324188,1.7254533941325783,0.0,0.08519761264324188,3,5,1,1,6,1,5,1,3,1,7,5,4,1,1,1,8,4,3,4,3,1,1,1,7,5,4,1,2,6,8
A_baseline,137,1,3.296612501144409,0.08061321824789047,1.7254533941325783,0.0,0.08061321824789047,3,5,6,6,5,5,1,1,4,1,1,9,7,1,2,3,4,4,3,1,1,1,1,1,5,1,4,3,1,4,1
A_baseline,137,1,4.219671249389648,0.1333458572626114,1.7254533941325783,0.0,0.1333458572626114,1,5,1,3,1,1,1,1,1,2,5,5,1,4,1,4,6,7,1,4,8,4,4,3,1,6,1,3,1,6,3
A_baseline,137,1,3.4546806812286377,0.09303069114685059,1.7254533941325783,0.0,0.09303069114685059,1,4,1,7,5,1,4,1,5,5,4,7,1,3,8,3,8,1,1,4,4,1,1,3,6,1,6,3,9,2,1
A_baseline,137,1,5.435302734375,0.2187349647283554,1.7254533941325783,0.0,0.2187349647283554,5,5,7,1,1,4,1,4,6,7,1,1,6,5,1,9,4,2,1,1,3,4,4,5,4,1,3,1,7,4,1
A_baseline,137,1,3.4163172245025635,0.08029424399137497,1.7254533941325783,0.0,0.08029424399137497,1,6,1,9,3,1,1,3,1,1,1,1,1,1,1,5,3,2,4,6,5,1,4,1,1,1,5,1,1,1,8
A_baseline,137,1,4.922224998474121,0.1472957879304886,1.7254533941325783,0.0,0.1472957879304886,1,5,5,1,5,4,1,8,6,3,1,9,5,1,1,3,1,1,1,9,4,1,6,5,1,4,1,4,1,5,7
A_baseline,137,1,4.381930828094482,0.19557629525661469,1.7254533941325783,0.0,0.19557629525661469,1,1,8,3,5,4,5,6,5,1,4,9,1,4,1,5,4,1,1,4,5,1,4,3,1,8,1,4,6,1,4
A_baseline,137,1,4.060814380645752,0.09170787781476974,1.7254533941325783,0.0,0.09170787781476974,1,6,1,4,1,1,1,9,1,5,1,8,2,1,5,6,4,6,3,5,3,1,4,1,1,5,1,1,1,3,1
A_baseline,137,1,2.4969732761383057,0.07984115928411484,1.7254533941325783,0.0,0.07984115928411484,1,1,4,1,6,5,5,4,1,5,9,5,4,3,4,1,5,1,1,6,1,8,1,3,2,1,6,7,1,7,1
A_baseline,137,1,2.3602190017700195,0.08208998292684555,1.7254533941325783,0.0,0.08208998292684555,1,4,1,3,1,1,1,4,5,7,1,1,1,1,6,5,4,1,5,6,9,1,8,3,1,1,5,9,6,3,3
A_baseline,137,1,2.030533790588379,0.07912308722734451,1.7254533941325783,0.0,0.07912308722734451,1,3,1,4,3,5,1,6,1,4,1,5,3,1,2,4,1,1,1,4,5,8,1,9,3,5,1,5,1,1,7
A_baseline,137,1,4.532718658447266,0.13844484090805054,1.7254533941325783,0.0,0.13844484090805054,5,1,1,6,4,1,4,7,6,5,5,4,6,3,1,1,4,3,2,3,1,1,8,1,7,4,1,5,1,5,1
A_baseline,137,1,4.00491189956665,0.11488492786884308,1.7254533941325783,0.0,0.11488492786884308,4,5,5,4,4,4,1,4,1,1,3,1,1,8,2,6,5,1,4,7,1,1,1,6,4,5,1,3,1,3,1
A_baseline,137,1,3.2691409587860107,0.0864325761795044,1.7254533941325783,0.0,0.0864325761795044,1,1,4,5,2,1,1,8,5,1,1,1,1,1,5,3,1,6,8,4,4,6,1,9,1,5,1,6,1,1,2
A_baseline,137,1,3.634998083114624,0.08033515512943268,1.7254533941325783,0.0,0.08033515512943268,4,5,1,1,1,1,3,1,3,1,6,3,4,7,5,5,3,4,1,4,4,5,3,1,4,4,6,1,1,9,1
A_baseline,137,1,4.132208347320557,0.11537111550569534,1.7254533941325783,0.0,0.11537111550569534,3,5,5,4,1,7,4,1,1,2,1,5,6,6,2,1,1,4,1,4,1,4,7,5,3,7,8,5,9,3,1
A_baseline,137,1,3.9332876205444336,0.12070772051811218,1.7254533941325783,0.0,0.12070772051811218,1,6,1,6,1,2,9,3,1,5,1,6,1,4,7,4,9,4,3,6,5,4,2,1,1,4,1,3,1,1,1
A_baseline,137,1,4.706772804260254,0.13862484693527222,1.7254533941325783,0.0,0.13862484693527222,5,1,6,1,4,4,3,6,6,4,1,4,3,1,4,1,7,4,1,1,1,8,1,3,1,2,1,4,1,5,1
A_baseline,137,1,3.317840576171875,0.08734627813100815,1.7254533941325783,0.0,0.08734627813100815,6,4,1,1,4,1,5,7,6,5,3,4,3,1,1,1,3,5,2,4,5,1,3,9,6,1,3,3,1,1,1
A_baseline,137,1,2.39064884185791,0.09569086134433746,1.7254533941325783,0.0,0.09569086134433746,8,1,1,5,4,1,4,5,6,9,1,1,7,3,1,3,9,6,1,1,4,5,3,4,1,7,3,4,1,4,4
A_baseline,137,2,3.8880221843719482,0.09844054281711578,1.7203000619773905,0.0,0.09844054281711578,1,3,5,4,4,1,1,5,5,6,1,1,4,6,1,2,8,6,4,1,3,5,1,3,5,1,1,5,1,4,1
A_baseline,137,2,3.3538668155670166,0.13113413751125336,1.7203000619773905,0.0,0.13113413751125336,3,5,6,7,8,3,5,2,3,4,3,5,3,1,1,1,8,4,4,4,3,1,1,1,4,6,4,1,2,6,8
A_baseline,137,2,4.228822708129883,0.13252493739128113,1.7203000619773905,0.0,0.13252493739128113,1,5,6,6,5,5,1,1,4,2,3,9,1,4,2,3,4,4,2,1,1,1,1,1,5,1,4,3,1,4,1
A_baseline,137,2,3.8585212230682373,0.10131726413965225,1.7203000619773905,0.0,0.10131726413965225,1,5,4,8,1,3,1,1,1,2,5,5,1,1,1,4,1,7,1,3,1,4,4,3,1,4,1,1,6,6,3
A_baseline,137,2,5.6320953369140625,0.24527834355831146,1.7203000619773905,0.0,0.24527834355831146,5,5,3,1,4,7,1,3,6,7,1,1,6,5,1,9,4,1,1,1,6,4,4,5,4,1,3,4,1,4,1
A_baseline,137,2,1.9711848497390747,0.08027321100234985,1.7203000619773905,0.0,0.08027321100234985,4,1,3,4,1,4,1,6,6,4,1,1,3,1,1,6,4,3,5,1,1,3,1,4,6,5,5,6,9,1,4
A_baseline,137,2,3.5444839000701904,0.10148194432258606,1.7203000619773905,0.0,0.10148194432258606,1,7,5,6,1,3,1,5,1,5,9,4,6,9,3,1,1,1,2,1,7,5,1,2,1,1,5,3,1,1,4
A_baseline,137,2,4.155044078826904,0.20688575506210327,1.7203000619773905,0.0,0.20688575506210327,1,5,1,4,5,4,1,9,6,3,1,9,4,1,1,3,4,4,1,9,4,1,6,5,1,4,1,2,1,5,7
A_baseline,137,2,3.6252613067626953,0.10488637536764145,1.7203000619773905,0.0,0.10488637536764145,8,1,4,3,5,1,5,6,5,3,5,9,1,4,5,5,4,1,4,1,5,1,4,3,1,4,1,1,5,1,4
A_baseline,137,2,4.9334564208984375,0.10153693705797195,1.7203000619773905,0.0,0.10153693705797195,1,6,5,4,5,1,1,9,1,5,3,8,2,1,5,6,1,4,3,4,3,1,4,1,1,1,1,1,9,3,1
A_baseline,137,2,2.4681038856506348,0.09589491784572601,1.7203000619773905,0.0,0.09589491784572601,1,4,1,3,8,1,1,4,5,8,4,1,1,1,3,5,4,1,5,1,5,1,8,3,4,5,5,9,3,3,3
A_baseline,137,2,3.696059465408325,0.11719786375761032,1.7203000619773905,0.0,0.11719786375761032,1,1,1,4,4,1,1,4,5,5,2,1,7,5,1,1,5,5,1,1,3,4,3,1,8,1,5,1,4,2,4
A_baseline,137,2,3.381450891494751,0.08478115499019623,1.7203000619773905,0.0,0.08478115499019623,1,5,1,3,1,1,1,4,1,4,1,5,5,4,5,3,1,4,4,3,4,8,6,3,4,5,4,7,1,1,5
A_baseline,137,2,2.217733383178711,0.08204079419374466,1.7203000619773905,0.0,0.08204079419374466,5,4,1,9,1,1,4,3,3,3,5,3,1,1,3,1,4,4,4,1,4,1,1,3,2,1,8,1,1,3,1
A_baseline,137,2,4.031126499176025,0.13997651636600494,1.7203000619773905,0.0,0.13997651636600494,6,5,8,6,4,4,3,6,1,4,5,5,1,1,1,1,9,7,3,3,1,3,4,1,3,9,1,1,9,1,1
A_baseline,137,2,3.6971559524536133,0.09605862945318222,1.7203000619773905,0.0,0.09605862945318222,1,5,3,4,4,5,1,3,1,1,3,1,6,8,2,6,5,1,4,7,4,1,1,6,4,5,1,3,1,3,1
A_baseline,137,2,4.242187976837158,0.12848882377147675,1.7203000619773905,0.0,0.12848882377147675,8,5,1,1,1,1,3,4,3,5,6,3,4,3,5,5,3,3,1,5,1,5,3,1,4,4,6,1,1,9,1
A_baseline,137,2,2.955850124359131,0.10023397952318192,1.7203000619773905,0.0,0.10023397952318192,3,5,3,4,4,7,4,3,1,6,6,5,6,6,2,1,6,1,1,3,3,4,7,5,1,3,8,5,9,3,1
A_baseline,137,2,2.974290132522583,0.0870312750339508,1.7203000619773905,0.0,0.0870312750339508,8,6,1,5,6,1,4,6,7,1,1,4,1,2,1,1,1,1,3,4,1,5,2,4,1,7,9,7,1,1,4
A_baseline,137,2,3.0116195678710938,0.08893147110939026,1.7203000619773905,0.0,0.08893147110939026,4,1,6,1,5,1,3,6,6,4,3,4,3,4,4,1,4,4,1,5,4,8,1,3,1,2,1,4,1,5,1
A_baseline,137,2,2.1563596725463867,0.08512919396162033,1.7203000619773905,0.0,0.08512919396162033,8,4,1,9,4,1,5,7,6,3,5,4,3,3,1,1,4,1,6,4,5,1,3,9,6,1,3,1,2,1,1
A_baseline,137,2,3.193652868270874,0.08233476430177689,1.7203000619773905,0.0,0.08233476430177689,6,5,5,3,6,1,1,1,4,3,1,5,6,5,6,3,3,3,1,2,1,7,4,1,1,8,4,4,6,1,1
A_baseline,137,2,2.737685441970825,0.093991219997406,1.7203000619773905,0.0,0.093991219997406,3,1,4,7,3,1,2,2,5,1,8,4,4,2,1,1,1,1,1,1,1,1,5,6,3,4,9,3,5,1,1
A_baseline,137,2,3.305123805999756,0.09203757345676422,1.7203000619773905,0.0,0.09203757345676422,1,5,4,4,1,1,1,1,1,1,4,4,1,1,1,4,8,2,7,4,5,3,1,1,1,4,5,2,9,4,1
A_baseline,137,3,3.180506706237793,0.13157211244106293,1.6905238212476903,0.0,0.13157211244106293,1,1,4,3,4,5,3,2,5,1,4,9,4,4,1,4,8,5,1,1,6,4,8,1,1,5,1,1,5,3,1
A_baseline,137,3,2.3717024326324463,0.07632807642221451,1.6905238212476903,0.0,0.07632807642221451,3,5,1,7,9,3,5,2,3,4,3,5,3,6,1,1,3,5,4,1,3,1,1,1,4,6,4,4,9,6,8
A_baseline,271,1,3.272326707839966,0.09151419252157211,1.7313107864389532,0.0,0.09151419252157211,1,3,5,9,5,1,6,4,6,1,2,4,3,1,6,1,1,5,1,5,2,1,4,1,4,5,1,1,5,8,2
A_baseline,271,1,3.0003440380096436,0.0911644920706749,1.7313107864389532,0.0,0.0911644920706749,5,1,1,1,3,4,1,1,4,5,9,3,5,7,1,3,4,1,8,1,1,4,1,1,6,1,6,1,3,1,5
A_baseline,271,1,3.9803502559661865,0.1312345266342163,1.7313107864389532,0.0,0.1312345266342163,3,6,6,3,1,1,1,1,5,4,1,1,3,1,4,3,1,4,9,5,2,4,7,5,5,6,1,8,1,4,6
A_baseline,271,1,2.7191998958587646,0.079863041639328,1.7313107864389532,0.0,0.079863041639328,5,4,5,1,4,3,7,5,6,1,4,9,3,5,1,1,3,4,8,1,6,4,6,5,4,1,4,5,1,1,1
A_baseline,271,1,3.412295341491699,0.09454918652772903,1.7313107864389532,0.0,0.09454918652772903,1,5,1,3,1,5,4,1,1,3,1,1,1,3,1,4,3,1,1,4,1,9,5,1,4,4,1,1,6,3,6
A_baseline,271,1,2.0788800716400146,0.0920308530330658,1.7313107864389532,0.0,0.0920308530330658,6,4,4,1,3,1,5,7,6,1,4,4,3,1,1,1,4,5,6,4,5,1,3,9,1,6,3,2,1,1,1
A_baseline,271,1,2.279078960418701,0.0798143669962883,1.7313107864389532,0.0,0.0798143669962883,5,8,9,1,5,1,3,4,3,9,6,4,1,6,3,3,6,4,1,5,3,4,4,1,1,6,1,1,1,5,1
A_baseline,271,1,3.5308263301849365,0.097022145986557,1.7313107864389532,0.0,0.097022145986557,1,4,3,1,3,1,1,1,5,5,8,1,1,4,1,5,4,4,3,5,4,6,7,1,1,1,2,5,2,4,1
A_baseline,271,1,3.4338746070861816,0.08777443319559097,1.7313107864389532,0.0,0.08777443319559097,1,1,4,1,1,5,9,4,5,1,1,1,1,2,1,2,1,8,3,4,6,7,4,3,1,1,6,1,4,4,3
A_baseline,271,1,4.0661797523498535,0.08950122445821762,1.7313107864389532,0.0,0.08950122445821762,4,5,5,4,4,1,4,1,1,6,1,3,5,7,1,3,1,1,1,6,6,4,1,5,4,4,3,1,7,4,1
A_baseline,271,1,5.721902847290039,0.23922720551490784,1.7313107864389532,0.0,0.23922720551490784,5,5,1,3,8,1,5,4,2,4,4,7,8,2,1,4,5,1,4,3,1,1,3,1,6,4,1,3,1,1,1
A_baseline,271,1,4.430486679077148,0.19377543032169342,1.7313107864389532,0.0,0.19377543032169342,1,6,4,3,1,1,6,5,2,5,1,7,1,1,5,4,4,6,1,4,4,3,1,1,1,1,4,2,5,1,1
A_baseline,271,1,6.029508113861084,0.21094255149364471,1.7313107864389532,0.0,0.21094255149364471,5,5,4,6,5,3,3,1,2,5,1,3,4,1,3,3,1,8,1,1,9,1,6,4,1,5,4,1,7,4,1
A_baseline,271,1,2.5678822994232178,0.12611138820648193,1.7313107864389532,0.0,0.12611138820648193,8,1,9,1,1,1,1,2,5,2,1,1,5,5,6,2,4,3,1,5,7,4,5,5,6,3,1,6,4,1,9
A_baseline,271,1,3.1133270263671875,0.09694564342498779,1.7313107864389532,0.0,0.09694564342498779,1,5,1,4,4,8,6,6,3,1,1,3,5,4,9,1,1,4,1,5,5,4,1,5,1,1,1,1,5,3,7
A_baseline,271,1,6.636334419250488,0.2414228320121765,1.7313107864389532,0.0,0.2414228320121765,1,5,5,3,4,4,3,4,5,4,6,4,4,1,1,5,4,1,3,4,7,3,1,3,1,4,5,3,4,8,7
A_baseline,271,1,3.7508535385131836,0.07812996208667755,1.7313107864389532,0.0,0.07812996208667755,6,1,5,4,3,5,4,1,1,2,1,3,5,3,1,6,1,1,9,4,3,1,1,4,1,3,7,5,8,5,1
A_baseline,271,1,3.2986032962799072,0.09234503656625748,1.7313107864389532,0.0,0.09234503656625748,7,6,4,3,8,5,8,7,6,5,1,5,1,1,6,3,7,1,1,6,4,4,1,4,4,1,2,1,4,3,3
A_baseline,271,1,2.5382533073425293,0.08157239854335785,1.7313107864389532,0.0,0.08157239854335785,1,2,4,3,1,9,1,1,4,1,3,1,4,7,7,6,1,1,1,3,5,1,5,1,1,5,1,4,3,5,4
A_baseline,271,1,2.026756763458252,0.0925566777586937,1.7313107864389532,0.0,0.0925566777586937,3,3,1,1,3,1,6,3,1,9,4,1,7,5,4,4,4,1,8,3,5,6,1,2,5,4,4,8,4,1,1
A_baseline,271,1,3.934157609939575,0.09725532680749893,1.7313107864389532,0.0,0.09725532680749893,1,5,4,1,7,9,4,6,1,3,5,4,3,1,1,7,1,1,1,3,1,5,1,4,4,4,1,9,3,5,5
A_baseline,271,1,2.423318862915039,0.09331624954938889,1.7313107864389532,0.0,0.09331624954938889,1,1,1,9,1,1,4,5,1,9,3,1,1,1,5,5,1,1,3,3,4,3,8,1,4,4,3,1,6,7,5
A_baseline,271,1,2.237348794937134,0.09682640433311462,1.7313107864389532,0.0,0.09682640433311462,4,1,4,1,4,6,1,5,5,3,1,1,5,1,5,1,3,6,4,6,1,7,3,2,4,1,1,8,8,4,1
A_baseline,271,1,2.1072146892547607,0.07853040099143982,1.7313107864389532,0.0,0.07853040099143982,1,1,3,4,4,1,1,9,1,3,1,4,1,6,1,1,3,3,1,4,6,6,1,7,4,1,4,3,6,8,1
A_baseline,271,2,3.289065361022949,0.08437605947256088,1.725204445627406,0.0,0.08437605947256088,6,1,1,5,1,3,4,6,1,1,4,1,1,3,5,5,1,5,4,5,5,9,4,3,1,4,4,5,1,5,2
A_baseline,271,2,2.5990869998931885,0.1007307767868042,1.725204445627406,0.0,0.1007307767868042,5,1,1,3,3,3,1,9,4,1,1,3,4,3,1,3,1,1,1,3,5,4,1,1,6,1,6,1,3,1,5
A_baseline,271,2,3.0776236057281494,0.11605135351419449,1.725204445627406,0.0,0.11605135351419449,4,6,4,1,5,1,1,3,5,4,4,1,9,1,4,3,3,3,9,1,2,4,7,5,4,6,1,8,1,4,6
A_baseline,271,2,2.9137637615203857,0.08801180124282837,1.725204445627406,0.0,0.08801180124282837,5,4,5,4,4,6,7,1,6,1,4,9,3,5,1,1,3,4,8,1,5,4,6,5,4,6,4,8,1,1,1
A_baseline,271,2,3.8887221813201904,0.12112388014793396,1.725204445627406,0.0,0.12112388014793396,1,5,1,1,1,4,4,6,1,7,1,1,1,3,1,4,6,4,6,4,1,9,5,1,3,3,1,1,1,3,6
A_baseline,271,2,2.6622138023376465,0.09376704692840576,1.725204445627406,0.0,0.09376704692840576,5,8,9,1,5,1,3,4,3,1,6,4,4,6,3,3,4,4,8,3,6,4,4,1,5,1,1,1,1,5,1
A_baseline,271,2,3.753952741622925,0.12949682772159576,1.725204445627406,0.0,0.12949682772159576,6,4,1,1,1,3,1,6,5,5,8,1,1,4,1,5,1,7,3,5,5,6,7,1,1,1,2,5,3,4,1
A_baseline,271,2,2.344639539718628,0.08795329183340073,1.725204445627406,0.0,0.08795329183340073,1,1,1,1,4,1,1,5,1,1,3,4,6,6,6,1,1,3,1,1,1,1,1,4,1,1,4,3,7,6,1
A_baseline,271,2,2.637664794921875,0.08662481606006622,1.725204445627406,0.0,0.08662481606006622,7,8,5,8,1,4,1,4,1,3,4,1,3,1,4,1,3,8,1,1,1,5,4,1,1,6,4,2,1,5,5
A_baseline,271,2,3.832554578781128,0.09179846942424774,1.725204445627406,0.0,0.09179846942424774,3,1,6,1,3,7,9,3,5,8,4,1,7,3,3,2,1,1,3,5,6,7,4,3,1,1,6,6,4,4,3
A_baseline,271,2,2.470480442047119,0.0874965488910675,1.725204445627406,0.0,0.0874965488910675,4,5,7,3,4,3,4,1,1,3,1,3,1,7,5,3,1,1,1,6,6,4,1,5,4,6,3,5,2,4,1
A_baseline,271,2,3.611588478088379,0.11684378981590271,1.725204445627406,0.0,0.11684378981590271,2,1,3,1,4,1,5,1,6,7,4,7,3,4,5,2,4,1,9,5,5,4,1,1,4,1,3,1,4,1,1
A_baseline,271,2,4.887786865234375,0.15262047946453094,1.725204445627406,0.0,0.15262047946453094,1,5,1,3,1,7,5,7,2,4,4,7,3,3,1,4,5,1,1,3,1,1,3,1,6,6,1,3,4,1,1
A_baseline,271,2,4.296363353729248,0.1304202824831009,1.725204445627406,0.0,0.1304202824831009,1,6,4,3,1,1,6,5,2,5,1,7,1,1,1,4,4,6,1,4,4,3,1,1,1,3,4,8,5,1,1
A_baseline,271,2,5.3887715339660645,0.21969451010227203,1.725204445627406,0.0,0.21969451010227203,5,5,4,5,4,9,3,1,2,1,5,3,2,4,1,3,1,8,3,5,9,1,6,4,5,4,4,8,7,4,1
A_baseline,271,2,2.6256661415100098,0.08682341873645782,1.725204445627406,0.0,0.08682341873645782,1,1,6,6,4,1,1,9,7,8,6,4,6,1,4,6,4,4,1,4,3,1,1,5,3,3,1,1,5,4,1
A_baseline,271,2,3.3438971042633057,0.08980756998062134,1.725204445627406,0.0,0.08980756998062134,1,1,1,4,8,6,5,5,1,5,3,1,4,3,4,4,1,3,1,3,1,5,1,2,1,5,1,1,4,4,5
A_baseline,271,2,2.5706372261047363,0.09046663343906403,1.725204445627406,0.0,0.09046663343906403,3,5,1,4,6,5,1,2,4,3,8,1,4,3,6,1,1,7,1,1,5,9,7,4,5,8,4,1,3,4,1
A_baseline,271,2,6.544338226318359,0.3297620713710785,1.725204445627406,0.0,0.3297620713710785,1,5,5,1,4,3,3,4,5,4,1,4,1,1,1,5,1,1,1,4,4,3,1,3,1,1,5,3,6,8,7
A_baseline,271,2,3.0804903507232666,0.09101392328739166,1.725204445627406,0.0,0.09101392328739166,1,5,8,4,5,8,9,5,3,4,3,1,1,4,1,1,6,6,1,4,6,1,3,1,1,4,1,1,6,2,4
A_baseline,271,2,3.850797176361084,0.08616925776004791,1.725204445627406,0.0,0.08616925776004791,1,6,6,1,3,1,1,5,1,1,3,1,1,9,1,5,1,3,5,4,1,1,4,1,5,1,5,2,4,1,8
A_baseline,271,2,3.8552474975585938,0.11769579350948334,1.725204445627406,0.0,0.11769579350948334,7,6,1,3,8,5,8,5,6,6,1,5,1,9,6,3,7,1,1,3,5,4,1,4,4,1,2,1,2,3,3
A_baseline,271,2,3.363863229751587,0.08796059340238571,1.725204445627406,0.0,0.08796059340238571,1,1,4,1,1,4,1,4,5,1,1,4,5,1,5,1,1,3,4,8,4,3,7,3,5,1,4,1,3,8,1
A_baseline,271,2,3.5215811729431152,0.10064399987459183,1.725204445627406,0.0,0.10064399987459183,1,5,4,1,4,8,4,1,1,1,1,4,4,1,4,7,1,1,1,4,1,5,1,4,2,5,1,5,5,5,5
A_baseline,271,3,3.5040645599365234,0.0817369595170021,1.698540079906495,0.0,0.0817369595170021,6,1,1,5,6,3,4,6,1,1,6,1,4,3,5,5,7,5,4,4,1,9,4,3,1,1,4,5,1,5,2
A_baseline,271,3,2.581801176071167,0.08114642649888992,1.698540079906495,0.0,0.08114642649888992,3,6,4,1,5,8,1,1,5,4,4,1,4,1,1,3,4,5,1,1,1,4,7,5,4,4,1,8,1,4,6
A_baseline,509,1,4.2554612159729,0.16383343935012817,1.734096799749658,0.0,0.16383343935012817,6,1,6,4,3,1,4,5,2,5,1,9,8,4,2,1,2,1,3,8,4,5,1,5,1,3,1,3,1,1,7
A_baseline,509,1,3.0273752212524414,0.08730010688304901,1.734096799749658,0.0,0.08730010688304901,1,5,1,9,4,2,1,5,3,6,1,8,1,3,1,4,5,1,5,1,4,6,5,1,3,1,1,3,4,1,6
A_baseline,509,1,2.009165048599243,0.08340226113796234,1.734096799749658,0.0,0.08340226113796234,1,3,1,4,4,3,5,7,1,9,5,1,1,4,1,1,4,1,1,6,5,1,3,8,3,5,2,4,6,5,1
A_baseline,509,1,3.9721198081970215,0.1419876366853714,1.734096799749658,0.0,0.1419876366853714,5,5,1,1,1,1,4,1,4,1,4,3,1,1,8,5,5,1,1,1,4,6,1,1,3,5,1,9,3,4,3
A_baseline,509,1,6.0500168800354,0.15420973300933838,1.734096799749658,0.0,0.15420973300933838,6,5,1,1,3,5,4,4,5,1,4,3,7,5,1,3,1,7,4,3,4,1,6,1,1,1,1,9,1,1,1
A_baseline,509,1,2.0949954986572266,0.07652889937162399,1.734096799749658,0.0,0.07652889937162399,4,6,4,2,1,1,1,5,1,3,1,1,3,5,1,4,1,1,6,7,9,1,8,7,4,9,5,3,3,1,4
A_baseline,509,1,2.879960536956787,0.07856200635433197,1.734096799749658,0.0,0.07856200635433197,3,7,4,4,5,6,1,6,1,5,5,1,1,4,6,1,5,5,1,4,5,6,1,1,3,5,1,6,1,4,1
A_baseline,509,1,2.9454095363616943,0.07854650914669037,1.734096799749658,0.0,0.07854650914669037,1,1,6,3,1,3,7,1,9,5,1,4,1,3,1,1,1,8,5,1,5,1,1,1,6,2,1,1,1,3,4
A_baseline,509,1,2.776064872741699,0.1006958931684494,1.734096799749658,0.0,0.1006958931684494,1,1,1,4,3,3,6,5,5,4,7,1,5,9,8,1,4,7,3,1,1,4,1,3,3,4,7,2,5,5,1
A_baseline,509,1,2.1034159660339355,0.08588961511850357,1.734096799749658,0.0,0.08588961511850357,1,1,1,7,1,1,1,4,1,1,3,3,1,6,1,8,5,9,1,5,1,4,4,4,4,1,5,2,1,1,6
A_baseline,509,1,1.8906614780426025,0.08444574475288391,1.734096799749658,0.0,0.08444574475288391,4,6,1,1,3,1,4,8,1,4,1,1,7,5,6,4,3,1,3,3,3,3,1,5,5,1,1,1,1,1,1
A_baseline,509,1,2.0402989387512207,0.10402147471904755,1.734096799749658,0.0,0.10402147471904755,1,8,4,4,3,1,1,6,3,1,3,4,3,1,4,2,1,4,1,1,2,1,4,5,7,5,1,4,2,1,5
A_baseline,509,1,4.079555988311768,0.10191166400909424,1.734096799749658,0.0,0.10191166400909424,1,5,1,1,3,1,3,1,1,1,8,4,5,4,1,1,6,1,3,1,1,6,3,5,7,5,3,4,1,8,9
A_baseline,509,1,3.4096810817718506,0.07572901248931885,1.734096799749658,0.0,0.07572901248931885,8,5,1,1,1,1,3,1,1,3,3,1,2,5,9,5,1,1,4,3,1,5,8,1,8,1,3,3,3,5,4
A_baseline,509,1,4.441883087158203,0.16556815803050995,1.734096799749658,0.0,0.16556815803050995,5,5,6,4,3,3,1,3,3,1,1,1,4,1,1,1,6,2,1,8,7,6,1,1,5,4,1,4,6,4,8
A_baseline,509,1,3.6957333087921143,0.09546811133623123,1.734096799749658,0.0,0.09546811133623123,7,6,1,2,3,2,4,1,1,5,1,3,5,4,1,1,1,4,5,5,1,3,5,4,1,1,9,1,1,5,1
A_baseline,509,1,2.807861566543579,0.07344087213277817,1.734096799749658,0.0,0.07344087213277817,4,4,1,1,5,7,1,3,5,1,4,1,1,4,8,6,1,4,3,2,9,1,6,4,3,1,3,4,3,1,5
A_baseline,509,1,4.903327465057373,0.17432062327861786,1.734096799749658,0.0,0.17432062327861786,1,5,4,6,6,1,4,3,2,1,3,9,3,6,3,8,7,4,4,6,1,1,4,1,5,1,5,5,1,1,5
A_baseline,509,1,6.423697471618652,0.25934502482414246,1.734096799749658,0.0,0.25934502482414246,5,6,1,2,1,4,1,1,5,5,1,9,1,1,1,5,3,1,4,1,3,4,3,4,3,6,1,1,1,2,3
A_baseline,509,1,2.0748419761657715,0.07403072714805603,1.734096799749658,0.0,0.07403072714805603,7,1,1,7,1,1,1,1,3,3,5,4,1,1,2,8,4,1,1,1,5,1,1,9,3,4,3,1,3,4,4
A_baseline,509,1,3.7536537647247314,0.12772254645824432,1.734096799749658,0.0,0.12772254645824432,5,6,1,1,4,5,3,7,1,1,1,1,4,4,4,1,1,3,1,1,1,2,1,5,5,4,3,7,5,3,1
A_baseline,509,1,4.155333518981934,0.11002539843320847,1.734096799749658,0.0,0.11002539843320847,1,5,5,8,3,1,1,6,3,1,5,1,7,1,3,6,3,4,3,4,4,3,5,5,1,4,4,1,1,1,3
A_baseline,509,1,2.366293430328369,0.07691659778356552,1.734096799749658,0.0,0.07691659778356552,1,4,5,1,3,6,1,1,5,4,1,1,5,4,4,3,1,8,1,1,6,5,3,7,5,1,1,6,2,8,4
A_baseline,509,1,3.1957902908325195,0.0928775817155838,1.734096799749658,0.0,0.0928775817155838,1,1,5,6,3,1,1,3,3,1,5,4,1,1,3,7,1,8,5,4,2,4,3,1,4,9,4,7,1,3,6
A_baseline,509,2,2.2260048389434814,0.07609313726425171,1.7161821449736312,0.0,0.07609313726425171,4,1,3,4,5,1,4,5,1,1,1,5,3,5,1,1,1,1,6,2,1,1,1,4,1,4,1,7,4,6,1
A_baseline,509,2,4.035985469818115,0.10066717863082886,1.7161821449736312,0.0,0.10066717863082886,1,5,5,2,1,2,1,6,3,6,1,8,1,6,1,4,1,1,5,5,5,6,5,1,3,9,1,3,2,1,6
A_baseline,509,2,2.2093844413757324,0.08427421003580093,1.7161821449736312,0.0,0.08427421003580093,1,3,1,4,4,7,5,2,1,7,5,1,1,4,1,1,4,1,1,6,5,1,3,8,3,5,2,4,6,5,1
A_baseline,509,2,4.470746994018555,0.14316393435001373,1.7161821449736312,0.0,0.14316393435001373,4,5,3,1,4,5,4,1,5,1,4,3,7,5,1,3,1,1,4,6,3,1,6,1,1,1,1,4,6,1,1
A_baseline,509,2,2.427809000015259,0.07380601018667221,1.7161821449736312,0.0,0.07380601018667221,3,3,1,1,3,4,4,1,9,1,4,1,1,1,1,5,1,1,4,3,1,1,1,4,1,4,6,1,6,3,6
A_baseline,509,2,1.9690760374069214,0.08265753090381622,1.7161821449736312,0.0,0.08265753090381622,4,6,4,1,3,1,7,5,4,9,4,1,7,1,1,1,8,1,8,3,1,1,9,6,5,4,4,1,1,3,3
A_baseline,509,2,1.9825265407562256,0.0796046331524849,1.7161821449736312,0.0,0.0796046331524849,1,1,6,2,3,1,3,1,1,1,4,3,1,1,1,1,3,6,5,5,1,5,1,1,1,1,4,2,9,8,4
A_baseline,509,2,2.280996561050415,0.07839220017194748,1.7161821449736312,0.0,0.07839220017194748,1,7,6,4,1,1,1,1,6,3,4,1,3,3,8,9,4,5,3,5,5,5,1,1,3,9,4,6,5,2,4
A_baseline,509,2,3.711127996444702,0.13770630955696106,1.7161821449736312,0.0,0.13770630955696106,5,1,3,4,2,1,6,5,5,4,7,1,5,1,8,1,3,7,8,4,1,4,1,3,3,1,7,2,5,5,1
A_baseline,509,2,2.480738401412964,0.1400517374277115,1.7161821449736312,0.0,0.1400517374277115,1,1,1,1,1,3,1,5,1,1,3,3,4,3,5,8,1,1,1,4,3,4,4,4,4,1,5,6,1,1,6
A_baseline,509,2,1.982293725013733,0.07461735606193542,1.7161821449736312,0.0,0.07461735606193542,1,8,4,1,3,3,1,3,3,1,1,4,1,1,1,2,1,3,1,5,2,1,4,5,4,5,1,3,5,1,5
A_baseline,509,2,4.2200751304626465,0.10915034264326096,1.7161821449736312,0.0,0.10915034264326096,4,5,1,4,3,1,3,1,1,5,8,4,5,4,1,1,1,1,3,1,1,6,3,5,1,1,3,4,1,8,9
A_baseline,509,2,4.261477470397949,0.11044088006019592,1.7161821449736312,0.0,0.11044088006019592,8,5,1,1,4,1,3,1,1,6,3,1,9,6,2,5,1,1,5,3,1,5,8,1,8,3,3,3,6,5,4
A_baseline,509,2,3.067686080932617,0.0752544105052948,1.7161821449736312,0.0,0.0752544105052948,1,5,1,1,3,3,1,3,3,9,1,1,4,1,1,1,7,2,1,7,7,6,1,1,5,1,1,4,3,4,8
A_baseline,509,2,5.691461563110352,0.1819668412208557,1.7161821449736312,0.0,0.1819668412208557,1,5,1,6,8,5,4,3,2,1,1,9,3,3,3,8,7,1,4,1,3,1,4,1,8,4,5,7,4,1,5
A_baseline,509,2,3.784172296524048,0.10633570700883865,1.7161821449736312,0.0,0.10633570700883865,4,6,1,2,3,4,1,8,5,4,1,9,7,5,6,5,3,1,4,1,1,4,3,4,3,4,1,6,1,2,3
A_baseline,509,2,1.9646731615066528,0.08089299499988556,1.7161821449736312,0.0,0.08089299499988556,7,1,1,7,1,3,1,1,3,3,5,4,1,1,2,8,4,9,1,1,5,1,1,9,5,5,3,1,3,4,4
A_baseline,509,2,2.213554620742798,0.07810370624065399,1.7161821449736312,0.0,0.07810370624065399,4,3,3,7,1,1,6,3,3,4,4,4,5,5,1,5,1,8,1,3,3,5,4,3,5,1,7,1,1,4,2
A_baseline,509,2,3.0606000423431396,0.10634533315896988,1.7161821449736312,0.0,0.10634533315896988,5,6,1,9,1,5,3,5,1,1,1,1,4,4,1,1,1,5,5,1,7,2,1,5,5,1,3,1,4,3,1
A_baseline,509,2,4.585577011108398,0.12777182459831238,1.7161821449736312,0.0,0.12777182459831238,1,5,5,1,1,1,1,1,3,2,5,1,7,1,5,6,3,4,1,4,5,3,5,5,4,4,4,1,3,1,3
A_baseline,509,2,2.5075037479400635,0.0921834334731102,1.7161821449736312,0.0,0.0921834334731102,5,4,4,5,1,5,1,2,1,3,3,7,9,1,5,5,4,1,3,1,6,1,8,4,1,1,4,3,3,2,1
A_baseline,509,2,2.417391061782837,0.07810603082180023,1.7161821449736312,0.0,0.07810603082180023,9,8,1,2,3,3,1,4,4,4,4,2,1,3,1,3,3,5,6,1,3,5,6,4,1,1,5,1,1,1,4
A_baseline,509,2,2.2686452865600586,0.0723680630326271,1.7161821449736312,0.0,0.0723680630326271,6,1,9,7,1,1,1,1,7,3,4,1,3,4,6,5,1,1,5,4,4,8,1,4,4,4,4,3,4,1,5
A_baseline,509,2,3.143704414367676,0.08189332485198975,1.7161821449736312,0.0,0.08189332485198975,1,1,5,6,2,1,1,3,3,1,5,4,1,4,3,7,1,8,5,5,3,4,3,1,1,2,4,1,1,3,6
A_baseline,509,3,2.521578788757324,0.08164510875940323,1.6886647506858457,0.0,0.08164510875940323,1,6,4,1,3,4,5,3,4,1,4,9,6,8,2,5,5,7,1,1,3,1,5,5,6,4,1,2,3,4,1
A_baseline,509,3,3.9106736183166504,0.09726298600435257,1.6886647506858457,0.0,0.09726298600435257,1,5,5,6,1,2,1,6,3,7,1,8,1,6,1,4,1,1,1,5,5,6,5,1,1,9,1,3,1,1,6
A_baseline,1023,1,4.811885833740234,0.2241705060005188,1.7362253278399087,0.0,0.2241705060005188,5,5,4,5,3,1,4,1,5,4,1,1,6,3,3,1,1,3,5,1,4,6,5,1,1,1,1,6,2,7,1
A_baseline,1023,1,7.437033176422119,0.32844144105911255,1.7362253278399087,0.0,0.32844144105911255,5,5,5,4,4,6,9,1,5,6,3,1,8,1,1,4,2,4,3,1,3,1,1,1,3,1,1,3,5,6,4
A_baseline,1023,1,3.8443901538848877,0.11914669722318649,1.7362253278399087,0.0,0.11914669722318649,9,5,1,7,1,3,9,4,3,5,6,6,4,4,5,3,4,4,5,1,6,8,1,4,7,1,1,9,3,7,1
A_baseline,1023,1,4.439223766326904,0.1565408557653427,1.7362253278399087,0.0,0.1565408557653427,2,5,1,3,1,8,1,4,1,2,2,3,5,1,1,4,1,6,1,5,5,1,7,3,4,8,1,5,1,3,1
A_baseline,1023,1,5.881563186645508,0.2028695046901703,1.7362253278399087,0.0,0.2028695046901703,5,5,1,3,4,8,1,5,1,7,5,3,4,4,4,3,1,4,1,1,5,1,1,1,4,6,1,1,1,4,1
A_baseline,1023,1,3.3647584915161133,0.08661800622940063,1.7362253278399087,0.0,0.08661800622940063,4,5,6,8,9,1,1,7,1,1,6,1,1,5,5,3,1,9,5,3,4,2,3,3,4,4,1,2,4,5,1
A_baseline,1023,1,3.554034471511841,0.11720883101224899,1.7362253278399087,0.0,0.11720883101224899,5,8,3,1,1,4,4,2,5,4,4,3,3,4,4,5,4,5,1,4,1,1,3,3,1,5,1,6,9,1,1
A_baseline,1023,1,3.0160481929779053,0.07523509114980698,1.7362253278399087,0.0,0.07523509114980698,1,7,1,4,9,5,1,1,5,6,1,5,4,3,1,4,3,4,5,5,5,1,1,1,1,5,1,3,5,4,1
A_baseline,1023,1,2.0338239669799805,0.08076063543558121,1.7362253278399087,0.0,0.08076063543558121,1,3,1,5,7,4,1,3,4,4,1,1,4,3,6,1,4,1,9,6,5,4,4,7,5,1,6,1,6,3,5
A_baseline,1023,1,4.267953395843506,0.0985427275300026,1.7362253278399087,0.0,0.0985427275300026,5,1,5,5,7,1,1,3,1,1,1,4,1,3,5,1,8,2,1,5,5,1,9,3,8,5,4,6,6,1,5
A_baseline,1023,1,3.864464044570923,0.12894925475120544,1.7362253278399087,0.0,0.12894925475120544,4,5,4,3,1,1,4,1,6,6,4,4,4,2,5,5,9,5,6,1,3,2,1,9,3,3,4,6,4,8,1
A_baseline,1023,1,4.136910438537598,0.13340231776237488,1.7362253278399087,0.0,0.13340231776237488,6,5,5,4,8,3,1,1,4,1,6,9,4,1,4,5,1,1,3,4,5,1,1,2,5,1,1,2,1,3,4
A_baseline,1023,1,5.225766658782959,0.17653587460517883,1.7362253278399087,0.0,0.17653587460517883,1,5,5,4,8,1,1,1,1,5,1,1,9,6,1,5,3,4,4,6,3,1,5,1,1,1,1,2,4,7,4
A_baseline,1023,1,2.8809423446655273,0.07757525146007538,1.7362253278399087,0.0,0.07757525146007538,1,1,1,4,1,9,5,1,5,1,4,1,5,1,3,7,5,1,6,7,5,4,3,1,3,4,5,3,1,1,3
A_baseline,1023,1,2.6738946437835693,0.07630269229412079,1.7362253278399087,0.0,0.07630269229412079,1,1,4,1,1,1,3,1,4,1,1,4,5,2,3,1,1,1,4,1,2,5,5,4,2,1,5,2,6,1,1
A_baseline,1023,1,4.850510120391846,0.17775875329971313,1.7362253278399087,0.0,0.17775875329971313,5,1,6,4,1,6,3,7,5,1,4,3,1,5,1,5,1,4,5,1,1,4,1,1,7,1,6,1,9,1,2
A_baseline,1023,1,2.8854663372039795,0.07862505316734314,1.7362253278399087,0.0,0.07862505316734314,3,1,4,3,4,1,4,5,2,1,1,4,1,1,3,1,5,4,9,1,1,5,3,1,5,7,1,4,6,6,1
A_baseline,1023,1,3.4639687538146973,0.07703129947185516,1.7362253278399087,0.0,0.07703129947185516,6,5,3,4,4,6,1,4,4,5,1,4,5,4,1,1,4,5,1,1,3,1,8,1,9,1,3,6,3,4,1
A_baseline,1023,1,5.405172824859619,0.177439346909523,1.7362253278399087,0.0,0.177439346909523,7,5,5,1,1,6,1,6,6,6,3,1,1,4,1,3,1,5,9,1,4,4,3,4,5,1,1,1,4,3,5
A_baseline,1023,1,3.586012601852417,0.08787813782691956,1.7362253278399087,0.0,0.08787813782691956,9,5,1,1,8,1,4,6,2,1,1,5,5,6,4,4,4,3,3,1,1,1,4,1,1,1,1,5,3,1,1
A_baseline,1023,1,2.95259165763855,0.1118985116481781,1.7362253278399087,0.0,0.1118985116481781,5,1,4,6,1,5,1,1,1,2,4,1,3,9,3,8,1,4,4,5,4,4,1,1,1,6,5,5,6,3,5
A_baseline,1023,1,2.101905107498169,0.07947132736444473,1.7362253278399087,0.0,0.07947132736444473,1,1,2,2,3,1,4,5,4,4,4,1,5,8,4,7,4,3,4,3,1,6,9,3,5,1,5,1,4,1,3
A_baseline,1023,1,3.338535785675049,0.08309277892112732,1.7362253278399087,0.0,0.08309277892112732,1,5,5,3,1,7,4,5,1,3,1,1,5,1,3,4,6,3,5,5,4,1,1,2,7,3,5,1,1,3,1
A_baseline,1023,1,3.0419373512268066,0.10566223412752151,1.7362253278399087,0.0,0.10566223412752151,5,6,3,1,1,1,2,4,1,1,3,1,5,5,5,6,4,5,4,1,5,3,4,3,3,4,3,1,4,5,4
A_baseline,1023,2,7.636439800262451,0.3546934723854065,1.7149049844666362,0.0,0.3546934723854065,5,5,5,4,4,1,9,1,5,6,1,1,8,4,3,4,4,4,3,1,8,1,1,1,3,1,1,5,5,6,4
A_baseline,1023,2,2.8356635570526123,0.09263197332620621,1.7149049844666362,0.0,0.09263197332620621,1,5,1,4,1,2,1,3,3,1,9,1,3,4,7,4,4,1,1,5,3,4,5,6,1,5,1,3,1,6,1
A_baseline,1023,2,4.321630477905273,0.12098120898008347,1.7149049844666362,0.0,0.12098120898008347,1,5,1,1,5,4,9,1,3,5,3,6,4,4,1,3,1,1,1,1,6,8,1,4,4,3,1,9,3,7,1
A_baseline,1023,2,3.7157514095306396,0.1612095832824707,1.7149049844666362,0.0,0.1612095832824707,1,5,1,3,1,7,1,4,1,2,4,3,5,4,3,4,4,3,5,5,5,1,7,3,4,8,1,5,1,3,1
A_baseline,1023,2,4.7108683586120605,0.14757226407527924,1.7149049844666362,0.0,0.14757226407527924,5,5,1,5,5,8,1,1,1,6,5,3,5,4,4,3,7,4,1,1,4,1,1,1,1,6,1,3,1,4,1
A_baseline,1023,2,3.656418800354004,0.11144348233938217,1.7149049844666362,0.0,0.11144348233938217,1,5,1,1,4,1,1,7,1,4,3,1,1,5,5,3,1,9,1,3,4,2,3,3,4,1,1,3,4,5,1
A_baseline,1023,2,2.1659188270568848,0.0871412381529808,1.7149049844666362,0.0,0.0871412381529808,3,1,2,1,4,1,7,4,4,1,1,4,1,1,1,4,1,3,1,1,5,1,3,3,1,1,3,2,6,8,4
A_baseline,1023,2,3.828981399536133,0.15649841725826263,1.7149049844666362,0.0,0.15649841725826263,5,8,3,1,1,1,4,4,5,4,4,3,1,4,1,5,4,1,9,4,7,1,3,3,1,5,1,1,3,1,1
A_baseline,1023,2,2.239018440246582,0.08625521510839462,1.7149049844666362,0.0,0.08625521510839462,1,7,1,4,4,4,1,1,5,8,4,5,6,3,4,4,1,4,3,5,3,1,1,1,1,6,1,1,8,4,1
A_baseline,1023,2,3.5414559841156006,0.09982319176197052,1.7149049844666362,0.0,0.09982319176197052,1,1,1,5,5,1,6,2,5,1,1,5,7,3,3,3,1,7,4,4,9,1,4,1,1,5,1,3,3,3,1
A_baseline,1023,2,3.406425714492798,0.09282594919204712,1.7149049844666362,0.0,0.09282594919204712,4,5,4,3,8,1,4,1,6,4,3,4,4,2,3,5,9,1,9,1,4,2,1,9,3,1,4,6,4,8,1
A_baseline,1023,2,3.9227004051208496,0.1578771024942398,1.7149049844666362,0.0,0.1578771024942398,6,5,5,4,4,1,1,1,4,1,5,9,1,1,4,5,1,1,1,4,8,1,1,2,5,4,1,2,5,3,4
A_baseline,1023,2,4.955779552459717,0.16766750812530518,1.7149049844666362,0.0,0.16766750812530518,1,5,5,4,3,1,1,1,1,5,1,1,9,6,4,5,3,1,9,6,3,1,5,1,7,4,1,1,3,7,4
A_baseline,1023,2,2.5389564037323,0.09139338880777359,1.7149049844666362,0.0,0.09139338880777359,1,1,1,1,1,1,3,1,4,1,4,4,4,6,3,1,4,1,4,1,5,5,5,4,5,1,5,8,1,1,1
A_baseline,1023,2,3.685389518737793,0.09790438413619995,1.7149049844666362,0.0,0.09790438413619995,5,1,5,1,4,1,3,1,1,5,4,1,4,9,1,4,1,1,5,3,5,1,2,1,4,1,6,5,5,4,8
A_baseline,1023,2,5.06027364730835,0.18403959274291992,1.7149049844666362,0.0,0.18403959274291992,5,1,6,1,1,1,3,7,5,1,3,3,9,5,1,5,1,1,5,1,1,4,1,1,7,1,6,1,3,1,2
A_baseline,1023,2,2.351318836212158,0.08472128212451935,1.7149049844666362,0.0,0.08472128212451935,1,1,1,1,1,4,1,3,6,8,4,4,5,3,6,1,1,1,1,6,4,3,1,4,5,1,1,1,6,7,1
A_baseline,1023,2,2.3817191123962402,0.09340144693851471,1.7149049844666362,0.0,0.09340144693851471,4,5,6,4,4,1,1,1,4,1,1,4,5,4,1,1,7,5,3,2,1,1,8,1,6,1,3,6,3,4,1
A_baseline,1023,2,6.430184841156006,0.2273663431406021,1.7149049844666362,0.0,0.2273663431406021,1,5,5,1,4,6,1,6,6,3,3,1,1,4,1,3,1,1,9,5,3,4,3,4,8,1,1,1,4,3,5
A_baseline,1023,2,4.56361198425293,0.1674315482378006,1.7149049844666362,0.0,0.1674315482378006,1,5,1,1,8,1,4,3,2,9,1,5,9,6,4,4,4,3,3,1,1,1,4,1,1,1,1,5,3,1,1
A_baseline,1023,2,3.5862512588500977,0.08781522512435913,1.7149049844666362,0.0,0.08781522512435913,5,1,5,1,1,1,1,1,1,7,5,1,3,9,1,8,1,4,4,5,4,4,1,1,8,1,5,5,6,3,5
A_baseline,1023,2,3.3984203338623047,0.0881432518362999,1.7149049844666362,0.0,0.0881432518362999,1,1,5,6,1,1,6,9,1,1,5,4,9,2,1,5,1,2,5,1,2,4,1,1,8,6,5,3,4,1,3
A_baseline,1023,2,3.5729024410247803,0.09289877861738205,1.7149049844666362,0.0,0.09289877861738205,1,5,5,1,7,1,9,1,4,7,4,4,1,5,1,5,1,5,3,5,1,5,1,3,3,4,1,3,6,8,1
A_baseline,1023,2,3.002470016479492,0.12116265296936035,1.7149049844666362,0.0,0.12116265296936035,5,6,3,3,1,7,2,4,1,1,3,1,5,5,5,6,1,6,4,1,5,3,4,3,5,4,3,3,4,5,4
A_baseline,1023,3,4.814469814300537,0.19152314960956573,1.7069070795249393,0.0,0.19152314960956573,1,5,1,3,3,1,4,1,5,3,1,1,8,8,4,1,1,3,9,1,4,6,5,1,4,1,1,6,3,7,1
A_baseline,1023,3,2.8142528533935547,0.084264375269413,1.7069070795249393,0.0,0.084264375269413,4,1,1,4,8,1,4,4,5,1,5,2,1,1,1,7,1,3,1,4,9,8,5,1,5,6,4,1,5,5,1
B_sens_al_score,42,1,2.3369646072387695,0.0796680897474289,1.7424998491545223,35.22806930541992,0.8309710025787354,4,3,5,4,1,1,1,3,2,3,4,4,5,1,5,1,7,4,3,1,1,7,4,1,3,2,5,5,1,1,9
B_sens_al_score,42,1,3.766731023788452,0.08720124512910843,1.7424998491545223,31.74397850036621,0.5145772099494934,1,1,5,9,3,1,5,1,7,5,3,1,1,1,1,1,4,4,6,1,1,1,1,6,4,1,6,7,5,4,1
B_sens_al_score,42,1,2.231677293777466,0.10202514380216599,1.7424998491545223,30.61438751220703,0.960476279258728,1,1,1,3,4,1,1,5,4,1,1,3,1,8,1,1,4,9,1,1,3,5,1,3,3,7,5,3,2,6,1
B_sens_al_score,42,1,3.294480562210083,0.09382003545761108,1.7424998491545223,36.21429443359375,1.641895055770874,3,1,5,5,5,5,3,7,1,2,1,5,1,1,3,1,4,5,2,4,5,1,3,9,1,5,8,6,5,6,1
B_sens_al_score,42,1,2.1831576824188232,0.06626249849796295,1.7424998491545223,35.85801315307617,0.35467082262039185,3,1,3,5,5,7,6,9,1,4,4,3,1,1,1,1,1,8,4,8,4,1,7,9,4,1,5,6,7,1,5
B_sens_al_score,42,1,2.810609817504883,0.1087573766708374,1.7424998491545223,38.89453887939453,2.8036980628967285,1,2,1,1,3,1,4,1,5,3,4,5,5,3,7,3,7,1,5,8,2,1,6,6,3,7,1,6,7,1,3
B_sens_al_score,42,1,3.5524561405181885,0.11555281281471252,1.7424998491545223,36.61751937866211,2.6798527240753174,5,5,8,1,5,5,1,3,4,3,1,1,9,1,3,4,1,4,6,4,6,2,6,9,7,4,1,4,3,1,1
B_sens_al_score,42,1,4.090745449066162,0.1163414865732193,1.7424998491545223,34.70547866821289,2.3580210208892822,5,6,1,2,3,2,1,1,1,3,3,5,4,3,4,6,4,1,1,3,3,5,1,1,4,3,3,3,3,5,9
B_sens_al_score,42,1,5.1781325340271,0.19179704785346985,1.7424998491545223,33.6587028503418,5.505237579345703,5,5,4,7,4,1,1,4,7,4,3,4,4,7,5,4,1,3,1,1,1,1,4,3,1,3,3,1,1,1,9
B_sens_al_score,42,1,3.844848394393921,0.07476681470870972,1.7424998491545223,34.746089935302734,0.5239213109016418,4,1,1,1,1,6,1,5,2,5,4,1,1,3,4,3,7,1,4,1,6,4,5,4,5,6,8,4,4,9,1
B_sens_al_score,42,1,2.389291763305664,0.06992803514003754,1.7424998491545223,35.299808502197266,0.41289132833480835,4,9,1,1,4,8,1,8,4,3,1,4,1,1,4,5,2,5,1,3,1,6,3,1,1,4,3,5,6,4,7
B_sens_al_score,42,1,3.349766731262207,0.0788990929722786,1.7424998491545223,32.75144577026367,0.33479171991348267,7,1,1,2,1,1,1,4,3,5,1,6,1,1,3,5,6,9,9,4,1,1,4,3,1,4,4,3,1,5,1
B_sens_al_score,42,1,2.9213874340057373,0.07151774317026138,1.7424998491545223,34.830135345458984,0.39567580819129944,3,1,8,1,3,7,4,9,5,1,3,1,5,7,1,1,4,6,1,5,4,4,4,1,1,1,3,4,8,2,5
B_sens_al_score,42,1,3.9429266452789307,0.12457180768251419,1.7424998491545223,33.48477554321289,2.4948368072509766,5,1,6,5,4,6,1,1,7,1,9,3,1,1,4,5,3,1,3,1,3,8,5,4,4,1,1,1,1,5,2
B_sens_al_score,42,1,2.1215758323669434,0.0897994115948677,1.7424998491545223,32.66988754272461,0.8024367094039917,7,4,3,5,6,5,1,1,4,4,3,1,1,1,5,1,3,4,1,6,5,8,1,5,1,1,4,5,5,1,4
B_sens_al_score,42,1,1.9705184698104858,0.06862058490514755,1.7424998491545223,36.65501403808594,0.607842206954956,8,8,3,6,1,5,4,6,9,3,1,4,7,5,4,1,4,1,5,3,3,1,1,5,1,3,5,1,4,6,1
B_sens_al_score,42,1,2.881512403488159,0.07121071964502335,1.7424998491545223,36.389678955078125,0.6730711460113525,1,4,2,1,1,3,1,4,1,1,4,1,1,9,5,2,5,9,9,4,4,3,1,7,3,5,1,9,8,1,9
B_sens_al_score,42,1,1.9483479261398315,0.07358096539974213,1.7424998491545223,33.78353500366211,0.29178693890571594,1,3,4,3,1,4,1,3,4,1,7,9,1,6,4,1,8,4,3,1,1,3,1,1,2,1,8,4,4,5,1
B_sens_al_score,42,1,3.754504442214966,0.10611296445131302,1.7424998491545223,30.51327133178711,1.1226913928985596,2,1,3,1,1,4,1,1,6,1,4,4,4,4,1,4,1,1,3,1,3,5,3,1,4,5,7,1,1,8,1
B_sens_al_score,42,1,3.974904775619507,0.10592275857925415,1.7424998491545223,36.41965103149414,2.216339588165283,8,6,2,1,4,5,6,9,5,8,5,9,1,1,1,1,1,1,4,1,3,1,5,3,1,4,7,1,1,3,3
B_sens_al_score,42,1,2.013422966003418,0.08348764479160309,1.7424998491545223,34.496315002441406,0.863631546497345,1,1,4,1,4,1,1,1,3,4,8,3,1,1,5,4,8,4,3,5,1,1,7,6,6,2,3,5,5,1,9
B_sens_al_score,42,1,1.987695336341858,0.06721637398004532,1.7424998491545223,35.438636779785156,0.3186739981174469,5,4,1,1,4,5,5,3,4,4,3,4,1,4,3,3,6,9,4,6,3,1,1,1,6,5,6,8,7,1,1
B_sens_al_score,42,1,2.400644540786743,0.08295441418886185,1.7424998491545223,33.80009841918945,0.7101030945777893,3,1,1,4,3,1,1,9,6,1,4,6,2,3,5,1,1,9,2,4,5,1,4,5,5,3,5,4,4,1,1
B_sens_al_score,42,2,2.574772834777832,0.0810685008764267,1.7318574601311403,34.89791488647461,0.7470256686210632,4,3,5,2,8,1,1,1,2,4,4,4,1,1,1,1,7,4,1,4,1,7,4,1,1,2,5,5,1,1,9
B_sens_al_score,42,2,2.8103744983673096,0.07823626697063446,1.7318574601311403,34.02090835571289,0.49548566341400146,6,1,5,1,6,5,3,1,1,1,1,5,5,7,3,1,4,5,2,3,1,1,3,9,1,5,8,6,5,6,1
B_sens_al_score,42,2,2.466010093688965,0.08615836501121521,1.7318574601311403,35.13798141479492,0.9893156290054321,8,1,1,1,3,2,1,7,8,5,8,4,5,1,6,3,4,1,5,3,1,6,1,4,5,8,1,1,5,1,4
B_sens_al_score,42,2,3.6067023277282715,0.16646388173103333,1.7318574601311403,38.29135513305664,4.712469577789307,6,2,1,3,3,4,4,1,5,3,4,5,5,1,7,3,7,1,5,6,2,1,6,6,3,1,1,4,7,1,3
B_sens_al_score,42,2,3.4905519485473633,0.1114870011806488,1.7318574601311403,33.1104850769043,1.6891385316848755,1,5,5,4,1,3,1,3,4,3,3,1,4,6,4,4,1,4,1,1,3,2,6,9,1,4,1,5,4,1,1
B_sens_al_score,42,2,4.551365375518799,0.11354994028806686,1.7318574601311403,34.501136779785156,1.9903982877731323,5,6,4,1,3,2,1,5,1,1,7,5,4,3,4,6,4,4,3,1,1,5,1,1,2,1,3,3,3,5,9
B_sens_al_score,42,2,3.133787155151367,0.08114324510097504,1.7318574601311403,32.7359504699707,0.41059768199920654,4,3,5,1,7,5,1,1,1,1,2,3,1,4,3,5,1,7,1,1,1,8,5,4,5,6,5,1,1,4,6
B_sens_al_score,42,2,2.51204776763916,0.0763736367225647,1.7318574601311403,33.25798416137695,0.3008323609828949,1,4,5,3,2,8,1,3,1,6,1,5,3,1,4,1,1,1,5,5,8,3,7,1,4,4,1,4,3,4,1
B_sens_al_score,42,2,4.879027843475342,0.15937258303165436,1.7318574601311403,34.72212219238281,3.867041826248169,1,5,1,7,8,1,1,9,7,1,4,4,3,7,5,4,1,3,1,6,1,1,4,3,1,1,3,1,8,1,9
B_sens_al_score,42,2,4.3428730964660645,0.14192260801792145,1.7318574601311403,32.23262023925781,2.774742603302002,1,1,5,1,1,6,1,5,2,6,4,1,1,1,4,3,1,1,1,1,6,4,5,4,5,1,8,4,4,9,1
B_sens_al_score,42,2,3.176684856414795,0.08076391369104385,1.7318574601311403,33.47581100463867,0.5115090608596802,3,1,1,4,6,1,1,4,3,5,1,6,1,5,1,5,8,9,9,3,6,1,4,3,1,4,4,3,1,5,1
B_sens_al_score,42,2,3.596426486968994,0.11378800123929977,1.7318574601311403,36.553253173828125,2.3221538066864014,5,1,6,5,5,5,1,1,7,8,3,3,1,5,4,5,1,1,3,6,5,8,5,4,4,6,1,1,1,5,2
B_sens_al_score,42,2,2.962475299835205,0.07457513362169266,1.7318574601311403,33.604270935058594,0.2829049825668335,1,1,4,4,4,6,5,9,7,5,1,1,1,1,3,3,8,1,4,1,1,5,3,8,5,6,5,1,1,3,1
B_sens_al_score,42,2,1.9339399337768555,0.07979825884103775,1.7318574601311403,33.98725509643555,0.5529899597167969,1,3,1,3,1,4,1,7,4,1,7,9,4,6,6,1,8,4,1,1,1,3,1,1,2,5,8,1,4,5,1
B_sens_al_score,42,2,2.5429131984710693,0.07735027372837067,1.7318574601311403,36.396324157714844,0.8328158855438232,1,2,7,4,8,7,1,6,1,3,1,1,7,5,5,5,1,6,6,5,1,1,5,1,1,6,4,3,3,4,5
B_sens_al_score,42,2,3.227476119995117,0.0909314677119255,1.7318574601311403,30.660972595214844,0.47828274965286255,4,1,1,2,1,4,1,1,6,1,4,4,9,4,1,4,4,1,1,1,3,5,3,1,1,5,7,1,1,8,1
B_sens_al_score,42,2,2.4160330295562744,0.10788293182849884,1.7318574601311403,35.692955017089844,1.9497172832489014,4,4,3,6,1,4,5,5,2,1,9,6,4,1,4,9,1,4,1,7,1,3,3,4,4,1,1,1,8,5,1
B_sens_al_score,42,2,3.961057424545288,0.12477163970470428,1.7318574601311403,40.09127426147461,3.3191428184509277,8,6,2,1,4,5,6,9,5,8,5,9,7,1,4,1,1,1,4,3,3,1,5,3,1,4,7,1,7,3,3
B_sens_al_score,42,2,2.067582607269287,0.08163374662399292,1.7318574601311403,37.569976806640625,1.1892657279968262,1,1,4,6,4,3,1,6,3,4,8,3,4,1,4,4,8,4,5,5,1,1,7,6,8,2,3,5,5,1,9
B_sens_al_score,42,2,2.5668489933013916,0.07667350769042969,1.7318574601311403,33.491844177246094,0.3496028184890747,1,1,4,1,4,1,5,4,1,1,2,6,1,4,9,5,8,7,3,1,4,4,6,4,6,6,1,1,3,1,4
B_sens_al_score,42,2,2.329115867614746,0.06497813761234283,1.7318574601311403,36.096336364746094,0.28839027881622314,4,1,3,8,1,9,1,3,1,3,3,8,6,3,4,5,1,6,3,5,4,6,5,1,6,4,4,5,1,4,2
B_sens_al_score,42,2,2.041853189468384,0.0762956440448761,1.7318574601311403,35.68647384643555,0.6789747476577759,8,1,3,4,1,4,6,6,3,1,3,8,7,1,2,1,1,4,5,4,1,1,3,4,3,3,7,6,1,4,5
B_sens_al_score,42,2,3.5462937355041504,0.10941865295171738,1.7318574601311403,27.87210464477539,0.7835609316825867,1,3,1,1,1,1,3,5,1,5,1,1,1,3,1,8,1,4,1,1,7,4,1,4,1,5,1,4,4,1,5
B_sens_al_score,42,3,3.6014957427978516,0.08569765836000443,1.7195500055489557,34.97560119628906,0.8029639720916748,3,3,2,2,3,1,1,1,2,5,1,4,1,1,3,1,1,5,1,3,1,7,4,1,6,2,5,5,1,1,9
B_sens_al_score,42,3,2.341488838195801,0.09644706547260284,1.7195500055489557,35.6516227722168,1.303504467010498,8,1,1,1,1,2,1,7,8,6,8,4,4,6,6,3,4,4,5,1,1,6,1,4,1,8,1,1,5,1,4
B_sens_al_score,42,3,3.9260239601135254,0.1359732747077942,1.7195500055489557,39.90907287597656,3.405531883239746,6,2,5,3,4,1,4,5,5,3,4,5,5,9,1,3,7,5,5,6,2,1,6,6,3,5,1,6,1,1,3
B_sens_al_score,42,3,3.2838869094848633,0.08907584100961685,1.7195500055489557,32.901336669921875,0.6227336525917053,1,5,5,4,4,3,1,3,4,1,3,1,1,6,9,4,1,4,1,1,4,2,6,9,5,3,1,5,1,1,1
B_sens_al_score,137,1,3.135336399078369,0.08589041233062744,1.7336269555286585,33.095157623291016,0.26662400364875793,3,1,5,4,2,3,1,1,1,5,1,1,4,2,1,1,4,5,3,6,7,1,5,9,4,4,5,4,1,5,4
B_sens_al_score,137,1,2.207611083984375,0.09288715571165085,1.7336269555286585,33.3834114074707,0.5320780277252197,1,1,4,3,4,5,3,4,5,1,4,9,4,7,1,4,7,1,5,1,8,4,8,1,1,4,1,1,5,3,1
B_sens_al_score,137,1,3.2101759910583496,0.0894865170121193,1.7336269555286585,33.12019348144531,0.3808060586452484,3,5,1,1,6,1,5,1,3,1,7,5,4,1,1,1,8,4,3,4,3,1,1,1,7,5,4,1,2,6,8
B_sens_al_score,137,1,4.2666425704956055,0.11675666272640228,1.7336269555286585,37.117881774902344,1.934924840927124,1,5,1,3,1,1,1,9,1,2,5,5,1,4,1,4,6,7,1,2,8,4,4,3,1,6,1,7,5,6,3
B_sens_al_score,137,1,3.2713282108306885,0.09557893127202988,1.7336269555286585,33.298194885253906,0.5987564921379089,1,7,6,1,1,1,1,1,1,5,1,1,3,4,1,3,6,6,9,1,5,1,4,3,5,1,5,6,1,8,4
B_sens_al_score,137,1,2.8476638793945312,0.08085066825151443,1.7336269555286585,33.914546966552734,0.26104652881622314,1,4,1,7,5,1,4,1,5,5,4,7,1,1,1,3,8,5,5,4,4,1,1,3,1,1,6,3,8,2,1
B_sens_al_score,137,1,5.818477630615234,0.2191217690706253,1.7336269555286585,36.58932113647461,4.9608354568481445,5,5,7,3,4,4,1,4,6,7,1,1,6,1,1,9,4,2,1,1,3,4,4,5,4,1,3,1,7,4,1
B_sens_al_score,137,1,2.1748218536376953,0.08938736468553543,1.7336269555286585,34.18234634399414,0.5697616934776306,4,1,6,4,1,4,1,6,6,4,1,1,3,1,2,6,4,3,7,5,5,3,1,4,1,5,5,5,3,1,4
B_sens_al_score,137,1,2.675363540649414,0.07488545030355453,1.7336269555286585,35.09980010986328,0.29337653517723083,1,8,1,1,1,1,1,9,5,1,5,2,5,3,6,3,6,6,1,1,7,1,3,4,1,4,5,4,5,3,4
B_sens_al_score,137,1,4.978375434875488,0.17862124741077423,1.7336269555286585,34.70878219604492,3.385944128036499,1,5,5,3,5,4,1,8,6,3,1,9,5,1,1,3,1,1,1,9,4,1,6,5,1,4,1,4,8,5,7
B_sens_al_score,137,1,4.374395847320557,0.15926922857761383,1.7336269555286585,32.21800231933594,2.3456413745880127,1,1,8,3,5,4,5,6,5,1,4,9,1,4,1,5,4,1,1,4,5,1,4,3,1,8,1,4,6,1,4
B_sens_al_score,137,1,4.0405402183532715,0.09971419721841812,1.7336269555286585,31.674182891845703,0.43132176995277405,1,6,1,4,1,1,1,9,1,5,1,8,2,1,5,6,4,6,3,5,3,1,4,1,1,5,1,1,1,3,1
B_sens_al_score,137,1,2.6193230152130127,0.06534051895141602,1.7336269555286585,37.14915084838867,0.37273091077804565,3,6,4,6,4,4,5,1,3,5,1,2,5,1,5,4,9,3,3,6,6,5,8,1,1,1,1,3,8,1,1
B_sens_al_score,137,1,3.5224173069000244,0.08516636490821838,1.7336269555286585,33.02756118774414,0.23232769966125488,5,1,1,5,5,1,1,3,5,4,8,1,2,5,1,1,4,5,1,3,1,4,3,1,8,1,5,3,5,2,4
B_sens_al_score,137,1,4.58755350112915,0.20601598918437958,1.7336269555286585,34.17073059082031,4.124048709869385,5,1,1,6,1,1,4,7,6,5,5,4,6,3,5,1,4,3,2,3,1,1,8,1,7,4,1,5,1,5,1
B_sens_al_score,137,1,4.038851737976074,0.114933542907238,1.7336269555286585,32.094112396240234,0.9713094830513,4,5,5,4,4,4,1,4,1,1,3,1,1,8,2,6,5,1,4,7,1,1,1,6,4,5,1,3,1,3,1
B_sens_al_score,137,1,4.120495796203613,0.10109854489564896,1.7336269555286585,38.001686096191406,1.617201328277588,3,5,5,4,1,7,4,1,1,2,1,5,6,6,2,1,1,4,1,4,1,4,7,5,3,7,8,5,9,3,1
B_sens_al_score,137,1,2.032927989959717,0.10456578433513641,1.7336269555286585,31.13128662109375,0.4811365604400635,3,4,4,1,4,4,6,5,7,4,1,1,1,1,1,3,5,1,1,5,4,1,4,1,1,4,3,5,1,3,9
B_sens_al_score,137,1,3.9194300174713135,0.08450274169445038,1.7336269555286585,34.53031921386719,0.48370808362960815,1,6,1,6,1,2,9,3,1,5,1,6,1,4,7,4,3,4,3,6,5,4,2,1,1,4,1,3,1,1,1
B_sens_al_score,137,1,4.601211071014404,0.14588671922683716,1.7336269555286585,32.76897048950195,2.0371501445770264,5,1,5,1,4,4,3,6,6,1,3,4,5,1,3,1,7,4,5,5,1,8,1,3,1,2,1,4,1,5,1
B_sens_al_score,137,1,2.4674482345581055,0.08377374708652496,1.7336269555286585,33.79751205444336,0.3290272355079651,6,3,5,1,9,5,1,5,1,1,6,3,4,7,5,1,8,1,1,5,1,4,1,5,4,1,5,5,2,3,1
B_sens_al_score,137,1,2.472649335861206,0.08213954418897629,1.7336269555286585,35.53425598144531,0.593103289604187,8,1,1,5,1,1,4,5,6,9,1,1,7,3,1,3,9,6,1,1,4,5,3,4,1,7,3,4,1,4,4
B_sens_al_score,137,1,2.9555306434631348,0.08601062744855881,1.7336269555286585,39.181819915771484,1.3704252243041992,1,4,5,3,1,8,1,4,5,7,7,3,7,7,4,6,7,4,4,2,1,1,6,1,1,3,1,4,1,4,9
B_sens_al_score,137,1,2.3695266246795654,0.07410857081413269,1.7336269555286585,37.80451202392578,0.7585508823394775,3,1,4,7,3,1,2,3,5,7,8,4,4,1,1,1,1,2,4,9,8,1,5,6,6,1,9,3,1,1,1
B_sens_al_score,137,2,2.367013931274414,0.09538967162370682,1.726229044711256,33.804962158203125,0.70262610912323,1,1,4,3,4,5,3,4,5,1,4,9,3,4,1,4,7,1,5,1,6,4,8,1,1,4,1,7,5,3,1
B_sens_al_score,137,2,4.018453598022461,0.11074110120534897,1.726229044711256,33.90522003173828,1.1492735147476196,1,3,5,9,1,1,1,5,5,6,1,1,4,3,1,2,8,6,4,1,4,5,1,3,3,1,1,5,5,4,1
B_sens_al_score,137,2,3.8389976024627686,0.09962000697851181,1.726229044711256,34.35423278808594,0.9149758219718933,1,5,6,4,5,5,1,1,4,2,3,9,1,4,2,3,1,4,2,1,6,1,1,1,5,1,4,5,1,4,1
B_sens_al_score,137,2,3.746663808822632,0.11213615536689758,1.726229044711256,33.312225341796875,1.0868240594863892,1,5,4,8,1,3,1,9,1,2,5,5,1,1,1,4,1,7,1,3,1,4,4,3,1,4,1,1,6,6,3
B_sens_al_score,137,2,2.9256751537323,0.09165811538696289,1.726229044711256,38.21375274658203,1.3527039289474487,1,4,1,7,5,1,4,1,5,5,4,7,8,5,6,3,8,7,5,6,4,1,1,3,1,1,6,3,8,2,1
B_sens_al_score,137,2,5.745790958404541,0.3125235438346863,1.726229044711256,34.27903366088867,6.858554840087891,5,5,4,3,1,7,1,3,6,7,1,1,6,1,1,9,4,1,1,1,6,4,4,5,4,1,3,4,1,4,1
B_sens_al_score,137,2,2.3473987579345703,0.09757169336080551,1.726229044711256,32.8203239440918,0.5951719284057617,4,1,6,4,1,4,1,6,6,4,1,1,3,3,1,6,4,1,7,5,1,3,1,4,1,5,5,6,3,1,4
B_sens_al_score,137,2,3.464292526245117,0.08950096368789673,1.726229044711256,34.456703186035156,0.6494089365005493,1,7,5,6,1,1,1,4,1,5,9,4,4,9,3,1,1,1,2,1,7,5,1,2,1,1,5,3,1,1,4
B_sens_al_score,137,2,2.7926504611968994,0.07968936115503311,1.726229044711256,35.723182678222656,0.591640293598175,1,5,3,4,5,4,1,9,6,3,1,9,6,1,1,3,4,1,1,9,4,1,6,5,1,4,1,5,9,5,7
B_sens_al_score,137,2,1.9572471380233765,0.07719682157039642,1.726229044711256,38.37340545654297,0.9754385948181152,4,1,4,7,3,8,3,3,4,8,9,1,1,4,5,8,4,9,6,5,4,1,3,3,1,2,1,3,5,1,3
B_sens_al_score,137,2,4.087701797485352,0.13791321218013763,1.726229044711256,30.26231575012207,1.2860631942749023,1,1,1,3,5,1,5,6,5,7,5,9,1,4,1,5,4,1,4,1,5,1,4,3,1,4,1,1,1,1,4
B_sens_al_score,137,2,4.72374963760376,0.1495559811592102,1.726229044711256,33.65812683105469,2.192920684814453,1,6,5,4,4,1,1,9,1,5,2,8,2,1,5,6,1,1,3,4,3,1,4,1,1,1,1,1,9,3,1
B_sens_al_score,137,2,3.767868757247925,0.11130816489458084,1.726229044711256,31.784847259521484,0.802278995513916,1,1,1,9,1,1,1,3,5,5,1,1,7,5,1,1,5,5,1,5,3,4,3,1,8,1,5,3,4,2,4
B_sens_al_score,137,2,4.481814384460449,0.09990742802619934,1.726229044711256,32.1820182800293,0.5512860417366028,1,5,1,1,1,1,3,4,3,5,6,3,4,5,5,5,3,3,1,5,1,5,3,1,4,4,6,1,1,9,1
B_sens_al_score,137,2,2.7481307983398438,0.08619284629821777,1.726229044711256,40.19282913208008,1.5384801626205444,3,5,4,9,1,7,4,3,1,6,6,5,6,6,2,1,6,1,1,3,3,4,7,5,1,3,8,5,9,3,1
B_sens_al_score,137,2,3.8734166622161865,0.09907741099596024,1.726229044711256,34.21630859375,0.876192569732666,1,6,1,6,3,9,9,5,1,6,1,6,1,3,1,4,3,4,3,3,5,4,2,1,1,7,1,1,1,1,1
B_sens_al_score,137,2,2.5688300132751465,0.07059415429830551,1.726229044711256,38.11280059814453,0.7461170554161072,8,6,1,5,6,1,4,6,7,3,1,4,1,2,1,1,1,1,3,6,1,5,2,4,1,9,9,7,1,1,4
B_sens_al_score,137,2,3.0601882934570312,0.10832113027572632,1.726229044711256,33.51244354248047,1.014353632926941,1,1,1,4,4,3,1,4,1,5,3,5,1,3,5,6,4,5,4,5,8,1,3,1,3,9,1,8,5,2,1
B_sens_al_score,137,2,3.6241040229797363,0.11485838145017624,1.726229044711256,33.431644439697266,1.1834205389022827,6,4,1,1,4,1,5,7,6,5,3,4,3,1,1,1,3,1,6,4,5,1,3,9,6,1,3,1,2,1,1
B_sens_al_score,137,2,3.307788610458374,0.08483901619911194,1.726229044711256,36.0460319519043,0.7909624576568604,6,5,5,3,6,3,1,1,4,3,1,5,6,1,6,3,4,3,1,2,4,7,4,1,3,8,4,4,3,1,1
B_sens_al_score,137,2,2.602156639099121,0.08900522440671921,1.726229044711256,34.80198669433594,0.6946278810501099,3,1,4,7,3,1,2,2,5,7,1,4,4,2,1,1,1,1,4,1,1,1,5,6,6,1,9,3,5,1,1
B_sens_al_score,137,2,3.2195122241973877,0.12528863549232483,1.726229044711256,31.946989059448242,1.2211610078811646,1,5,4,4,1,6,1,1,1,1,4,4,1,3,4,4,3,1,7,6,5,3,1,1,1,4,5,2,9,4,1
B_sens_al_score,137,3,2.899190902709961,0.07182841002941132,1.7088749301760215,36.47475814819336,0.4318722188472748,1,6,4,1,1,9,1,3,1,5,1,1,5,7,1,4,9,1,1,3,4,2,3,5,1,9,4,8,8,4,3
B_sens_al_score,137,3,2.3110501766204834,0.10253742337226868,1.7088749301760215,35.77622985839844,1.4422980546951294,4,1,4,3,4,8,3,2,5,1,9,9,3,4,1,4,7,1,5,1,6,4,8,1,1,2,1,1,5,3,1
B_sens_al_score,137,3,2.2464160919189453,0.08587782084941864,1.7088749301760215,33.95889663696289,0.5675308704376221,1,1,4,1,4,1,2,5,1,4,1,6,6,1,6,5,8,1,1,7,5,1,3,5,5,1,8,5,5,5,5
B_sens_al_score,137,3,3.44853138923645,0.09130043536424637,1.7088749301760215,32.91196060180664,0.6086041331291199,1,5,1,1,4,9,1,1,4,6,3,9,4,6,2,3,1,5,6,1,4,1,1,1,1,2,4,3,1,4,1
B_sens_al_score,271,1,3.893918991088867,0.1057814359664917,1.7210367048200328,34.40066146850586,1.09396231174469,3,6,6,3,1,1,1,1,5,4,1,1,3,1,4,3,1,4,9,5,1,4,7,5,5,4,1,8,1,4,6
B_sens_al_score,271,1,2.078933000564575,0.08745107054710388,1.7210367048200328,33.97602844238281,0.4940510392189026,6,4,4,1,3,1,5,7,6,1,4,4,3,1,1,1,4,5,6,4,5,1,3,9,1,6,3,2,1,1,1
B_sens_al_score,271,1,2.2955162525177,0.08555904775857925,1.7210367048200328,36.81306076049805,0.9941204786300659,5,8,9,1,5,1,3,4,3,9,6,4,1,6,3,3,6,4,1,5,3,4,4,1,1,6,1,1,1,5,1
B_sens_al_score,271,1,3.125473976135254,0.12023871392011642,1.7210367048200328,29.052053451538086,0.4583902359008789,1,1,1,1,1,1,1,1,1,5,4,4,6,6,1,1,7,3,6,1,5,1,1,4,1,1,4,3,7,6,1
B_sens_al_score,271,1,2.0921273231506348,0.0962061733007431,1.7210367048200328,33.41010665893555,0.6306222081184387,7,8,4,3,1,4,1,5,1,3,4,1,3,1,1,1,3,1,1,1,7,5,4,1,3,1,4,2,4,5,5
B_sens_al_score,271,1,3.4770326614379883,0.1010727658867836,1.7210367048200328,32.73039245605469,0.6353053450584412,1,1,4,1,1,5,9,4,5,1,1,1,1,2,1,2,1,8,3,4,6,7,4,3,1,1,6,1,4,4,3
B_sens_al_score,271,1,4.130298614501953,0.10401616990566254,1.7210367048200328,32.51874923706055,0.6770480275154114,4,5,5,4,4,1,4,1,1,6,1,3,5,7,1,3,1,1,1,6,6,4,1,5,4,4,3,1,7,4,1
B_sens_al_score,271,1,2.407005548477173,0.09024719148874283,1.7210367048200328,34.65530014038086,0.7054364681243896,1,1,7,4,4,1,1,7,1,3,1,1,1,5,4,5,7,4,7,1,3,4,3,4,3,2,5,4,3,2,1
B_sens_al_score,271,1,2.7200372219085693,0.07906047254800797,1.7210367048200328,34.42412185668945,0.3447764217853546,2,1,3,3,1,5,5,1,6,4,4,7,8,1,5,2,5,3,9,1,4,4,1,1,5,1,3,1,4,1,1
B_sens_al_score,271,1,5.889410018920898,0.21091444790363312,1.7210367048200328,35.18300247192383,4.212240695953369,5,5,1,3,8,1,5,4,2,4,4,7,8,2,1,4,5,1,4,3,1,1,3,1,6,4,1,3,1,1,1
B_sens_al_score,271,1,4.289546012878418,0.09701644629240036,1.7210367048200328,33.276649475097656,0.6274443864822388,1,6,4,3,1,1,6,1,2,5,1,7,1,1,5,4,4,6,1,4,4,3,1,1,1,1,4,2,5,1,1
B_sens_al_score,271,1,6.126856803894043,0.19093136489391327,1.7210367048200328,35.30354309082031,3.6720595359802246,5,5,4,6,5,3,3,1,2,5,1,3,4,1,3,3,1,8,1,1,9,1,6,4,1,5,4,1,7,4,1
B_sens_al_score,271,1,3.2974069118499756,0.07822838425636292,1.7210367048200328,36.13089370727539,0.6542569398880005,5,1,2,1,4,1,1,3,7,9,6,4,1,8,1,6,4,4,7,1,3,1,1,5,3,3,1,3,5,4,1
B_sens_al_score,271,1,2.7704038619995117,0.07806511223316193,1.7210367048200328,36.31975173950195,0.6864932179450989,9,1,9,1,5,1,1,4,5,6,6,6,2,6,9,3,5,1,1,1,1,4,1,7,1,6,1,4,3,1,3
B_sens_al_score,271,1,2.7662057876586914,0.10587888211011887,1.7210367048200328,30.575023651123047,0.35041573643684387,1,5,1,1,4,8,6,4,3,1,4,3,1,5,1,1,4,4,1,1,5,4,1,5,1,1,1,2,5,3,7
B_sens_al_score,271,1,2.15901780128479,0.09934339672327042,1.7210367048200328,34.38298034667969,0.9089046716690063,4,8,8,5,5,4,1,1,2,1,4,4,7,5,5,1,1,3,4,5,1,1,1,1,5,1,3,5,1,3,6
B_sens_al_score,271,1,6.709158897399902,0.25910329818725586,1.7210367048200328,34.90779495239258,5.51789665222168,1,5,5,3,4,4,3,4,5,4,6,4,4,1,1,5,4,1,3,4,7,3,1,3,1,4,5,3,4,8,7
B_sens_al_score,271,1,3.755986213684082,0.0833774134516716,1.7210367048200328,33.97016143798828,0.3779941201210022,6,1,5,4,3,5,4,1,1,2,1,3,5,3,1,6,1,1,9,4,3,1,1,4,1,3,7,5,8,5,1
B_sens_al_score,271,1,2.9112625122070312,0.09019725024700165,1.7210367048200328,36.0935173034668,0.9845913648605347,8,1,5,4,4,5,5,5,1,6,1,4,5,8,1,1,3,3,1,5,7,9,1,2,6,1,4,6,4,3,1
B_sens_al_score,271,1,4.124481201171875,0.15171945095062256,1.7210367048200328,36.326515197753906,2.765502691268921,5,6,9,4,8,1,8,7,6,1,1,5,1,1,3,3,7,1,1,6,4,4,1,4,4,1,2,1,1,3,3
B_sens_al_score,271,1,2.0230672359466553,0.0683339536190033,1.7210367048200328,36.39511489868164,0.4266919493675232,3,3,1,1,3,1,6,3,1,9,4,1,7,5,4,4,4,1,8,3,5,6,1,2,5,4,4,8,4,1,1
B_sens_al_score,271,1,3.8222057819366455,0.09493981301784515,1.7210367048200328,32.845279693603516,0.48471489548683167,1,5,4,1,7,9,4,1,1,3,5,4,3,1,4,7,1,1,1,3,1,5,1,4,4,3,1,9,3,5,5
B_sens_al_score,271,1,2.6621716022491455,0.11929678171873093,1.7210367048200328,31.558429718017578,0.920756995677948,1,1,1,9,1,1,4,5,1,9,1,1,1,1,6,5,1,4,3,1,1,3,8,1,4,6,3,1,6,7,5
B_sens_al_score,271,2,2.271998405456543,0.06432957947254181,1.7315255489995687,37.54960632324219,0.43269017338752747,1,3,9,4,5,6,2,3,4,2,4,1,6,9,4,4,4,4,1,3,6,1,8,1,1,1,1,5,5,1,3
B_sens_al_score,271,2,2.9738824367523193,0.09891047328710556,1.7315255489995687,33.78168487548828,0.6504420042037964,4,6,4,1,5,1,1,1,5,4,4,1,9,1,1,3,1,4,9,1,1,4,7,5,3,4,1,8,1,4,6
B_sens_al_score,271,2,3.29719877243042,0.07431988418102264,1.7315255489995687,36.00883483886719,0.4148012399673462,2,1,5,1,1,9,5,7,1,3,6,1,6,9,4,1,1,4,1,3,5,1,4,2,1,2,1,6,9,3,6
B_sens_al_score,271,2,2.029991388320923,0.0690031424164772,1.7315255489995687,38.38654327392578,0.7026281952857971,8,4,5,4,4,6,7,1,6,1,4,9,5,5,9,1,3,3,7,1,6,4,6,5,4,6,4,5,3,1,1
B_sens_al_score,271,2,3.9196102619171143,0.11080507189035416,1.7315255489995687,34.47438430786133,1.080651879310608,1,5,1,4,3,4,4,6,1,7,3,1,4,3,1,4,6,4,6,4,5,9,5,1,5,3,1,1,1,3,6
B_sens_al_score,271,2,2.3071517944335938,0.08841489255428314,1.7315255489995687,34.109336853027344,0.4385744333267212,6,8,9,1,5,1,3,4,3,1,6,4,4,6,3,3,4,4,1,5,6,4,4,1,1,1,1,1,1,5,1
B_sens_al_score,271,2,3.083850145339966,0.10555337369441986,1.7315255489995687,32.357765197753906,0.5671880841255188,6,4,1,1,3,1,1,6,5,1,4,1,1,4,1,5,4,4,3,5,5,6,7,1,1,1,2,5,3,4,1
B_sens_al_score,271,2,2.735119342803955,0.09240960329771042,1.7315255489995687,32.94150924682617,0.33284687995910645,1,8,5,8,4,4,1,4,1,3,1,1,3,1,4,1,3,8,1,1,1,5,4,1,1,6,4,2,1,5,5
B_sens_al_score,271,2,3.9108388423919678,0.10288001596927643,1.7315255489995687,38.65459442138672,1.6233174800872803,1,1,6,4,1,7,9,4,5,8,1,1,1,3,3,2,1,8,6,5,6,7,4,3,4,1,6,6,4,4,3
B_sens_al_score,271,2,2.5191309452056885,0.09270934015512466,1.7315255489995687,34.515472412109375,0.6217769980430603,4,5,7,3,4,3,4,1,1,3,1,3,1,7,5,3,1,1,1,6,6,4,1,5,4,6,3,5,2,4,1
B_sens_al_score,271,2,3.21388578414917,0.07527792453765869,1.7315255489995687,36.57378005981445,0.5404184460639954,2,1,3,4,4,5,5,3,6,7,4,7,3,4,5,2,4,1,6,1,6,4,1,1,4,1,3,5,4,1,1
B_sens_al_score,271,2,4.9215874671936035,0.1623864620923996,1.7315255489995687,33.67804718017578,2.2673118114471436,1,5,1,3,3,7,5,7,2,4,4,7,3,1,1,4,5,1,1,3,1,1,3,1,6,6,1,3,4,1,1
B_sens_al_score,271,2,4.3839335441589355,0.12180089950561523,1.7315255489995687,31.497331619262695,0.8320599794387817,1,6,4,3,1,1,6,1,2,5,1,7,1,1,1,4,4,6,1,4,4,3,1,1,1,3,4,1,5,1,1
B_sens_al_score,271,2,5.257123947143555,0.1425148993730545,1.7315255489995687,37.05052947998047,2.357879161834717,5,5,4,5,4,9,3,1,2,1,5,3,2,4,1,3,1,8,3,5,9,1,6,4,1,4,4,1,7,4,1
B_sens_al_score,271,2,2.3941681385040283,0.07179643213748932,1.7315255489995687,36.13518142700195,0.3723607361316681,1,1,2,8,6,5,1,1,4,6,1,5,1,1,1,6,7,5,6,5,4,3,4,5,1,3,9,4,5,3,1
B_sens_al_score,271,2,3.3455066680908203,0.1371823400259018,1.7315255489995687,33.078636169433594,1.510864496231079,6,5,1,9,3,7,6,7,3,1,4,3,1,5,1,1,4,1,1,1,5,4,1,5,1,1,1,2,1,3,7
B_sens_al_score,271,2,2.6512207984924316,0.07912176847457886,1.7315255489995687,34.83241653442383,0.328334778547287,3,5,1,1,6,5,1,2,4,3,8,1,4,7,1,1,1,1,1,1,5,9,7,4,5,8,4,1,3,4,1
B_sens_al_score,271,2,6.912352085113525,0.3206349015235901,1.7315255489995687,33.71737289428711,6.3514275550842285,1,5,5,1,4,3,3,4,5,4,4,4,1,1,1,5,1,1,7,4,4,3,1,3,1,8,5,3,6,8,7
B_sens_al_score,271,2,2.356929063796997,0.08617264777421951,1.7315255489995687,34.648101806640625,0.47706252336502075,8,5,9,1,4,1,1,1,4,3,1,1,7,4,1,1,3,9,1,1,4,7,4,5,5,2,1,1,6,4,3
B_sens_al_score,271,2,3.9070827960968018,0.10349918901920319,1.7315255489995687,33.367671966552734,0.6946965456008911,6,1,5,4,3,1,4,1,1,3,1,3,4,3,1,6,4,1,9,4,5,1,1,4,1,3,7,2,8,5,1
B_sens_al_score,271,2,2.48854923248291,0.09258796274662018,1.7315255489995687,34.114158630371094,0.5469502806663513,4,5,4,4,5,8,9,5,3,4,3,1,1,4,3,1,1,6,1,4,6,1,3,1,3,8,1,1,5,2,4
B_sens_al_score,271,2,5.216165065765381,0.16359326243400574,1.7315255489995687,35.29759979248047,2.587756633758545,5,6,1,4,3,1,8,5,6,1,4,5,7,1,3,3,4,1,1,6,4,4,1,4,5,1,2,1,2,3,3
B_sens_al_score,271,2,4.096197605133057,0.12924647331237793,1.7315255489995687,33.18666076660156,1.325705885887146,6,1,1,1,3,4,1,7,5,1,1,4,5,7,5,1,1,3,6,8,4,3,7,3,5,1,4,1,1,8,1
B_sens_al_score,271,2,3.831080913543701,0.14162492752075195,1.7315255489995687,31.656658172607422,1.3712689876556396,1,5,9,1,4,8,4,1,1,1,5,4,3,1,4,7,1,1,1,4,1,5,1,4,2,5,1,5,3,5,5
B_sens_al_score,271,3,3.607050895690918,0.11098626255989075,1.7209039940746498,32.87250518798828,0.8652152419090271,6,1,1,5,6,3,4,1,1,1,6,1,1,1,5,5,7,3,7,4,1,9,4,3,1,1,4,5,1,5,2
B_sens_al_score,271,3,2.897979497909546,0.10019193589687347,1.7209039940746498,34.523895263671875,0.8604127168655396,6,3,6,9,1,1,6,1,6,4,1,4,3,3,6,1,1,5,4,6,5,1,4,1,4,5,1,1,1,8,2
B_sens_al_score,271,3,3.3467917442321777,0.08839274942874908,1.7209039940746498,35.53615188598633,0.7062892913818359,1,5,1,4,8,3,1,3,3,1,5,4,8,4,7,4,1,3,1,3,3,3,1,5,1,6,6,2,3,1,2
B_sens_al_score,509,1,4.1567301750183105,0.11814503371715546,1.7461054829075366,37.200496673583984,1.9409066438674927,6,1,6,4,3,1,4,5,2,5,1,9,8,4,2,1,2,1,3,8,4,5,1,5,1,3,1,3,1,1,7
B_sens_al_score,509,1,3.9741480350494385,0.12367265671491623,1.7461054829075366,30.00181007385254,0.6100717186927795,5,5,1,1,1,1,4,1,4,1,4,3,1,1,8,5,5,1,1,1,4,6,1,1,3,5,1,9,3,4,3
B_sens_al_score,509,1,5.940237998962402,0.19100524485111237,1.7461054829075366,31.861948013305664,2.800934314727783,6,5,1,1,3,5,4,1,5,1,4,3,7,5,1,3,1,7,4,5,4,1,6,1,1,1,1,9,1,1,1
B_sens_al_score,509,1,3.1293554306030273,0.0922587588429451,1.7461054829075366,34.83634948730469,0.7597537040710449,3,7,4,2,5,6,1,6,1,5,5,1,3,4,6,1,5,1,1,4,5,6,1,1,3,5,1,8,1,4,1
B_sens_al_score,509,1,2.184126377105713,0.0730634480714798,1.7461054829075366,35.2281379699707,0.32466334104537964,1,4,1,4,1,5,6,4,2,3,3,7,4,1,4,1,4,8,5,5,5,1,5,1,6,4,5,8,1,4,1
B_sens_al_score,509,1,2.536771297454834,0.0730263739824295,1.7461054829075366,35.56081008911133,0.3920307457447052,4,6,4,1,1,5,7,5,4,5,4,1,1,1,7,1,8,1,8,4,1,1,9,6,1,4,4,3,4,3,3
B_sens_al_score,509,1,2.7881717681884766,0.12878571450710297,1.7461054829075366,36.14902877807617,2.010650157928467,1,1,1,4,3,3,6,5,5,4,7,1,5,9,8,1,4,7,3,1,1,4,1,3,3,4,7,2,5,5,1
B_sens_al_score,509,1,2.0590641498565674,0.10237995535135269,1.7461054829075366,34.21943664550781,0.9048434495925903,1,8,4,4,3,1,1,6,3,1,3,4,3,1,4,2,1,4,1,1,2,1,4,5,7,5,1,4,2,1,5
B_sens_al_score,509,1,2.0976786613464355,0.07160580903291702,1.7461054829075366,35.39002227783203,0.3187767565250397,1,1,1,1,3,5,6,5,1,3,1,3,7,4,8,9,7,8,3,5,4,5,2,1,1,4,4,1,1,4,5
B_sens_al_score,509,1,3.1459031105041504,0.0889519527554512,1.7461054829075366,34.62929916381836,0.6283819079399109,3,5,3,8,7,1,1,1,4,5,4,4,5,4,4,1,5,9,1,4,1,1,3,6,1,8,1,1,5,6,5
B_sens_al_score,509,1,2.2873291969299316,0.09698940068483353,1.7461054829075366,33.4161376953125,0.5949728488922119,4,3,6,1,4,1,8,4,1,1,3,1,1,9,5,4,4,3,4,5,3,1,1,7,3,1,5,4,4,2,1
B_sens_al_score,509,1,4.043310165405273,0.10607397556304932,1.7461054829075366,32.03661346435547,0.5555033683776855,1,5,1,1,3,1,3,1,1,1,8,4,5,4,1,1,6,1,3,1,1,6,3,5,7,5,3,4,1,8,9
B_sens_al_score,509,1,3.398294448852539,0.08808162063360214,1.7461054829075366,33.77009963989258,0.42844074964523315,8,5,1,1,1,1,3,1,1,3,3,1,2,5,9,5,1,1,4,3,1,5,8,1,8,1,3,3,3,5,4
B_sens_al_score,509,1,4.359072685241699,0.15019111335277557,1.7461054829075366,34.267086029052734,2.198882579803467,5,5,6,4,3,3,1,3,3,1,1,1,4,4,1,1,6,2,1,8,7,6,1,1,6,4,1,1,6,4,8
B_sens_al_score,509,1,3.669839382171631,0.09562364220619202,1.7461054829075366,32.553035736083984,0.38092219829559326,7,6,1,2,3,2,4,1,1,5,1,3,5,4,1,1,1,4,5,5,1,3,5,4,1,1,9,1,1,5,1
B_sens_al_score,509,1,4.894872665405273,0.18195059895515442,1.7461054829075366,36.859806060791016,3.584765911102295,1,5,4,6,6,1,4,3,2,1,3,9,3,6,3,8,7,4,4,6,1,1,4,1,5,1,5,5,1,1,5
B_sens_al_score,509,1,6.237890720367432,0.2874457836151123,1.7461054829075366,32.32750701904297,5.4870781898498535,5,6,1,2,1,4,1,1,5,5,1,9,1,1,1,5,3,1,4,1,3,4,3,4,3,6,1,1,1,2,3
B_sens_al_score,509,1,2.4638967514038086,0.0848078578710556,1.7461054829075366,36.82183837890625,0.9676291942596436,4,3,6,1,1,5,6,3,3,1,4,4,3,6,6,5,1,9,1,4,9,5,4,3,1,1,7,3,3,4,2
B_sens_al_score,509,1,3.7681329250335693,0.11697885394096375,1.7461054829075366,32.52065658569336,0.9478870630264282,5,6,1,2,4,5,3,7,1,1,1,1,4,4,4,1,1,3,1,1,1,2,1,5,5,4,3,7,5,3,1
B_sens_al_score,509,1,2.0376908779144287,0.06640956550836563,1.7461054829075366,36.909481048583984,0.49144619703292847,3,6,3,8,5,3,3,1,4,1,4,1,6,5,7,1,1,1,7,1,2,4,1,3,1,4,5,6,6,2,9
B_sens_al_score,509,1,3.919445753097534,0.09243223816156387,1.7461054829075366,34.28185272216797,0.6504659056663513,1,5,5,8,3,1,1,6,3,1,5,1,9,1,3,6,3,4,5,4,4,3,5,5,1,4,4,1,6,1,3
B_sens_al_score,509,1,3.3139302730560303,0.0657331794500351,1.7461054829075366,36.26786804199219,0.34142810106277466,5,9,3,4,6,4,4,1,2,6,9,1,3,1,1,5,5,9,1,3,1,3,3,1,4,4,1,4,1,1,1
B_sens_al_score,509,1,3.156129837036133,0.07415291666984558,1.7461054829075366,34.91624069213867,0.28983327746391296,1,1,5,6,3,1,1,3,3,1,5,4,1,1,3,7,1,8,5,4,2,4,3,1,4,9,4,7,1,3,6
B_sens_al_score,509,2,4.295177459716797,0.1128348559141159,1.7077842311906986,31.025341033935547,0.9747624397277832,1,5,5,2,1,1,1,6,3,1,1,8,9,1,1,4,1,1,1,1,5,6,5,1,3,1,1,1,2,1,6
B_sens_al_score,509,2,2.184727430343628,0.08274100720882416,1.7077842311906986,34.735618591308594,0.6141195893287659,1,3,1,4,4,7,5,2,1,7,5,1,1,4,1,1,4,1,1,6,5,1,3,8,3,5,2,4,6,5,1
B_sens_al_score,509,2,2.4183309078216553,0.07838038355112076,1.7077842311906986,33.555973052978516,0.24436867237091064,1,6,6,4,4,3,1,1,1,3,1,2,1,6,1,4,1,2,1,1,1,1,3,5,7,7,1,4,8,5,4
B_sens_al_score,509,2,4.851873397827148,0.13939134776592255,1.7077842311906986,30.290342330932617,1.762460470199585,4,5,1,1,4,5,4,1,5,1,4,3,7,5,1,3,1,1,4,3,3,1,6,1,5,1,1,4,6,1,1
B_sens_al_score,509,2,2.0162694454193115,0.08472727984189987,1.7077842311906986,35.9826774597168,0.9137584567070007,4,6,4,1,1,1,7,5,4,9,4,1,1,5,1,1,8,1,5,3,3,1,9,6,5,4,4,1,6,3,3
B_sens_al_score,509,2,3.865293502807617,0.13282109797000885,1.7077842311906986,38.276405334472656,3.0104458332061768,5,1,3,4,2,1,6,5,5,3,7,1,5,3,8,1,3,7,8,4,4,4,1,3,1,1,7,2,5,5,1
B_sens_al_score,509,2,2.001498222351074,0.10076500475406647,1.7077842311906986,32.92136001586914,0.9055362939834595,1,8,1,4,3,3,1,3,3,3,1,4,1,1,1,2,1,3,3,1,2,1,4,5,4,5,1,3,2,1,5
B_sens_al_score,509,2,2.9957590103149414,0.09644350409507751,1.7077842311906986,35.70408630371094,1.2697207927703857,9,5,3,8,6,3,1,1,4,5,4,4,5,5,8,1,4,9,1,1,1,1,3,6,1,2,1,1,4,6,5
B_sens_al_score,509,2,3.2272186279296875,0.08292146027088165,1.7077842311906986,32.629058837890625,0.23092854022979736,5,1,3,1,3,1,6,6,3,5,2,1,7,4,5,5,1,4,5,1,1,1,5,1,1,1,6,4,4,1,3
B_sens_al_score,509,2,4.83328914642334,0.15359532833099365,1.7077842311906986,32.394752502441406,2.6455187797546387,1,5,1,4,4,1,3,7,1,5,8,4,5,4,1,1,1,1,1,1,1,6,3,5,1,1,3,4,6,8,9
B_sens_al_score,509,2,4.357362747192383,0.10580151528120041,1.7077842311906986,35.30116653442383,1.5206825733184814,8,5,1,1,9,5,3,1,1,6,3,1,9,1,1,5,1,1,6,3,1,5,8,1,8,3,3,3,6,5,4
B_sens_al_score,509,2,3.0017714500427246,0.06817629188299179,1.7077842311906986,36.255653381347656,0.3886135220527649,8,9,2,1,1,8,4,1,5,1,5,3,8,2,1,1,4,2,1,1,5,1,5,7,8,1,4,1,1,1,1
B_sens_al_score,509,2,2.898866891860962,0.09969685226678848,1.7077842311906986,32.481109619140625,0.7869930863380432,6,4,1,7,5,1,1,1,5,3,1,1,1,4,3,6,4,4,3,2,1,1,6,4,4,1,3,4,1,1,5
B_sens_al_score,509,2,6.072197437286377,0.23640233278274536,1.7077842311906986,36.78141403198242,6.3364152908325195,1,5,1,6,8,5,4,3,2,1,1,9,3,3,3,8,7,1,4,1,4,1,4,1,8,5,5,7,1,1,5
B_sens_al_score,509,2,5.357227325439453,0.13339674472808838,1.7077842311906986,32.72636795043945,2.0043587684631348,1,6,1,2,1,4,1,1,5,1,3,9,9,1,1,5,1,1,4,1,1,4,3,4,3,4,1,6,5,2,3
B_sens_al_score,509,2,2.405508041381836,0.09715842455625534,1.7077842311906986,32.780738830566406,0.7541074752807617,4,1,1,7,1,3,1,4,3,1,5,4,1,4,2,8,3,9,1,1,5,1,1,9,3,5,3,1,3,4,4
B_sens_al_score,509,2,2.4860105514526367,0.08413940668106079,1.7077842311906986,35.64039993286133,0.8300319910049438,4,3,6,1,1,1,6,3,3,1,4,4,3,6,1,5,1,8,1,3,9,5,4,3,5,1,7,1,6,4,2
B_sens_al_score,509,2,2.0496785640716553,0.08534007519483566,1.7077842311906986,33.45759582519531,0.4682259261608124,6,3,1,4,1,3,7,8,4,8,1,1,6,4,3,1,4,1,3,1,4,5,1,3,1,5,4,1,1,2,1
B_sens_al_score,509,2,3.795077323913574,0.10710301250219345,1.7077842311906986,35.43830871582031,1.5913015604019165,1,5,1,8,3,1,1,1,3,2,5,1,9,1,5,6,3,4,5,3,5,3,5,5,4,4,4,1,3,1,3
B_sens_al_score,509,2,2.3056869506835938,0.10642437636852264,1.7077842311906986,34.617919921875,1.4160239696502686,5,4,4,5,1,3,1,2,1,9,3,7,1,1,1,5,4,1,1,6,5,1,8,4,1,1,4,3,3,2,1
B_sens_al_score,509,2,2.2340087890625,0.07827853411436081,1.7077842311906986,34.301021575927734,0.37857329845428467,4,4,8,5,4,1,9,1,3,6,4,4,9,3,1,4,2,4,1,1,5,1,3,1,6,1,1,1,4,1,1
B_sens_al_score,509,2,2.454650402069092,0.0875740721821785,1.7077842311906986,36.13364028930664,1.040675163269043,9,8,1,5,3,3,1,4,4,3,4,2,1,3,4,3,4,5,6,1,3,5,6,4,1,5,5,1,3,1,4
B_sens_al_score,509,2,2.126823902130127,0.08431258052587509,1.7077842311906986,33.4355354309082,0.42841291427612305,4,1,6,1,1,8,3,1,4,1,1,1,4,1,2,9,4,1,6,8,5,3,1,1,2,4,7,3,1,1,6
B_sens_al_score,509,2,3.0241594314575195,0.08029668033123016,1.7077842311906986,34.68307113647461,0.5193952322006226,1,1,5,6,2,1,1,3,3,1,5,4,1,4,3,7,1,8,5,5,3,4,3,1,5,2,4,1,6,3,6
B_sens_al_score,509,3,4.039729118347168,0.12791241705417633,1.6736915334989872,30.632553100585938,1.8345537185668945,1,5,5,6,1,1,1,6,3,7,1,8,1,1,1,4,1,1,1,5,5,6,5,1,1,1,1,1,1,1,6
B_sens_al_score,509,3,3.2740836143493652,0.08193595707416534,1.6736915334989872,33.55110549926758,0.5694445371627808,1,6,6,4,1,7,1,3,1,2,1,2,1,5,4,4,1,2,1,1,1,1,3,5,7,1,1,1,5,5,4
B_sens_al_score,509,3,5.978453159332275,0.19046102464199066,1.6736915334989872,30.289596557617188,4.152112007141113,1,5,1,1,1,1,4,1,5,1,4,3,4,5,1,3,3,1,4,5,9,1,6,1,3,1,1,8,5,1,1
B_sens_al_score,1023,1,4.748849391937256,0.1792295128107071,1.7354374286427523,32.76837158203125,1.9467997550964355,5,5,4,5,3,1,4,1,5,4,1,1,6,3,3,1,1,3,5,1,4,6,5,1,1,1,1,6,2,7,1
B_sens_al_score,1023,1,6.791864395141602,0.31309670209884644,1.7354374286427523,34.685665130615234,5.053219795227051,5,5,5,4,4,6,9,1,5,6,3,1,8,1,1,4,2,5,3,1,5,1,1,1,3,1,1,3,4,6,4
B_sens_al_score,1023,1,2.16506028175354,0.06577792763710022,1.7354374286427523,37.339595794677734,0.37852752208709717,4,8,8,7,1,5,9,1,4,3,3,1,6,4,5,6,9,5,5,4,4,1,1,1,1,1,4,1,3,2,1
B_sens_al_score,1023,1,3.752714157104492,0.09210652858018875,1.7354374286427523,39.073951721191406,1.222646951675415,9,5,1,7,1,3,9,4,3,5,6,6,4,4,5,3,4,4,5,1,6,8,1,4,7,1,1,9,3,7,1
B_sens_al_score,1023,1,4.807279586791992,0.14719225466251373,1.7354374286427523,38.163246154785156,2.2089481353759766,2,5,5,5,1,1,1,4,1,2,2,3,5,1,1,4,6,5,4,1,5,1,7,3,2,8,1,6,6,3,1
B_sens_al_score,1023,1,5.733428478240967,0.20225821435451508,1.7354374286427523,30.484928131103516,2.03226637840271,5,5,1,3,4,8,1,5,1,7,5,3,4,4,4,3,1,4,1,1,5,1,1,1,4,6,1,1,1,4,1
B_sens_al_score,1023,1,3.3591315746307373,0.07880450040102005,1.7354374286427523,37.02893829345703,0.5953958630561829,4,5,6,8,9,1,1,7,1,1,6,1,1,5,5,3,1,9,5,3,4,2,3,3,4,4,1,2,4,5,1
B_sens_al_score,1023,1,3.3020007610321045,0.10857357084751129,1.7354374286427523,32.18507766723633,0.38085004687309265,1,7,1,4,9,5,1,1,5,6,1,5,4,3,1,4,3,4,5,4,5,1,1,1,1,5,1,3,5,4,1
B_sens_al_score,1023,1,2.035994529724121,0.1150231584906578,1.7354374286427523,34.384342193603516,0.8924461007118225,1,3,1,5,7,4,1,3,4,4,1,1,4,3,6,1,4,1,9,6,5,4,4,7,5,1,6,1,6,3,5
B_sens_al_score,1023,1,4.139419078826904,0.13005761802196503,1.7354374286427523,34.178287506103516,1.1689369678497314,5,1,5,5,7,1,1,3,1,1,1,4,1,3,5,1,8,2,1,5,5,1,9,3,8,5,4,6,6,1,5
B_sens_al_score,1023,1,4.161377906799316,0.2011915147304535,1.7354374286427523,38.79104232788086,3.4370017051696777,4,5,4,3,1,1,4,1,6,6,4,4,1,2,5,5,9,4,6,1,3,2,1,9,4,3,4,6,5,8,1
B_sens_al_score,1023,1,4.648557662963867,0.20268109440803528,1.7354374286427523,32.763370513916016,2.432440757751465,1,5,5,4,1,7,1,1,1,5,1,1,9,6,1,5,3,5,4,6,3,1,5,1,1,1,1,2,4,7,4
B_sens_al_score,1023,1,2.2198657989501953,0.07020606845617294,1.7354374286427523,36.2469596862793,0.28269052505493164,5,4,9,3,6,1,4,4,1,9,1,1,1,3,3,1,9,1,5,1,4,8,7,5,1,1,5,2,1,1,3
B_sens_al_score,1023,1,4.839833736419678,0.16286242008209229,1.7354374286427523,31.71152114868164,1.4257155656814575,5,1,6,4,1,6,3,7,5,1,4,3,1,5,1,5,1,4,5,1,1,4,1,1,7,1,6,1,9,1,2
B_sens_al_score,1023,1,6.0256476402282715,0.19947080314159393,1.7354374286427523,33.82283020019531,2.5478427410125732,7,5,5,1,1,6,1,6,6,6,3,1,1,4,1,3,1,4,9,1,4,4,3,4,5,1,1,1,5,3,5
B_sens_al_score,1023,1,2.938082218170166,0.0847436785697937,1.7354374286427523,34.36521911621094,0.2610170543193817,5,1,4,6,1,5,1,1,1,2,4,1,3,9,3,8,1,4,4,5,4,4,1,1,1,6,5,5,6,3,5
B_sens_al_score,1023,1,2.0997982025146484,0.09577447921037674,1.7354374286427523,35.99436950683594,0.7697128653526306,3,1,5,1,3,1,4,5,4,4,3,1,5,8,4,7,4,3,4,3,1,6,9,3,1,1,5,6,6,1,3
B_sens_al_score,1023,1,4.805633068084717,0.1503208428621292,1.7354374286427523,31.407339096069336,1.1132882833480835,1,5,5,3,1,7,4,5,1,3,1,1,4,1,3,4,4,3,3,5,4,1,1,2,7,3,5,1,1,3,1
B_sens_al_score,1023,1,3.2498674392700195,0.15288999676704407,1.7354374286427523,33.49604797363281,1.5253934860229492,5,6,3,1,1,1,2,1,1,1,3,1,5,5,5,6,4,1,4,1,1,3,4,3,3,4,3,6,9,5,4
B_sens_al_score,1023,1,3.871544122695923,0.12401308864355087,1.7354374286427523,32.33778381347656,0.727373480796814,5,1,6,8,1,7,4,3,5,1,4,5,1,1,6,4,1,1,5,1,3,1,3,2,1,9,1,5,4,1,1
B_sens_al_score,1023,2,3.550065517425537,0.10637396574020386,1.7178094268142303,32.95946502685547,0.5253426432609558,1,1,5,1,4,1,4,4,5,3,1,2,1,1,1,7,8,1,1,4,9,8,5,1,5,4,4,1,3,5,1
B_sens_al_score,1023,2,6.704769134521484,0.365852415561676,1.7178094268142303,33.017581939697266,6.239514350891113,5,5,5,4,4,1,9,1,5,6,1,1,8,4,6,4,1,5,3,1,8,1,1,1,3,1,1,1,4,6,4
B_sens_al_score,1023,2,2.512971878051758,0.08311332762241364,1.7178094268142303,34.453712463378906,0.30485087633132935,1,5,1,4,1,7,1,8,3,3,9,1,3,4,7,4,4,1,1,5,3,4,5,6,1,5,1,3,1,6,1
B_sens_al_score,1023,2,4.504976272583008,0.1301005482673645,1.7178094268142303,32.8072509765625,1.0171935558319092,1,5,1,7,5,4,9,1,3,5,3,6,4,4,1,3,1,4,3,1,1,8,1,4,4,3,1,1,1,7,1
B_sens_al_score,1023,2,5.148924350738525,0.1490229070186615,1.7178094268142303,33.002506256103516,1.4710631370544434,2,5,5,1,1,1,1,4,1,1,1,3,5,4,1,4,6,3,4,1,5,1,7,3,4,8,1,6,6,3,1
B_sens_al_score,1023,2,4.770350933074951,0.16440944373607635,1.7178094268142303,30.447444915771484,1.312094807624817,5,5,1,5,5,8,1,1,1,6,5,3,5,4,4,3,1,3,1,1,4,1,1,1,1,6,1,3,5,4,1
B_sens_al_score,1023,2,4.693325042724609,0.12200923264026642,1.7178094268142303,36.1010627746582,1.4802358150482178,1,5,6,8,9,1,1,7,1,4,3,1,1,4,5,3,7,9,1,3,4,2,3,3,4,1,1,3,1,5,1
B_sens_al_score,1023,2,2.390066623687744,0.09101719409227371,1.7178094268142303,33.62503433227539,0.3173281252384186,1,7,1,4,4,4,1,1,5,8,4,5,6,3,1,4,1,4,9,4,3,1,1,1,5,6,1,1,8,4,1
B_sens_al_score,1023,2,2.5448596477508545,0.11483559757471085,1.7178094268142303,36.1834831237793,1.3386088609695435,6,6,1,1,1,7,2,1,7,4,8,1,4,6,9,4,4,6,4,5,3,3,3,4,1,1,1,1,1,1,4
B_sens_al_score,1023,2,3.1565139293670654,0.09640302509069443,1.7178094268142303,39.540016174316406,1.5865727663040161,4,5,4,3,8,1,4,1,6,3,3,4,1,2,3,5,9,3,5,1,4,2,1,9,4,6,4,6,5,8,1
B_sens_al_score,1023,2,4.202767848968506,0.12872947752475739,1.7178094268142303,33.31319808959961,1.0855016708374023,6,5,5,4,3,6,1,1,4,1,5,9,1,1,4,5,1,3,1,4,8,1,1,2,2,4,1,4,5,3,4
B_sens_al_score,1023,2,3.76287841796875,0.09235243499279022,1.7178094268142303,34.48296356201172,0.5136009454727173,1,5,5,6,3,7,1,1,1,1,4,1,5,6,4,5,3,5,4,6,3,1,5,1,7,4,1,2,3,7,4
B_sens_al_score,1023,2,2.1843936443328857,0.07992192357778549,1.7178094268142303,35.157310485839844,0.3716081976890564,1,1,1,5,1,4,1,3,2,3,3,1,6,5,6,1,4,5,9,1,5,5,4,1,1,7,9,2,4,3,1
B_sens_al_score,1023,2,2.159292697906494,0.06500939279794693,1.7178094268142303,38.41169738769531,0.6770616769790649,8,4,9,6,6,7,4,5,1,9,1,1,5,3,1,1,4,1,5,1,3,8,7,5,1,5,5,2,4,1,3
B_sens_al_score,1023,2,4.304997444152832,0.10439533740282059,1.7178094268142303,33.323158264160156,0.5526195168495178,5,1,5,1,4,1,3,1,1,5,4,1,4,9,1,4,7,1,2,3,5,1,2,1,4,1,6,1,5,4,8
B_sens_al_score,1023,2,4.950605869293213,0.14161382615566254,1.7178094268142303,31.578174591064453,1.0310938358306885,5,1,6,1,1,1,3,7,5,1,3,3,1,5,1,5,1,3,5,1,1,4,1,1,7,6,6,4,3,1,2
B_sens_al_score,1023,2,2.24202036857605,0.07926781475543976,1.7178094268142303,34.97749710083008,0.32224589586257935,2,1,1,9,2,1,6,1,1,4,7,8,4,6,3,5,1,1,1,9,5,4,3,1,4,4,4,1,5,4,1
B_sens_al_score,1023,2,6.438258647918701,0.20483355224132538,1.7178094268142303,34.27084732055664,2.944459915161133,1,5,5,1,1,6,1,6,6,6,3,1,5,4,1,3,4,4,9,1,4,4,3,4,5,1,1,5,5,3,5
B_sens_al_score,1023,2,4.361024856567383,0.13828973472118378,1.7178094268142303,35.117462158203125,1.6466732025146484,9,5,5,1,3,1,4,3,2,9,1,5,9,6,4,4,4,3,3,1,1,1,4,1,1,4,1,5,3,1,1
B_sens_al_score,1023,2,2.2049009799957275,0.06798996776342392,1.7178094268142303,35.86205291748047,0.24648678302764893,1,9,5,1,1,3,1,3,4,1,3,4,6,1,6,1,1,8,5,3,4,3,2,1,3,1,5,2,6,5,3
B_sens_al_score,1023,2,2.376749277114868,0.11467387527227402,1.7178094268142303,32.17488479614258,0.5551043152809143,5,3,5,3,1,1,1,1,4,9,6,1,1,1,6,1,8,1,3,1,5,1,1,1,4,1,1,2,5,1,6
B_sens_al_score,1023,2,4.057794094085693,0.13329759240150452,1.7178094268142303,32.271183013916016,0.9831564426422119,1,5,5,3,6,9,4,3,1,3,1,1,1,1,6,4,2,1,3,4,1,1,1,2,7,3,5,1,1,3,1
B_sens_al_score,1023,2,3.779092311859131,0.12343919277191162,1.7178094268142303,34.36170959472656,1.17323899269104,2,5,5,1,1,1,9,1,4,7,4,4,1,3,1,5,4,5,5,5,1,5,1,3,5,1,1,4,6,8,1
B_sens_al_score,1023,2,3.153019905090332,0.10409758239984512,1.7178094268142303,33.74585723876953,0.6283196210861206,5,6,3,3,1,7,2,1,1,1,3,1,5,5,5,6,1,6,4,1,1,3,4,3,4,4,3,3,1,5,4
B_sens_al_score,1023,3,3.972374200820923,0.12123006582260132,1.7085002694845188,35.39759063720703,1.8394262790679932,4,5,1,1,3,7,4,1,5,3,1,1,8,8,6,1,1,7,9,2,1,6,5,1,2,1,1,1,3,7,1
B_sens_al_score,1023,3,3.615649461746216,0.11150991171598434,1.7085002694845188,35.73736572265625,1.5774705410003662,1,1,5,4,4,3,4,4,5,3,5,2,4,1,6,7,8,3,1,4,4,8,5,1,5,4,4,1,3,5,1
B_sens_al_score,1023,3,3.346930742263794,0.0972806066274643,1.7085002694845188,29.956388473510742,0.2464294731616974,1,5,1,1,1,1,6,8,1,1,1,5,4,5,3,3,1,5,1,6,5,1,3,1,5,1,5,3,6,3,1
B_sens_al_score,1023,3,6.171998977661133,0.22501389682292938,1.7085002694845188,30.431806564331055,4.434444904327393,6,5,5,1,4,1,9,3,5,4,1,1,4,4,3,4,1,5,3,1,5,1,1,1,3,1,1,1,4,6,4
B_sens_al_score,1023,3,3.577821731567383,0.109274722635746,1.7085002694845188,35.73831558227539,1.5055840015411377,1,5,1,7,5,3,9,4,3,5,5,6,6,3,5,3,1,6,3,1,1,8,1,4,1,3,1,1,8,7,1
B_sens_al_score,1023,3,4.3959879875183105,0.1170055940747261,1.7085002694845188,30.362966537475586,0.9434388875961304,3,5,5,1,1,3,1,1,1,1,1,3,5,1,1,4,4,3,4,5,5,1,7,3,1,8,1,6,1,3,1
