seed,gen,ppf_pred,sigma,h_sens_pop,sens_novelty,composite,pos_0,pos_1,pos_2,pos_3,pos_4,pos_5,pos_6,pos_7,pos_8,pos_9,pos_10,pos_11,pos_12,pos_13,pos_14,pos_15,pos_16,pos_17,pos_18,pos_19,pos_20,pos_21,pos_22,pos_23,pos_24,pos_25,pos_26,pos_27,pos_28,pos_29,pos_30
1023,2,7.522462368011475,0.452282577753067,1.733478032423755,33.969764709472656,6.744380474090576,5,5,5,4,4,1,9,1,5,6,1,1,8,4,3,4,4,4,3,1,8,1,1,1,3,1,1,5,5,6,4
509,1,6.361908435821533,0.3204671144485473,1.7331331101210403,32.32750701904297,6.413499355316162,5,6,1,2,1,4,1,1,5,5,1,9,1,1,1,5,3,1,4,1,3,4,3,4,3,6,1,1,1,2,3
271,2,7.117638111114502,0.3202213644981384,1.7224204213974024,33.512691497802734,6.032047271728516,1,5,5,1,4,3,3,4,5,4,4,4,1,1,1,5,4,1,8,4,4,3,1,3,1,4,5,3,6,8,7
314,2,7.265885829925537,0.3186724185943603,1.7437080727008525,32.800987243652344,6.010014533996582,2,5,1,1,1,4,5,6,5,1,3,1,4,1,6,1,4,6,4,3,5,3,4,3,9,5,1,5,1,1,4
137,1,5.663033962249756,0.2542566061019897,1.7403988783445918,36.58932113647461,6.000944137573242,5,5,7,3,4,4,1,4,6,7,1,1,6,1,1,9,4,2,1,1,3,4,4,5,4,1,3,1,7,4,1
137,2,5.961421489715576,0.2561225891113281,1.718798034992829,34.84487533569336,5.893157005310059,5,5,3,3,4,7,1,3,6,7,1,1,6,1,1,9,4,1,1,1,6,4,4,5,4,1,3,4,1,4,1
271,1,6.038342952728272,0.2809273302555084,1.7344811528682678,37.01945114135742,5.860763072967529,5,5,4,6,5,3,3,1,2,5,1,3,4,1,3,3,1,8,1,1,9,1,6,4,1,5,4,2,7,4,1
1023,1,7.518000602722168,0.3266253471374511,1.727950983351282,34.69766998291016,5.637254238128662,5,5,5,4,4,6,9,1,5,6,3,1,8,1,1,4,2,4,3,1,3,1,1,1,3,1,1,3,5,6,4
509,2,5.787935256958008,0.1935648471117019,1.7180390384032482,40.095699310302734,5.500439167022705,1,5,3,6,8,5,4,3,2,1,1,9,3,3,3,8,7,9,4,1,2,1,4,1,8,1,5,7,6,1,5
271,1,6.823974132537842,0.2784948348999023,1.7344811528682678,34.90779495239258,5.396907806396484,1,5,5,3,4,4,3,4,5,4,6,4,4,1,1,5,4,1,3,4,7,3,1,3,1,4,5,3,4,8,7
7,2,5.709455966949463,0.2456990927457809,1.7187458598812662,30.031877517700195,5.337308883666992,1,5,1,9,1,4,3,5,5,4,1,1,1,3,3,4,8,1,1,4,4,4,1,1,1,1,1,5,4,1,5
7,1,5.0387349128723145,0.2382577806711197,1.7442575164428895,35.22145080566406,5.228185176849365,1,6,6,5,5,1,1,5,5,4,9,4,1,1,5,3,5,1,4,1,5,1,3,4,1,9,5,8,1,6,1
2718,2,5.779148101806641,0.2479399144649505,1.7459416259603515,38.2193489074707,5.188738822937012,5,2,2,7,3,1,5,7,6,3,4,1,1,1,1,1,3,6,8,2,1,4,1,4,1,1,3,3,7,4,5
42,1,5.099919319152832,0.2052760869264602,1.7290576565932338,33.6587028503418,5.137531280517578,5,5,4,7,4,1,1,4,7,4,3,4,4,7,5,4,1,3,1,1,1,1,4,3,1,3,3,1,1,1,9
1618,2,5.047999382019043,0.1866827607154846,1.7264585244319757,39.40921401977539,4.987371444702148,1,6,6,2,5,7,4,5,5,7,3,6,5,1,1,1,9,1,8,4,1,8,9,1,1,1,3,1,5,2,1
1023,3,7.133856773376465,0.3108821809291839,1.7068526471749117,29.00294303894043,4.96260929107666,6,5,5,1,4,1,9,3,5,1,1,1,4,4,3,4,1,4,3,1,1,1,1,1,3,1,1,1,5,6,4
314,1,6.561572074890137,0.2322746515274047,1.736347910378991,32.77012634277344,4.794033050537109,2,5,1,1,1,4,5,6,5,1,3,1,6,1,6,1,4,6,4,8,3,3,4,3,9,1,1,1,1,1,4
42,1,4.682283401489258,0.1870272606611251,1.7290576565932338,34.21318054199219,4.559676647186279,5,1,5,4,3,1,5,8,7,5,1,1,4,1,1,1,4,8,6,4,1,1,1,6,4,5,6,7,5,4,1
314,2,5.66551685333252,0.2236130833625793,1.7437080727008525,35.20295333862305,3.9914495944976807,5,5,6,4,6,6,4,3,4,5,1,1,4,6,1,9,4,3,4,5,1,3,1,8,1,5,1,1,4,3,6
1618,1,4.299414157867432,0.1726875305175781,1.755330173318954,38.52489471435547,3.977682590484619,1,6,3,2,5,7,4,5,5,4,8,6,3,1,4,1,3,9,1,4,1,8,9,1,4,4,3,1,5,2,1
509,2,5.153278350830078,0.1675351858139038,1.7180390384032482,36.43377304077149,3.9415745735168457,5,1,3,6,2,1,6,5,5,1,3,1,3,1,1,1,3,7,8,4,2,4,1,3,7,1,7,2,5,5,1
137,1,4.875892162322998,0.1900628209114074,1.7403988783445918,34.70878219604492,3.733489513397217,1,5,5,3,5,4,1,8,6,3,1,9,5,1,1,3,1,1,1,9,4,1,6,5,1,4,1,4,8,5,7
2718,1,5.120221614837647,0.2250712513923645,1.729824327874098,32.72765350341797,3.552402973175049,1,5,1,3,7,1,1,5,2,4,4,1,4,1,1,9,4,1,3,1,1,6,3,4,3,1,4,4,4,1,1
1618,1,4.621852397918701,0.187365636229515,1.755330173318954,33.04249954223633,3.4637014865875244,5,5,4,1,1,6,1,4,1,1,1,5,1,1,3,5,3,3,1,1,4,1,8,6,3,2,2,3,4,7,3
2718,1,5.543551445007324,0.2063054889440536,1.729824327874098,34.6357421875,3.4635679721832275,2,5,5,1,4,1,4,2,1,4,3,3,1,4,9,4,1,4,1,8,7,4,5,3,1,1,3,4,1,1,5
1618,2,4.96590518951416,0.1650190502405166,1.7264585244319757,33.70838928222656,3.4463469982147217,5,5,4,1,5,1,4,5,1,4,1,1,3,6,1,6,1,3,1,1,3,9,3,6,6,1,7,3,5,1,4
2718,2,5.726971626281738,0.2100282907485962,1.7459416259603515,33.341426849365234,3.440682172775269,6,2,5,6,5,6,5,3,5,1,3,4,1,5,1,1,3,3,1,5,6,1,4,1,1,4,1,4,1,1,8
1618,1,4.82826042175293,0.189173623919487,1.755330173318954,32.574371337890625,3.437230348587036,6,2,1,3,1,1,3,4,1,1,3,1,1,6,1,5,4,4,4,1,5,3,4,1,1,2,1,4,8,6,5
42,2,2.756352424621582,0.1556586921215057,1.7120449019615265,29.907869338989254,3.315765380859375,1,1,1,1,1,4,1,1,6,4,4,4,9,4,1,4,4,1,1,1,3,5,3,1,4,5,7,1,1,8,1
271,2,5.088153839111328,0.1762168407440185,1.7224204213974024,38.513763427734375,3.287569284439087,5,1,6,4,1,7,9,1,5,8,1,1,1,3,3,2,1,8,6,5,6,7,4,3,4,1,6,6,1,4,3
137,2,4.147662162780762,0.1626354306936264,1.718798034992829,36.5046272277832,3.2821617126464844,1,5,6,6,5,5,1,3,4,2,3,9,1,4,3,3,8,4,2,3,1,1,1,1,5,1,4,3,5,4,1
88,2,5.114594459533691,0.1939669102430343,1.7248557305898056,32.384944915771484,3.2457664012908936,5,1,5,5,1,1,1,2,5,3,5,4,8,1,1,3,1,1,1,6,1,4,2,4,4,4,1,1,5,5,3
509,1,5.982625961303711,0.2029265314340591,1.7331331101210403,31.861948013305664,3.174179077148437,6,5,1,1,3,5,4,1,5,1,4,3,7,5,1,3,1,7,4,5,4,1,6,1,1,1,1,9,1,1,1
88,2,3.5738492012023926,0.1980499625205993,1.7248557305898056,31.038013458251957,3.1407315731048584,5,6,8,3,4,5,1,5,1,3,8,1,6,5,5,5,1,1,1,1,1,4,1,1,3,1,1,1,1,1,5
88,1,5.565248966217041,0.1773216873407364,1.7247864634711405,32.24504852294922,2.975515842437744,5,1,6,5,1,6,1,1,5,3,9,4,1,1,5,3,4,1,1,1,5,4,2,4,4,5,1,1,1,5,3
2718,1,4.122612476348877,0.1517359763383865,1.729824327874098,38.91439056396485,2.953178882598877,1,5,8,5,1,1,5,6,2,9,4,5,4,7,4,5,6,4,5,4,3,1,1,6,1,1,9,5,1,4,3
42,2,4.500786304473877,0.1339220702648162,1.7120449019615265,33.3157958984375,2.9355669021606445,5,6,1,1,3,2,1,5,1,1,3,5,1,3,4,6,7,4,1,3,3,5,1,1,4,1,3,3,3,5,9
2718,2,4.517900466918945,0.1953775435686111,1.7459416259603515,32.38917541503906,2.9096930027008057,1,5,5,1,8,5,1,3,6,1,5,1,1,1,3,9,4,5,5,3,4,1,5,1,8,6,4,1,1,1,1
88,2,5.012977123260498,0.1522577404975891,1.7248557305898056,37.66000747680664,2.903540134429932,2,5,6,5,3,8,7,4,1,3,4,1,6,1,6,5,1,8,3,6,1,6,3,1,6,1,1,4,3,4,2
88,1,4.254565238952637,0.1626631468534469,1.7247864634711405,33.862300872802734,2.8204894065856934,1,5,3,5,4,1,5,2,1,1,9,1,3,4,6,5,4,2,4,1,3,1,1,6,1,9,1,1,7,3,4
2718,1,6.263565540313721,0.1912606358528137,1.729824327874098,33.282264709472656,2.8200714588165283,6,2,5,1,5,1,5,6,5,1,3,4,1,5,1,1,3,4,7,9,6,1,4,1,1,4,1,1,1,1,8
271,2,5.431540489196777,0.1643954664468765,1.7224204213974024,37.07258224487305,2.7705154418945312,5,5,4,5,4,3,3,1,2,1,5,3,4,4,4,3,1,8,3,5,9,1,6,4,5,4,4,4,7,4,1
314,1,3.863008737564087,0.153835266828537,1.736347910378991,34.60468292236328,2.74544620513916,3,5,5,1,6,1,5,4,2,4,4,5,4,1,7,5,5,6,1,4,5,1,1,6,1,1,9,1,1,4,3
2718,1,5.004624843597412,0.191526785492897,1.729824327874098,32.76674270629883,2.724379539489746,1,6,9,1,3,6,3,4,5,5,4,1,4,1,2,5,6,1,1,4,1,1,3,1,1,6,3,1,1,1,4
271,1,5.829986572265625,0.1652671247720718,1.7344811528682678,35.18300247192383,2.615622043609619,5,5,1,3,8,1,5,4,2,4,4,7,8,2,1,4,5,1,4,3,1,1,3,1,6,4,1,3,1,1,1
7,1,5.0449538230896,0.1602483540773391,1.7442575164428895,33.7059326171875,2.5960676670074463,1,1,5,4,3,5,4,3,5,5,8,4,1,5,1,8,4,6,1,1,5,7,4,1,3,1,1,1,7,3,1
88,1,4.241226673126221,0.1442877650260925,1.7247864634711405,35.67053985595703,2.584494113922119,1,2,1,4,1,4,7,4,5,1,4,1,6,5,6,9,2,1,4,4,3,4,4,1,1,3,5,1,7,3,1
42,2,4.101493835449219,0.1288233548402786,1.7120449019615265,32.54413986206055,2.581944465637207,1,5,4,7,4,1,1,1,7,1,4,4,3,7,5,4,1,3,1,6,1,1,4,3,1,1,3,1,4,1,9
509,2,4.663487911224365,0.1280283778905868,1.7180390384032482,36.813358306884766,2.5748555660247803,1,6,1,2,4,4,1,7,5,9,5,9,1,4,1,5,4,1,4,1,1,4,3,4,3,4,1,6,6,2,3
314,2,4.31854248046875,0.1853452920913696,1.7437080727008525,31.96021270751953,2.534897804260254,1,1,9,1,1,2,8,9,5,1,1,3,3,1,5,7,4,4,1,1,5,4,1,4,4,5,1,1,5,1,6
1023,1,5.926082611083984,0.2140768766403198,1.727950983351282,30.48492813110352,2.5320637226104736,5,5,1,3,4,8,1,5,1,7,5,3,4,4,4,3,1,4,1,1,5,1,1,1,4,6,1,1,1,4,1
509,1,4.908658981323242,0.1435327976942062,1.7331331101210403,36.859806060791016,2.5286178588867188,1,5,4,6,6,1,4,3,2,1,3,9,3,6,3,8,7,4,4,6,1,1,4,1,5,1,5,5,1,1,5
7,2,3.9992642402648926,0.1334989070892334,1.7187458598812662,36.184268951416016,2.5128979682922363,7,1,2,4,8,1,1,3,5,4,4,4,1,7,4,5,7,4,1,5,1,1,4,8,4,5,1,1,2,6,1
1023,1,5.330317974090576,0.1897007822990417,1.727950983351282,33.78622817993164,2.5016567707061768,7,5,5,1,1,6,1,6,6,6,3,1,1,4,1,3,1,5,9,1,4,4,3,4,5,1,1,1,4,3,5
509,2,4.1141862869262695,0.1290211379528045,1.7180390384032482,36.14150619506836,2.497734546661377,1,5,5,2,1,1,1,6,3,6,1,8,3,6,1,4,1,1,5,5,5,6,5,1,3,9,1,3,2,1,6
1618,1,4.91670560836792,0.1460749208927154,1.755330173318954,34.882789611816406,2.494406223297119,2,1,1,4,3,4,1,1,6,5,1,7,4,9,2,2,4,1,4,3,8,1,6,4,1,5,1,1,1,1,4
2718,1,5.618667602539063,0.1934439688920974,1.729824327874098,31.25551986694336,2.4721932411193848,6,2,1,1,1,1,3,1,5,1,1,4,1,4,5,5,3,1,3,6,5,1,9,1,4,1,1,5,3,1,4
42,2,4.0623273849487305,0.1272390484809875,1.7120449019615265,32.28862380981445,2.469414710998535,1,1,5,4,1,1,1,3,2,6,3,1,1,1,4,3,1,1,1,1,6,4,5,4,3,1,8,4,4,9,1
314,3,3.472118139266968,0.1355677247047424,1.7301316381340597,35.55268096923828,2.4447638988494877,3,4,1,4,8,1,5,5,6,5,2,3,4,5,5,2,1,8,3,1,1,1,1,1,5,8,3,4,1,4,3
271,2,4.660864353179932,0.1359894424676895,1.7224204213974024,39.3099479675293,2.4262328147888184,6,6,1,1,8,4,8,5,6,5,1,5,3,1,5,3,7,1,1,6,4,4,1,4,4,6,2,2,2,3,3
314,1,4.3411149978637695,0.1455883085727691,1.736347910378991,34.26715469360352,2.421036720275879,1,5,5,4,1,4,5,5,3,1,7,8,4,1,1,4,4,5,2,1,6,1,3,6,3,3,3,1,4,1,5
42,1,3.9632372856140137,0.1057460159063339,1.7290576565932338,38.92380905151367,2.419534921646118,8,6,2,1,4,5,6,1,5,8,5,9,1,4,1,1,1,1,4,1,3,1,5,3,3,4,7,8,7,3,3
509,1,4.196431636810303,0.1369742304086685,1.7331331101210403,37.200496673583984,2.417325258255005,6,1,6,4,3,1,4,5,2,5,1,9,8,4,2,1,2,1,3,8,4,5,1,5,1,3,1,3,1,1,7
88,1,3.6950020790100098,0.1534847617149353,1.7247864634711405,33.24845504760742,2.4141387939453125,2,5,3,4,4,1,6,1,1,3,9,4,4,4,1,3,6,5,1,1,1,3,4,1,1,4,5,3,5,1,1
1023,2,6.310660362243652,0.222138911485672,1.733478032423755,32.7659797668457,2.399701833724976,1,5,5,1,4,6,1,6,6,3,3,1,1,4,1,3,1,1,9,5,3,4,3,4,8,1,1,1,4,3,5
1618,1,3.609889030456543,0.1559365540742874,1.755330173318954,32.57428359985352,2.3935656547546387,2,1,1,1,1,1,6,5,5,1,4,8,4,6,1,1,1,1,5,1,2,4,9,5,7,1,1,5,3,4,4
88,2,3.933790922164917,0.1493243724107742,1.7248557305898056,35.02932357788086,2.3787829875946045,1,6,3,4,2,7,1,5,5,3,5,1,4,2,1,7,4,1,1,6,3,4,1,1,4,1,1,1,1,9,2
1618,2,3.7154440879821777,0.119012214243412,1.7264585244319757,38.22819137573242,2.356901168823242,1,6,8,3,1,4,1,7,6,3,3,5,3,5,6,3,4,1,4,9,4,1,3,4,1,2,1,2,1,5,5
137,2,2.6723546981811523,0.1482428610324859,1.718798034992829,33.28049850463867,2.340829849243164,1,4,1,1,8,1,1,5,5,7,4,1,1,1,6,5,4,1,1,1,5,1,8,3,4,1,5,9,3,3,3
88,2,5.348494052886963,0.1444216966629028,1.7248557305898056,35.59703826904297,2.3298258781433105,1,2,6,4,1,1,7,5,5,1,5,1,3,4,2,9,1,3,4,5,3,4,4,1,4,7,5,1,1,3,1
1618,2,4.527100086212158,0.1342612504959106,1.7264585244319757,33.69429397583008,2.319374084472656,1,6,6,2,1,5,3,1,5,4,3,1,1,4,7,1,1,5,4,1,2,6,1,1,4,5,1,4,5,4,3
42,2,2.9848504066467285,0.1112149655818939,1.7120449019615265,35.52647399902344,2.31126070022583,3,1,5,1,6,5,3,1,1,2,1,5,1,7,3,1,1,5,2,1,5,1,3,9,5,5,8,6,3,6,1
509,3,3.8459103107452393,0.1076546460390091,1.689006754425455,36.88954544067383,2.309123516082764,5,1,3,6,2,1,6,8,5,3,5,1,5,1,1,1,9,1,3,4,2,4,1,3,6,1,7,2,5,5,1
1023,1,2.753201484680176,0.1300008296966552,1.727950983351282,40.99578094482422,2.293735980987549,6,6,5,1,9,4,2,1,7,9,8,1,5,6,9,4,8,5,4,1,3,3,3,4,4,5,1,3,1,1,4
1023,3,5.114296436309815,0.179079994559288,1.7068526471749117,32.122257232666016,2.2779574394226074,1,5,1,3,3,1,4,1,5,3,1,1,8,1,3,1,1,3,9,1,2,6,5,1,1,1,1,6,3,7,1
271,2,3.4470407962799072,0.1498385667800903,1.7224204213974024,35.95851516723633,2.2378993034362797,2,1,3,4,4,5,5,1,6,7,4,7,3,4,5,2,4,1,9,1,2,4,1,1,4,1,3,1,4,1,1
88,2,3.417128086090088,0.1284436881542205,1.7248557305898056,37.73374176025391,2.218061923980713,6,5,2,8,3,7,1,4,1,7,1,1,4,4,1,6,2,5,1,5,4,4,5,1,5,1,3,5,9,1,3
42,2,3.6391916275024414,0.0998108386993408,1.7120449019615265,37.81311798095703,2.1957268714904785,5,1,6,5,5,6,1,1,7,8,3,3,1,5,4,5,7,1,3,6,1,8,5,4,4,6,1,1,1,5,2
88,1,4.043486595153809,0.1438740193843841,1.7247864634711405,33.68836975097656,2.194521427154541,7,6,3,4,4,1,1,5,5,1,5,1,1,2,1,7,4,4,1,4,4,4,1,1,4,1,1,5,1,9,2
509,2,3.17553186416626,0.1212304458022117,1.7180390384032482,35.99126052856445,2.190335750579834,9,5,6,8,6,1,1,1,4,5,4,4,5,5,8,1,4,6,1,5,1,1,3,6,1,2,1,1,4,6,5
7,1,5.032837390899658,0.158592939376831,1.7442575164428895,31.69956398010254,2.152599573135376,1,5,3,1,3,4,3,4,1,5,1,4,9,1,1,1,4,1,4,4,1,1,4,5,3,4,1,8,7,9,1
1618,1,4.533529281616211,0.1320440173149109,1.755330173318954,35.34681701660156,2.1363468170166016,5,1,5,6,4,1,1,1,1,6,3,4,1,5,4,9,3,6,4,6,1,1,3,3,7,1,2,7,1,1,4
42,2,3.467597246170044,0.0958341807126998,1.7120449019615265,38.35693740844727,2.1127634048461914,8,6,2,1,4,5,6,1,5,8,5,9,1,4,3,1,1,5,4,1,3,1,5,3,3,4,7,1,7,3,3
1023,1,3.734775304794312,0.1327110677957534,1.727950983351282,39.3453483581543,2.1015429496765137,4,5,4,3,1,1,4,1,6,6,4,4,4,2,5,5,9,5,6,1,3,2,1,9,3,3,4,6,4,8,1
88,2,5.10347843170166,0.1621121764183044,1.7248557305898056,31.03542137145996,2.0872836112976074,1,5,1,5,4,1,5,5,1,1,7,1,3,4,6,5,4,3,3,6,1,1,1,6,1,9,1,1,1,3,4
1023,1,4.763801097869873,0.1774684637784958,1.727950983351282,32.76837158203125,2.0788321495056152,5,5,4,5,3,1,4,1,5,4,1,1,6,3,3,1,1,3,5,1,4,6,5,1,1,1,1,6,2,7,1
7,1,5.634719371795654,0.1400126665830612,1.7442575164428895,34.12959671020508,2.0736618041992188,4,5,1,9,1,4,3,1,5,2,1,1,4,5,1,4,8,9,1,4,1,4,1,1,1,7,1,6,4,1,5
1023,2,5.292685508728027,0.1804074496030807,1.733478032423755,35.145355224609375,2.057748556137085,1,5,5,4,3,1,1,1,1,5,3,1,9,6,4,5,3,3,3,6,3,1,5,1,7,4,1,2,3,7,4
314,2,3.222143173217773,0.120836317539215,1.7437080727008525,39.40355682373047,2.0543084144592285,1,5,3,1,8,1,1,7,1,7,4,5,4,8,5,4,9,7,5,3,1,2,1,7,2,1,9,5,1,1,4
314,1,2.890877723693848,0.1210492700338363,1.736347910378991,36.05717086791992,2.0301225185394287,5,7,6,8,6,1,5,1,6,3,1,1,5,1,4,3,1,3,2,4,3,1,1,8,1,5,5,1,3,3,3
7,2,4.75159215927124,0.1328202039003372,1.7187458598812662,33.25619888305664,2.022146701812744,1,5,1,1,1,3,4,1,7,1,9,5,4,4,6,3,1,3,4,1,1,4,1,3,6,5,1,7,3,1,2
42,3,2.6981916427612305,0.1300592124462127,1.7131195717209058,31.18538856506348,2.0127315521240234,5,1,1,4,1,4,5,8,7,4,3,1,4,1,1,1,4,1,1,4,1,1,1,6,1,5,6,7,4,4,1
1618,1,3.545062065124512,0.1276798844337463,1.755330173318954,35.414207458496094,2.0112955570220947,2,1,1,9,1,3,1,3,6,8,3,4,8,1,4,1,6,4,1,5,4,1,4,3,1,1,8,1,6,5,1
314,3,3.396059513092041,0.1233675330877304,1.7301316381340597,35.35781478881836,1.9935779571533203,1,5,4,4,1,3,1,3,1,1,7,1,2,4,1,9,3,1,1,3,5,1,7,6,6,5,1,2,6,1,3
1618,2,3.176229238510132,0.1031506434082984,1.7264585244319757,39.78499603271485,1.981105089187622,1,2,4,5,4,4,4,2,5,9,3,5,6,1,9,3,7,4,3,5,5,1,6,6,5,5,1,5,1,1,3
509,3,4.388105869293213,0.1191371008753776,1.689006754425455,31.695402145385746,1.9698213338851929,4,5,4,1,1,1,4,1,5,1,4,3,4,5,1,3,1,8,4,5,9,1,6,1,3,4,1,4,6,1,1
7,1,4.646261692047119,0.1539183855056762,1.7442575164428895,31.44074249267578,1.9618892669677732,1,5,1,7,4,1,3,1,1,1,3,1,4,3,5,6,3,1,1,5,1,4,1,8,3,6,4,1,3,9,1
42,1,3.8661763668060303,0.1215554699301719,1.7290576565932338,33.48477554321289,1.9605833292007449,5,1,6,5,4,6,1,1,7,1,9,3,1,1,4,5,3,1,3,1,3,8,5,4,4,1,1,1,1,5,2
7,1,4.7720794677734375,0.1421102434396743,1.7442575164428895,33.151023864746094,1.9443042278289795,3,1,2,4,1,1,1,3,5,5,4,4,1,7,4,5,1,4,6,1,1,1,4,8,5,5,1,1,2,6,1
137,2,3.640170097351074,0.1173468828201294,1.718798034992829,36.61189651489258,1.9092979431152344,6,5,5,5,6,1,1,1,4,3,1,5,6,3,6,3,3,3,1,2,1,7,4,1,1,8,4,7,3,1,1
88,1,3.558420181274414,0.141311228275299,1.7247864634711405,32.581634521484375,1.9032022953033447,3,5,5,9,1,2,4,1,1,1,4,1,3,1,3,4,1,3,1,2,7,5,1,5,6,4,6,1,1,1,5
7,1,4.153571605682373,0.1317682117223739,1.7442575164428895,34.50054931640625,1.8997647762298584,6,5,5,6,5,5,1,1,8,1,3,4,1,9,1,1,1,5,7,5,1,1,2,6,1,3,4,1,4,1,4
1618,1,2.5595803260803223,0.1226235777139663,1.755330173318954,35.613067626953125,1.887888073921204,1,5,3,4,4,5,1,1,9,7,8,7,1,3,1,4,1,3,1,5,1,3,1,1,5,5,1,7,5,5,4
42,2,2.723795175552368,0.0963345542550087,1.7120449019615265,36.84108352661133,1.8795700073242188,3,2,1,3,8,7,4,1,5,3,4,5,5,1,7,3,1,1,1,6,1,1,6,6,3,7,1,4,9,1,3
271,1,4.95128345489502,0.1522792875766754,1.7344811528682678,33.009178161621094,1.875729322433472,1,6,1,3,1,1,6,5,2,5,1,7,1,1,5,4,4,6,1,4,1,3,1,1,4,1,4,2,5,1,1
314,2,4.428684711456299,0.1302608698606491,1.7437080727008525,36.684207916259766,1.874894618988037,7,5,5,4,1,3,1,3,1,1,1,1,2,3,9,9,9,3,1,4,5,1,7,6,1,5,1,2,4,1,3
7,3,4.201201915740967,0.14113350212574,1.744870728687029,34.302024841308594,1.8567613363265991,1,1,5,4,3,1,4,1,5,1,1,4,3,4,4,8,3,6,5,5,4,7,4,1,3,3,1,8,7,3,1
88,1,5.019472599029541,0.1315435320138931,1.7247864634711405,33.77457809448242,1.8218233585357664,1,5,5,4,5,8,1,2,3,5,4,1,3,5,1,3,4,4,1,2,1,6,3,5,6,1,1,4,1,1,1
2718,2,4.5689311027526855,0.1273637264966964,1.7459416259603515,36.84542465209961,1.82015323638916,1,5,4,5,1,6,5,6,2,1,4,5,4,3,4,5,6,4,9,9,4,1,1,6,3,1,9,4,1,4,3
271,1,4.383456230163574,0.1255627572536468,1.7344811528682678,36.16806411743164,1.809905171394348,6,6,1,1,8,4,8,7,6,5,1,5,1,1,5,3,7,1,1,6,4,4,1,4,4,1,2,1,4,3,3
7,2,3.5058538913726807,0.1319049298763275,1.7187458598812662,32.05513381958008,1.7992351055145264,6,5,4,4,1,4,9,7,1,4,1,1,4,5,8,1,1,1,4,5,3,3,1,7,1,1,4,1,4,1,4
2718,2,4.6946234703063965,0.1361996978521347,1.7459416259603515,35.14192581176758,1.7874464988708496,1,5,3,1,1,1,6,3,7,5,4,3,8,5,5,1,6,1,1,1,1,3,4,1,9,3,5,1,2,4,2
137,2,4.431801795959473,0.1315146684646606,1.718798034992829,33.012977600097656,1.7861278057098389,6,5,1,8,1,4,3,6,1,3,3,5,1,1,1,1,9,7,3,1,1,3,4,1,3,9,1,1,9,1,1
271,2,4.526410102844238,0.1528167128562927,1.7224204213974024,32.56111526489258,1.7756567001342771,1,5,1,3,1,7,5,1,2,4,4,7,3,5,1,4,5,1,1,3,1,1,3,1,6,6,1,3,4,1,1
1023,2,3.034298896789551,0.1180019900202751,1.733478032423755,40.02947998046875,1.7739818096160889,4,5,4,3,8,1,4,1,6,6,3,4,5,2,3,5,9,5,5,1,4,2,1,9,3,3,4,5,4,8,1
314,1,4.633726596832275,0.1409228295087814,1.736347910378991,31.74456214904785,1.7582426071166992,5,1,5,4,1,1,3,1,1,5,4,8,1,1,1,9,4,5,3,4,4,3,1,1,1,3,3,4,4,5,2
1023,2,3.662566900253296,0.1660871356725692,1.733478032423755,34.88816833496094,1.7561211585998535,1,5,1,3,1,7,1,4,1,2,4,3,5,4,3,4,4,3,5,5,5,1,7,3,4,8,1,5,1,3,1
1023,1,3.8030307292938232,0.1186928302049636,1.727950983351282,39.073951721191406,1.7533848285675049,9,5,1,7,1,3,9,4,3,5,6,6,4,4,5,3,4,4,5,1,6,8,1,4,7,1,1,9,3,7,1
137,2,3.3553354740142822,0.1205609142780304,1.718798034992829,34.96940994262695,1.7533137798309326,1,5,4,4,5,4,1,9,6,3,1,9,1,1,1,3,4,1,1,9,4,1,6,5,1,4,1,7,5,5,7
1023,1,5.2335710525512695,0.1598202288150787,1.727950983351282,32.927467346191406,1.716831088066101,1,5,5,4,8,1,1,1,1,5,1,1,9,6,1,5,3,4,4,6,3,1,5,1,1,1,1,2,4,7,4
1023,2,2.4159910678863525,0.10487911850214,1.733478032423755,41.031734466552734,1.7100536823272705,6,6,5,4,9,7,2,1,7,9,8,1,5,5,9,4,8,6,4,5,1,3,3,4,1,3,1,1,1,1,4
137,1,4.1183061599731445,0.1042990162968635,1.7403988783445918,38.001686096191406,1.705841302871704,3,5,5,4,1,7,4,1,1,2,1,5,6,6,2,1,1,4,1,4,1,4,7,5,3,7,8,5,9,3,1
1023,2,4.241927146911621,0.1402187794446945,1.733478032423755,37.21571731567383,1.6904966831207275,1,5,1,7,5,4,9,4,3,5,3,6,9,4,1,3,1,4,5,1,6,8,1,4,4,3,1,9,3,7,1
1618,2,2.4900126457214355,0.0839869976043701,1.7264585244319757,42.89788055419922,1.688844919204712,2,4,5,1,9,6,7,4,6,9,6,9,3,3,2,1,3,4,3,5,7,4,6,5,6,2,4,3,4,1,1
7,2,3.6175363063812256,0.1136258691549301,1.7187458598812662,35.19211196899414,1.6800819635391235,4,5,5,6,5,5,1,1,8,1,3,4,1,9,1,1,1,7,7,5,1,1,2,6,9,1,4,1,4,1,4
1023,2,4.789729118347168,0.1943833976984024,1.733478032423755,31.43717193603516,1.6725730895996094,5,5,1,5,5,8,1,1,1,6,5,3,5,4,4,3,7,4,1,1,4,1,1,1,1,6,1,3,1,4,1
314,1,3.923518180847168,0.1132825091481208,1.736347910378991,35.46717071533203,1.6686668395996094,3,5,6,1,6,6,4,1,4,5,2,1,4,3,1,9,4,3,3,5,1,3,1,8,3,1,1,1,4,3,6
7,1,3.4901747703552246,0.1229083091020584,1.7442575164428895,34.65895462036133,1.6657183170318604,1,5,1,4,1,4,1,7,1,1,6,4,1,4,1,1,6,3,7,5,3,6,5,8,3,1,4,6,4,3,9
1618,2,3.525251865386963,0.11361925303936,1.7264585244319757,34.4559326171875,1.6642979383468628,5,1,1,3,4,1,2,3,6,3,1,3,1,1,6,8,4,4,6,5,1,1,7,1,5,6,5,4,1,1,9
1618,2,4.318004608154297,0.1170823350548744,1.7264585244319757,33.41084671020508,1.6537493467330933,1,1,1,4,1,1,1,4,6,5,1,7,3,9,2,2,4,1,4,3,5,1,6,4,5,1,1,4,5,1,4
137,1,4.329767227172852,0.1354962289333343,1.7403988783445918,32.21800231933594,1.6521265506744385,1,1,8,3,5,4,5,6,5,1,4,9,1,4,1,5,4,1,1,4,5,1,4,3,1,8,1,4,6,1,4
509,2,4.429969310760498,0.1134774684906005,1.7180390384032482,34.3643684387207,1.6357877254486084,1,5,5,1,3,5,1,1,3,2,5,1,6,1,5,6,3,4,3,4,5,3,5,5,4,1,4,1,3,1,3
88,2,4.020441055297852,0.130928173661232,1.7248557305898056,33.77214813232422,1.6300536394119265,4,5,2,4,1,4,1,1,5,4,1,3,3,1,1,1,6,1,1,3,1,4,6,5,5,4,3,8,5,4,3
88,2,3.296178340911865,0.1011407077312469,1.7248557305898056,38.996707916259766,1.6287221908569336,1,5,6,4,6,4,1,2,8,7,5,1,5,1,6,5,7,3,5,5,1,3,3,2,6,4,1,4,1,1,4
271,1,2.682734966278076,0.1291793286800384,1.7344811528682678,34.688690185546875,1.6181037425994873,5,4,5,1,4,3,7,5,6,1,4,9,3,5,1,1,3,4,8,1,6,4,6,5,4,1,4,5,1,1,1
7,1,3.469928979873657,0.0871265530586242,1.7442575164428895,39.8691291809082,1.6178449392318726,1,6,7,2,5,8,1,4,1,1,8,4,7,1,9,5,6,8,9,3,2,4,4,7,4,1,5,1,3,1,1
42,1,3.733473777770996,0.1210549026727676,1.7290576565932338,31.79344940185547,1.6144977807998655,2,1,3,1,1,4,1,8,6,1,4,4,4,4,1,4,1,1,3,1,3,5,3,1,4,5,7,1,1,8,1
137,3,3.4494059085845947,0.1250922083854675,1.7109951410614923,34.143463134765625,1.612449288368225,1,5,1,1,4,9,1,5,4,6,3,9,4,6,4,3,9,5,2,3,1,1,1,1,5,1,4,3,1,4,1
137,1,4.864810466766357,0.1421916186809539,1.7403988783445918,30.813217163085938,1.612383246421814,5,1,1,6,1,1,4,7,6,5,5,4,4,1,5,1,4,3,1,3,1,1,8,1,1,4,1,5,1,5,1
2718,1,4.0937180519104,0.1429309248924255,1.729824327874098,33.1441650390625,1.588495135307312,5,1,1,8,4,4,1,1,5,3,1,1,9,1,1,1,3,6,1,3,1,7,3,2,6,4,1,3,8,4,1
509,2,2.2072417736053467,0.1129810437560081,1.7180390384032482,34.15352249145508,1.5823267698287964,1,6,3,4,1,4,1,5,1,9,5,1,7,3,1,1,4,1,6,5,5,3,1,1,3,5,1,2,5,5,4
7,1,4.75153923034668,0.1318320333957672,1.7442575164428895,32.868492126464844,1.5812395811080933,2,5,6,1,1,1,4,4,1,1,6,3,4,5,3,1,6,1,1,1,1,6,1,4,1,1,9,1,8,8,5
7,2,3.6404247283935542,0.1140580400824546,1.7187458598812662,34.47709655761719,1.5805318355560305,1,6,4,4,5,1,1,1,5,3,7,4,5,1,1,3,7,1,4,5,5,1,3,4,1,1,5,8,1,6,1
1618,2,3.996806144714356,0.1170340999960899,1.7264585244319757,32.85970687866211,1.5796157121658323,6,5,1,1,3,1,1,3,1,4,1,5,1,1,3,5,1,9,1,1,4,1,8,6,1,6,2,3,4,7,3
7,2,4.042140960693359,0.1187083274126052,1.7187458598812662,33.447975158691406,1.5739365816116333,8,5,1,7,1,3,3,1,1,4,3,1,4,3,1,6,3,1,1,4,1,4,1,8,6,5,4,1,6,9,1
2718,1,4.467233180999756,0.1330523341894149,1.729824327874098,34.27655792236328,1.5671260356903076,1,2,5,1,8,8,5,7,6,3,4,1,1,1,1,1,3,6,8,1,1,4,1,4,1,3,3,1,4,4,5
2718,2,5.635605335235596,0.1404946148395538,1.7459416259603515,32.992244720458984,1.5667555332183838,6,2,1,1,5,1,3,1,5,7,1,4,1,4,5,5,3,1,1,1,5,1,9,1,4,4,1,5,3,1,4
1618,3,3.8640267848968506,0.1268793642520904,1.7264439011911636,30.666893005371094,1.563591241836548,3,1,1,1,1,5,1,1,5,5,1,4,6,3,7,6,4,5,5,1,5,1,3,3,3,1,4,4,1,1,1
314,1,3.1570279598236084,0.1103641763329505,1.736347910378991,35.37335205078125,1.5591353178024292,1,6,1,4,1,1,3,1,5,4,4,5,4,5,5,6,4,5,6,1,7,1,2,9,3,1,4,1,9,1,5
1618,1,3.176328659057617,0.1037507653236389,1.755330173318954,37.03559112548828,1.5482311248779297,1,2,4,6,9,4,4,2,5,3,4,5,4,1,1,3,4,1,3,5,6,1,6,6,3,7,1,5,1,1,3
2718,3,3.663067579269409,0.1149906739592552,1.7217620706494792,37.74746322631836,1.5452979803085327,9,6,3,6,1,2,3,7,5,4,4,1,1,1,8,5,6,3,3,4,6,1,3,1,1,2,3,3,5,1,4
509,2,4.708030223846436,0.1326441615819931,1.7180390384032482,29.63890647888184,1.534563064575195,1,5,1,4,1,1,3,1,1,5,3,4,5,1,1,1,1,1,3,5,1,6,3,5,1,1,3,4,1,8,9
88,1,3.1882619857788086,0.115640677511692,1.7247864634711405,34.88582229614258,1.5313129425048828,1,5,4,8,3,1,1,4,1,7,4,1,4,4,1,6,2,4,1,5,8,4,5,1,5,1,3,1,6,1,3
137,1,4.489197254180908,0.1281546652317047,1.7403988783445918,32.76897048950195,1.5249865055084229,5,1,5,1,4,4,3,6,6,1,3,4,5,1,3,1,7,4,5,5,1,8,1,3,1,2,1,4,1,5,1
88,1,4.146809101104736,0.1410875171422958,1.7247864634711405,30.608814239501957,1.5210039615631104,5,2,1,8,1,3,4,1,1,1,1,4,1,1,5,4,3,7,1,1,5,5,1,1,1,6,3,1,4,1,9
271,2,3.045950412750244,0.1031143143773078,1.7224204213974024,38.61992645263672,1.511080980300903,6,3,5,7,4,1,6,3,6,9,1,4,7,1,6,1,4,1,8,3,7,1,4,1,1,4,1,5,5,8,2
137,2,4.03621768951416,0.1114807650446891,1.718798034992829,35.135677337646484,1.5004994869232178,4,5,1,9,1,3,3,4,3,5,1,3,1,7,5,5,8,3,4,5,1,5,3,1,4,4,6,1,1,9,1
137,2,2.993928909301758,0.1020866185426712,1.718798034992829,36.82875442504883,1.474714279174805,3,6,1,4,1,2,5,3,3,5,1,2,5,3,5,4,9,3,3,3,6,5,8,1,3,1,1,3,5,1,1
88,1,3.1259336471557617,0.1143403500318527,1.7247864634711405,34.78664779663086,1.4714224338531494,4,5,1,4,8,1,1,1,6,1,4,1,1,5,1,2,4,8,5,4,6,1,5,4,3,5,5,6,3,1,7
1618,3,4.107249736785889,0.1129805967211723,1.7264439011911636,33.611595153808594,1.4685815572738647,1,1,5,3,3,4,6,5,5,1,4,8,4,5,1,1,4,3,1,1,2,4,9,5,6,6,1,5,1,4,4
314,1,3.131154775619507,0.1029897481203079,1.736347910378991,36.010704040527344,1.4620940685272217,2,5,3,1,8,5,1,6,1,4,6,5,4,3,4,4,1,1,5,1,1,2,1,7,2,3,9,4,1,1,4
88,1,4.202522277832031,0.1225587055087089,1.7247864634711405,33.34291458129883,1.4562230110168457,1,5,6,5,4,5,7,4,1,1,4,1,6,1,1,5,1,1,6,6,1,6,3,1,5,2,1,5,3,4,2
88,2,3.7683823108673096,0.1316443979740142,1.7248557305898056,32.55596160888672,1.448176026344299,6,1,3,3,4,7,1,7,5,1,1,7,4,1,3,1,1,1,1,9,4,5,1,1,1,4,3,8,3,3,5
509,1,3.744243860244751,0.1336983740329742,1.7331331101210403,32.52065658569336,1.44302499294281,5,6,1,2,4,5,3,7,1,1,1,1,4,4,4,1,1,3,1,1,1,2,1,5,5,4,3,7,5,3,1
1618,2,3.127913475036621,0.1135771945118904,1.7264585244319757,32.593021392822266,1.4181439876556396,2,1,1,3,5,5,1,3,6,4,3,4,4,1,4,1,6,9,4,1,5,1,4,3,1,1,8,1,1,5,1
1023,1,4.237388610839844,0.1373965144157409,1.727950983351282,34.17828750610352,1.4166820049285889,5,1,5,5,7,1,1,3,1,1,1,4,1,3,5,1,8,2,1,5,5,1,9,3,8,5,4,6,6,1,5
88,1,2.7736589908599854,0.114582821726799,1.7247864634711405,34.43534469604492,1.4122720956802368,4,5,8,4,9,4,1,1,5,4,1,3,1,1,1,1,9,5,1,3,1,4,6,5,5,1,3,8,1,4,3
7,2,2.3404734134674072,0.1023449301719665,1.7187458598812662,35.78099060058594,1.3913629055023191,1,4,5,5,1,3,4,9,7,4,8,1,4,5,1,6,3,1,3,1,5,4,2,1,5,1,1,4,6,5,1
271,2,4.881834506988525,0.145558699965477,1.7224204213974024,31.2298583984375,1.3878626823425293,1,6,1,3,1,1,6,5,2,5,1,7,1,1,1,4,4,6,1,4,1,3,1,1,4,3,4,1,5,1,1
314,1,4.465511322021484,0.1238653436303138,1.736347910378991,32.49836730957031,1.3856968879699707,1,1,5,1,3,8,5,4,5,1,7,1,1,4,6,3,3,1,6,4,1,9,1,4,3,1,4,3,4,3,1
2718,2,4.033719062805176,0.1314837783575058,1.7459416259603515,33.230716705322266,1.3678773641586304,1,5,8,3,5,3,1,1,1,3,1,3,3,9,4,1,3,3,1,5,2,1,1,1,4,1,2,3,4,4,3
42,2,2.1020843982696533,0.0758589208126068,1.7120449019615265,39.12588119506836,1.3656587600708008,8,8,1,4,4,5,4,9,9,3,1,4,4,9,4,1,7,6,3,3,3,1,1,5,5,3,5,4,4,6,1
509,2,4.22042179107666,0.0970574840903282,1.7180390384032482,36.20207977294922,1.3504759073257446,8,5,1,1,4,1,3,1,1,6,3,1,9,6,2,5,1,1,5,3,1,5,8,1,8,3,3,3,6,5,4
509,1,3.0596609115600586,0.0978714898228645,1.7331331101210403,37.07165145874024,1.3446178436279297,1,1,1,6,3,3,6,5,5,4,7,1,5,9,1,1,4,7,3,1,2,4,1,3,7,4,7,2,5,5,1
2718,2,3.457048892974853,0.1263355016708374,1.7459416259603515,33.94540023803711,1.343879222869873,8,6,9,1,5,1,3,4,5,4,4,1,4,1,1,5,6,3,5,4,1,1,3,1,1,2,3,1,5,1,4
137,2,2.914162397384644,0.100124217569828,1.718798034992829,36.31324005126953,1.3345987796783447,5,1,9,3,8,1,4,6,8,3,3,4,1,4,4,5,3,1,1,1,1,6,3,4,4,9,3,3,3,1,4
137,2,4.49211311340332,0.1216732263565063,1.718798034992829,32.04133224487305,1.3335741758346558,5,1,1,6,1,1,4,7,6,5,5,4,4,5,1,1,3,1,4,5,1,1,8,1,1,4,1,5,8,5,1
88,2,3.639969825744629,0.115656279027462,1.7248557305898056,34.66053771972656,1.330756902694702,4,6,6,1,1,1,3,9,4,5,4,3,7,8,3,5,4,1,9,1,1,1,1,1,1,7,1,4,1,6,1
1023,1,4.8648552894592285,0.1502683609724044,1.727950983351282,31.71152114868164,1.3224834203720093,5,1,6,4,1,6,3,7,5,1,4,3,1,5,1,5,1,4,5,1,1,4,1,1,7,1,6,1,9,1,2
42,1,2.018895387649536,0.0993461608886718,1.7290576565932338,34.496315002441406,1.3224796056747437,1,1,4,1,4,1,1,1,3,4,8,3,1,1,5,4,8,4,3,5,1,1,7,6,6,2,3,5,5,1,9
2718,2,3.7112090587615967,0.1224005296826362,1.7459416259603515,34.46434783935547,1.321305751800537,9,5,1,5,3,3,1,5,1,4,3,9,9,1,1,5,1,1,1,4,3,5,1,4,5,1,8,8,5,3,4
2718,2,2.3849592208862305,0.1137901693582534,1.7459416259603515,35.90327072143555,1.3189208507537842,7,1,1,3,1,3,4,4,6,9,4,8,4,5,1,4,9,3,8,4,1,4,4,1,8,1,5,1,3,1,1
88,2,3.418563842773437,0.1284168809652328,1.7248557305898056,32.32120132446289,1.3144475221633911,8,5,3,4,4,1,6,1,1,1,8,4,4,4,1,3,7,5,1,3,1,3,4,1,1,4,5,1,5,1,1
1618,2,2.916818857192993,0.1012873202562332,1.7264585244319757,35.22129440307617,1.313693284988403,1,5,4,5,5,5,1,1,9,3,8,7,9,4,1,4,6,3,3,5,1,3,1,1,1,5,1,1,5,5,4
1618,1,3.40914249420166,0.1188461035490036,1.755330173318954,33.03093719482422,1.310122013092041,5,6,1,1,8,5,5,5,3,3,1,4,4,1,1,1,1,1,5,3,3,2,1,9,6,1,7,1,1,4,1
509,2,3.2053382396698,0.1053768619894981,1.7180390384032482,34.16508483886719,1.3089135885238647,6,1,6,4,3,1,4,5,2,1,1,9,8,4,1,1,5,4,5,8,4,5,1,5,1,9,1,1,1,1,7
314,1,3.615370512008667,0.1237238571047782,1.736347910378991,32.144630432128906,1.3086110353469849,4,5,4,5,1,4,3,4,6,1,1,4,5,1,4,6,3,1,1,4,4,8,1,1,1,1,1,9,1,7,1
137,1,2.6048593521118164,0.117703765630722,1.7403988783445918,33.337745666503906,1.3068081140518188,1,1,4,6,4,5,3,4,5,1,4,9,4,7,1,4,7,1,5,1,8,4,8,1,1,5,1,1,1,3,1
271,2,2.6591989994049072,0.1206225156784057,1.7224204213974024,34.59701919555664,1.3067071437835691,7,8,5,8,1,4,1,4,1,3,4,1,3,1,4,1,3,8,1,1,1,5,4,1,1,6,4,2,1,5,5
88,2,3.560029983520508,0.0923317298293113,1.7248557305898056,38.56842803955078,1.2991712093353271,4,5,1,3,8,2,1,9,6,1,7,1,1,7,1,2,4,1,5,4,6,1,5,4,3,5,5,6,2,1,7
509,2,1.8968827724456787,0.118037648499012,1.7180390384032482,31.344484329223636,1.29268217086792,1,8,4,4,1,3,1,3,3,1,1,4,1,1,1,2,4,3,1,1,5,1,4,5,4,5,1,3,2,1,5
314,1,2.715952157974243,0.1390697658061981,1.736347910378991,29.756681442260746,1.2923297882080078,4,1,6,1,1,1,3,1,1,1,3,4,3,1,6,1,3,4,3,1,5,4,1,1,4,3,1,7,6,4,5
1023,2,4.40158748626709,0.1793498694896698,1.733478032423755,30.758878707885746,1.2858437299728394,5,1,6,1,1,1,3,7,5,1,3,3,5,5,1,5,1,3,5,1,1,4,1,1,7,1,6,1,3,1,2
88,1,3.138778686523437,0.1136383488774299,1.7247864634711405,33.893009185791016,1.2793419361114502,4,6,3,1,1,1,3,9,4,5,4,3,3,8,1,5,4,1,9,4,7,1,1,1,1,7,1,1,1,6,1
2718,1,4.6912994384765625,0.1480137705802917,1.729824327874098,30.94816017150879,1.2792644500732422,6,5,1,4,1,4,1,2,1,1,1,1,6,5,3,5,1,4,3,4,4,3,4,3,8,1,1,3,1,3,1
314,1,2.5417847633361816,0.1020135283470153,1.736347910378991,35.255638122558594,1.2767016887664795,5,4,5,6,2,1,5,8,4,3,1,4,9,1,3,8,1,4,1,4,2,1,1,6,1,5,5,3,4,1,1
7,2,2.331984758377075,0.1202491745352745,1.7187458598812662,31.2388858795166,1.273347020149231,1,1,4,6,1,5,6,5,1,1,1,4,4,4,5,4,4,3,3,1,8,3,9,1,1,1,1,4,5,1,2
88,1,4.437776565551758,0.1232261657714843,1.7247864634711405,32.214698791503906,1.262750506401062,6,1,5,1,1,7,1,4,5,1,4,1,8,8,1,6,1,6,1,4,5,3,1,1,5,4,1,5,1,7,3
137,3,3.255059003829956,0.1301052868366241,1.7109951410614923,30.82501983642578,1.2464330196380615,1,1,1,4,4,5,3,2,5,1,4,9,3,5,1,4,1,1,1,1,8,4,8,1,6,5,1,1,1,3,1
2718,1,3.8425180912017822,0.1145304962992668,1.729824327874098,34.9304084777832,1.235421657562256,1,5,4,1,3,1,6,3,7,5,4,3,6,6,5,1,6,5,1,1,1,3,4,1,9,3,5,1,1,4,2
271,2,3.753302812576294,0.1446944922208786,1.7224204213974024,30.37192153930664,1.2314863204956057,1,5,4,1,4,8,4,1,1,1,4,4,3,1,4,7,1,1,1,4,1,5,1,4,2,5,1,5,3,5,5
2718,2,3.355623483657837,0.0927789658308029,1.7459416259603515,38.80696487426758,1.218952178955078,4,2,4,8,5,1,1,4,5,1,3,7,1,4,3,9,3,7,1,3,4,1,1,5,8,8,4,9,1,6,5
42,1,2.791708946228028,0.1012236550450325,1.7290576565932338,33.5709342956543,1.213897943496704,1,6,1,7,9,2,1,5,3,1,1,1,1,4,1,1,3,4,4,7,6,4,1,4,5,3,5,5,3,3,4
137,1,4.332458019256592,0.1038499325513839,1.7403988783445918,35.196571350097656,1.2082290649414062,1,5,1,3,1,1,1,6,1,2,5,5,1,4,1,4,6,7,1,2,8,4,4,3,1,6,1,3,1,6,3
137,1,3.899622917175293,0.1074400097131729,1.7403988783445918,34.53031921386719,1.2019296884536743,1,6,1,6,1,2,9,3,1,5,1,6,1,4,7,4,3,4,3,6,5,4,2,1,1,4,1,3,1,1,1
271,3,4.264460563659668,0.1173096522688865,1.714904612983485,33.100826263427734,1.1890275478363037,1,5,1,1,1,5,4,6,1,2,5,1,6,4,3,4,1,4,4,1,6,9,5,1,4,6,1,1,1,3,6
42,2,3.19884729385376,0.1084437817335128,1.7120449019615265,29.567258834838867,1.1865967512130735,1,1,3,4,1,5,4,4,5,4,1,1,4,1,1,1,3,6,3,5,4,4,4,1,1,5,3,1,1,2,5
2718,2,3.4731884002685547,0.1057192087173461,1.7459416259603515,36.39254379272461,1.1835029125213623,1,5,4,3,1,1,1,1,2,8,4,1,5,1,1,9,4,5,8,6,4,6,3,4,1,6,4,4,4,1,1
509,2,2.599606990814209,0.1061175391077995,1.7180390384032482,33.213645935058594,1.1756105422973633,5,4,4,5,1,5,1,2,1,1,3,7,9,1,5,5,4,1,6,1,5,1,8,4,1,1,4,1,3,2,1
509,1,2.847487449645996,0.1125273182988166,1.7331331101210403,34.1035041809082,1.1752833127975464,3,5,3,8,7,1,1,1,4,5,4,4,5,4,4,1,4,1,6,5,1,1,3,6,1,8,1,1,5,6,5
88,1,2.684701442718506,0.0779736116528511,1.7247864634711405,39.24298858642578,1.1712528467178345,1,4,9,9,1,1,1,5,5,6,7,2,5,4,4,6,1,2,3,1,1,3,4,3,5,3,7,4,3,1,8
314,1,4.309988975524902,0.0986855924129486,1.736347910378991,35.24065017700195,1.1707069873809814,7,5,5,4,1,2,1,1,1,1,6,1,1,3,9,9,4,3,1,4,1,1,7,6,7,1,1,2,4,1,3
42,1,3.7091565132141113,0.0932400897145271,1.7290576565932338,34.84601974487305,1.1608991622924805,5,6,1,4,3,2,1,1,1,3,3,5,4,3,4,6,7,1,1,3,3,5,1,1,4,3,3,3,3,5,9
314,1,2.328779458999634,0.0912807211279869,1.736347910378991,36.21263885498047,1.1415088176727295,1,7,6,4,6,8,1,1,1,1,4,9,1,1,5,1,1,1,7,8,5,3,3,6,3,1,2,3,6,4,5
1023,1,4.420321464538574,0.1147810965776443,1.727950983351282,35.57916259765625,1.135204195976257,2,5,1,3,1,8,1,4,1,2,2,3,5,1,1,4,1,6,1,5,5,1,7,3,4,8,1,5,1,3,1
1023,1,4.093888759613037,0.128726527094841,1.727950983351282,33.56052017211914,1.1327911615371704,6,5,5,4,8,3,1,1,4,1,6,9,4,1,4,5,1,1,3,4,5,1,1,2,5,1,1,2,1,3,4
1618,2,3.207160234451294,0.1009959727525711,1.7264585244319757,33.86383056640625,1.1247897148132324,8,5,4,1,1,1,5,2,4,5,1,4,8,5,1,9,3,4,1,1,4,1,1,1,8,5,1,5,5,1,6
1618,2,2.2216484546661377,0.1093350946903228,1.7264585244319757,31.47689247131348,1.1164108514785769,1,1,1,1,4,7,2,1,4,3,2,4,4,1,1,5,4,4,4,1,2,1,4,1,6,3,1,4,5,5,1
2718,1,3.879647254943848,0.1250053197145462,1.729824327874098,32.99531555175781,1.1123228073120115,1,1,1,5,6,7,1,1,5,5,5,4,1,3,4,1,1,4,6,3,8,1,6,9,5,4,5,1,4,3,4
509,3,2.3898043632507324,0.091533824801445,1.689006754425455,33.83161163330078,1.1072107553482056,1,3,1,5,4,7,5,1,2,3,4,5,4,3,1,5,4,4,4,5,3,4,6,1,1,4,8,1,1,1,1
42,2,2.083245038986206,0.0935262963175773,1.7120449019615265,32.95608139038086,1.1024131774902344,4,3,3,4,1,1,1,1,2,3,4,4,1,1,5,1,7,4,1,4,1,7,4,1,1,5,5,5,1,1,9
137,2,3.4934706687927246,0.096275545656681,1.718798034992829,35.532161712646484,1.095447301864624,1,7,5,6,1,3,1,5,1,5,9,4,6,9,3,1,1,1,2,1,7,5,1,2,1,1,5,3,1,1,4
137,2,2.956505537033081,0.0747875571250915,1.718798034992829,39.77690124511719,1.094132900238037,3,5,3,4,4,7,4,3,1,6,6,5,6,6,2,1,6,1,1,3,3,4,7,5,1,3,8,5,9,3,1
42,1,2.474491596221924,0.096926562488079,1.7290576565932338,33.77640914916992,1.0923254489898682,4,9,5,4,8,1,5,2,1,4,3,1,1,1,3,3,1,1,1,1,5,6,5,6,7,5,1,1,5,1,5
88,1,2.2979400157928467,0.0824896767735481,1.7247864634711405,38.074195861816406,1.091507911682129,4,5,6,4,6,1,1,1,8,7,1,1,2,6,6,5,9,5,5,1,1,3,3,2,1,4,1,4,4,1,4
314,1,2.784191846847534,0.1099799796938896,1.736347910378991,33.10969924926758,1.0819615125656128,5,1,1,5,2,5,3,1,1,1,6,4,1,5,3,1,4,4,5,6,2,1,4,6,5,5,9,3,5,1,1
2718,1,4.746090888977051,0.1380848139524459,1.729824327874098,31.14747428894043,1.071438908576965,1,5,1,5,1,1,4,3,7,1,4,4,9,1,5,8,1,1,3,4,1,4,1,1,5,3,3,1,1,5,4
314,2,2.2431530952453613,0.0847470387816429,1.7437080727008525,38.87743377685547,1.067989468574524,6,7,9,8,3,1,5,1,6,9,4,1,5,1,3,3,1,1,1,8,3,1,1,8,2,5,5,3,1,3,3
509,3,1.989657640457153,0.0931476205587387,1.689006754425455,33.100032806396484,1.0592690706253052,1,8,4,4,1,9,1,3,3,1,1,4,1,1,1,2,4,4,1,8,5,1,4,5,4,5,1,3,2,1,5
7,2,3.8226664066314697,0.1280557662248611,1.7187458598812662,28.13739776611328,1.0428177118301392,1,5,1,3,1,4,1,1,1,1,4,7,1,1,1,4,6,5,1,4,5,5,3,1,4,3,3,1,1,1,1
2718,2,2.2908029556274414,0.1142385676503181,1.7459416259603515,34.04393005371094,1.0425482988357544,5,3,4,6,4,1,1,3,1,4,8,1,1,1,5,6,9,3,1,3,1,1,4,7,6,5,4,4,1,5,1
42,1,2.1586122512817383,0.1035095304250717,1.7290576565932338,32.237281799316406,1.041643500328064,7,1,1,1,1,2,1,5,8,4,3,4,5,1,6,3,4,1,5,1,5,6,1,4,1,4,1,4,5,1,4
1618,2,3.2034308910369877,0.1028124541044235,1.7264585244319757,32.59885787963867,1.025135517120361,2,1,1,6,1,3,1,1,1,6,1,7,1,3,2,4,4,4,1,1,4,5,5,3,6,4,4,1,4,4,5
42,1,2.3483235836029053,0.0820619910955429,1.7290576565932338,36.30018997192383,1.022616624832153,3,2,1,1,3,1,4,1,5,3,4,5,5,1,7,3,7,1,5,1,1,1,6,6,3,7,1,6,9,1,3
271,3,3.989337205886841,0.1036366745829582,1.714904612983485,34.44736862182617,1.0181840658187866,2,1,5,3,1,3,5,7,1,1,6,1,4,9,6,1,1,4,1,3,5,1,4,2,1,2,1,3,9,3,6
2718,2,2.430145025253296,0.0989557281136512,1.7459416259603515,36.28373718261719,0.989630937576294,5,1,4,8,9,1,1,2,1,3,3,1,4,8,4,4,4,4,1,9,4,5,7,4,1,5,1,5,3,9,1
271,1,3.895650863647461,0.1015624552965164,1.7344811528682678,34.96474075317383,0.9796028137207032,3,6,6,3,1,1,1,1,5,4,1,1,3,1,4,3,1,4,9,5,6,4,7,5,5,1,1,8,1,4,6
1618,2,4.113140106201172,0.0959978401660919,1.7264585244319757,34.115211486816406,0.9749661087989808,3,2,5,1,1,6,3,2,1,1,3,1,1,6,4,5,4,5,4,1,5,3,4,1,6,1,1,4,8,6,5
1023,2,3.1203110218048096,0.1285395324230194,1.733478032423755,34.24342727661133,0.9703397750854492,5,6,3,3,1,7,2,1,1,1,3,1,5,5,5,6,1,6,4,1,1,3,4,3,5,4,3,3,4,5,4
42,1,2.0631043910980225,0.082574263215065,1.7290576565932338,35.92705154418945,0.969643235206604,8,8,1,1,4,5,4,5,9,3,1,4,2,3,4,1,7,1,5,3,3,1,1,5,1,3,5,1,4,6,1
271,1,4.156313419342041,0.1166934743523597,1.7344811528682678,32.90535354614258,0.9652926921844482,1,5,4,1,7,9,4,6,1,1,5,4,3,1,1,7,1,1,1,3,1,5,1,4,4,9,1,9,5,5,5
42,1,3.216282844543457,0.0809587016701698,1.7290576565932338,36.21429443359375,0.9645718336105348,3,1,5,5,5,5,3,7,1,2,1,5,1,1,3,1,4,5,2,4,5,1,3,9,1,5,8,6,5,6,1
314,1,3.78256106376648,0.1111454740166664,1.736347910378991,32.36170196533203,0.9642529487609864,4,5,8,1,3,1,3,1,1,1,9,3,4,4,1,4,4,1,7,3,1,1,7,1,1,1,1,4,1,2,4
42,2,2.413391351699829,0.0962261706590652,1.7120449019615265,31.42512321472168,0.9631937146186828,1,1,1,1,7,5,9,1,5,4,3,1,1,3,3,3,3,1,3,5,4,1,1,6,5,5,1,5,9,4,1
509,1,4.385678768157959,0.1033872291445732,1.7331331101210403,34.267086029052734,0.961234211921692,5,5,6,4,3,3,1,3,3,1,1,1,4,4,1,1,6,2,1,8,7,6,1,1,6,4,1,1,6,4,8
42,1,2.371431589126587,0.0834596082568168,1.7290576565932338,35.70294570922852,0.9595163464546204,4,6,1,5,4,6,5,4,3,3,1,4,4,1,1,1,4,1,6,6,1,2,1,9,6,5,7,4,8,4,1
1023,1,4.150968551635742,0.1381130218505859,1.727950983351282,31.05089569091797,0.9557818174362184,1,5,5,3,1,8,4,5,1,3,1,1,1,1,3,4,6,3,1,5,4,1,1,2,7,3,5,1,1,3,1
42,1,2.664351224899292,0.081774316728115,1.7290576565932338,35.97660827636719,0.9491989612579346,4,9,1,1,4,1,1,8,4,1,1,4,1,1,3,5,2,9,1,3,2,6,3,1,3,5,3,3,6,4,7
42,1,2.910278558731079,0.1086232140660286,1.7290576565932338,30.76449012756348,0.948634147644043,1,1,1,1,7,5,9,3,5,4,6,1,4,3,1,3,3,1,3,5,1,1,1,6,3,5,1,5,1,4,1
42,2,1.9596813917160036,0.085880771279335,1.7120449019615265,33.98725509643555,0.940488338470459,1,3,1,3,1,4,1,7,4,1,7,9,4,6,6,1,8,4,1,1,1,3,1,1,2,5,8,1,4,5,1
137,1,3.933910608291626,0.117042601108551,1.7403988783445918,31.29108619689941,0.9336472749710084,1,6,1,4,1,1,1,9,1,5,1,8,2,1,5,6,4,5,3,5,3,1,4,1,1,5,1,1,1,3,1
88,1,4.3063130378723145,0.1289342939853668,1.7247864634711405,29.525693893432617,0.931547462940216,5,6,8,2,3,4,1,5,1,1,5,1,1,6,1,5,3,1,1,1,1,4,1,1,3,1,1,1,1,1,5
137,2,2.796840190887451,0.081023208796978,1.718798034992829,37.489234924316406,0.9308485984802246,3,5,6,6,8,1,5,1,3,3,7,5,3,5,1,1,8,5,3,4,3,1,1,1,4,6,4,1,8,6,8
2718,2,3.1649532318115234,0.1042622104287147,1.7459416259603515,34.9881477355957,0.9277572631835938,5,3,1,6,3,1,4,4,5,3,1,1,1,9,1,6,1,3,1,5,7,6,1,3,9,3,1,5,2,1,8
137,1,2.774643898010254,0.0836876854300499,1.7403988783445918,37.078067779541016,0.9226233959197998,1,4,5,3,1,8,1,3,5,3,7,3,7,7,4,6,3,4,4,2,1,1,6,1,1,3,1,4,1,4,9
271,2,3.1729114055633545,0.1234653070569038,1.7224204213974024,31.70217704772949,0.9203275442123412,1,5,1,9,3,7,6,6,3,1,1,3,5,4,9,1,1,1,1,5,5,4,1,5,1,1,1,1,5,3,7
42,2,2.3374669551849365,0.089941382408142,1.7120449019615265,32.805999755859375,0.9198417067527772,1,1,4,1,1,3,1,5,8,1,4,3,1,3,5,5,1,5,3,6,6,1,1,4,3,8,3,7,1,1,9
271,1,2.60070276260376,0.0849505066871643,1.7344811528682678,36.79460525512695,0.9130482077598572,7,3,4,3,5,5,5,5,6,4,4,7,3,7,4,1,5,3,2,1,1,5,5,4,4,1,1,4,1,1,8
271,3,2.139861822128296,0.0842977315187454,1.714904612983485,37.09257125854492,0.9119439721107484,3,9,4,4,3,3,3,9,1,4,1,1,4,4,5,5,3,8,1,4,5,4,8,3,4,5,6,4,4,1,3
2718,2,3.907076835632324,0.1129707843065261,1.7459416259603515,33.32835006713867,0.8984878063201904,1,5,1,5,7,5,4,1,7,1,8,4,1,1,4,8,1,5,1,6,9,4,1,1,5,1,3,1,1,5,4
509,1,2.249466180801392,0.0864761769771575,1.7331331101210403,36.31329727172852,0.8954710960388184,1,7,6,4,1,4,1,1,6,3,4,1,1,4,8,9,4,5,3,5,1,5,1,1,3,5,4,6,1,2,4
1023,1,3.243077039718628,0.118201270699501,1.727950983351282,33.49604797363281,0.892612636089325,5,6,3,1,1,1,2,1,1,1,3,1,5,5,5,6,4,1,4,1,1,3,4,3,3,4,3,6,9,5,4
1023,3,2.5651626586914062,0.0912039279937744,1.7068526471749117,36.799072265625,0.8904879689216614,8,1,1,4,4,6,4,4,5,3,5,2,1,1,1,7,4,3,3,4,9,8,5,1,3,6,4,5,3,5,1
7,1,3.633512496948242,0.0950419902801513,1.7442575164428895,34.95283508300781,0.8894716501235962,6,5,1,2,5,1,1,5,9,1,1,3,8,7,4,4,1,7,5,4,3,4,1,1,5,1,3,1,4,1,7
42,2,2.9026150703430176,0.0704380944371223,1.7120449019615265,37.7098388671875,0.8894379138946533,1,2,7,4,8,1,1,1,1,9,5,1,7,1,5,5,1,6,6,5,2,1,5,1,3,6,4,3,3,4,5
7,1,2.564604997634888,0.0731141269207,1.7442575164428895,38.29022979736328,0.8885012269020081,1,4,5,5,5,1,4,9,7,4,1,1,3,8,1,6,3,1,8,5,9,4,2,1,6,2,1,4,3,5,1
137,1,2.158021211624145,0.0837589800357818,1.7403988783445918,36.85689926147461,0.8866189122200012,1,4,1,3,1,1,1,4,5,7,9,1,1,1,6,5,4,1,5,6,9,1,8,3,6,1,5,9,6,3,3
1618,1,3.88657283782959,0.106868490576744,1.755330173318954,32.75764083862305,0.8854259252548218,1,1,3,6,9,4,1,4,5,1,4,4,6,9,1,6,1,1,2,4,5,1,3,3,1,1,4,3,5,1,1
42,2,2.311589479446411,0.0747717544436454,1.7120449019615265,36.48577499389648,0.8735673427581787,4,1,3,8,5,9,1,3,1,3,3,8,4,3,4,5,1,9,3,5,4,6,5,1,6,4,4,5,1,4,2
1023,2,3.541518211364746,0.1174713373184204,1.733478032423755,34.80564880371094,0.8678287863731384,6,5,5,4,8,3,1,1,4,4,5,9,1,1,4,5,1,3,1,4,8,1,1,2,5,1,1,2,5,3,4
2718,1,2.688839197158813,0.0893637835979461,1.729824327874098,36.19411849975586,0.8592037558555603,2,1,3,3,5,5,1,2,7,4,2,5,1,1,1,4,1,4,1,1,1,8,4,9,4,1,5,6,3,1,2
271,1,4.0462846755981445,0.1149645149707794,1.7344811528682678,32.51874923706055,0.8482438325881958,4,5,5,4,4,1,4,1,1,6,1,3,5,7,1,3,1,1,1,6,6,4,1,5,4,4,3,1,7,4,1
88,1,3.5092639923095703,0.0986508503556251,1.7247864634711405,34.09454345703125,0.8447312712669373,1,1,2,5,9,3,1,1,3,5,1,1,2,4,1,1,4,4,1,4,6,1,4,5,1,6,1,8,5,7,6
271,1,2.815335988998413,0.0906925871968269,1.7344811528682678,35.676353454589844,0.8433573246002197,9,1,4,1,4,3,1,4,5,6,6,6,2,1,9,3,5,1,4,1,1,4,1,7,5,9,1,4,3,1,3
271,1,2.8347625732421875,0.0832624956965446,1.7344811528682678,36.64636993408203,0.8425132036209106,6,5,7,4,6,4,1,2,4,3,8,1,5,3,6,1,1,1,1,1,1,9,7,4,1,8,4,1,4,4,1
1618,2,2.416399478912353,0.0845161378383636,1.7264585244319757,36.30369567871094,0.8423305749893188,3,1,3,5,9,1,5,1,4,4,4,1,5,5,3,7,1,9,1,5,3,8,4,4,1,2,5,2,1,5,1
314,2,3.604233741760254,0.1200487315654754,1.7437080727008525,31.591920852661133,0.8396199941635132,6,1,6,6,8,2,3,1,1,1,3,4,3,1,9,1,3,4,1,1,5,4,1,1,1,3,1,1,7,4,5
1618,1,3.3191285133361816,0.0942984819412231,1.755330173318954,34.70854949951172,0.8376350998878479,1,6,8,1,1,5,3,1,5,4,3,1,5,4,7,1,1,5,4,1,5,6,1,1,1,9,1,7,2,4,3
88,1,2.9914870262146,0.1016833037137985,1.7247864634711405,33.5396728515625,0.8349101543426514,1,1,6,4,6,5,1,1,2,4,8,1,1,1,5,5,1,1,1,8,3,4,1,1,1,2,7,4,4,5,5
88,2,3.1730380058288574,0.07968670129776,1.7248557305898056,37.97875595092773,0.8302990794181824,7,1,6,1,2,1,1,6,3,2,5,6,4,5,4,5,4,1,5,4,1,3,4,1,6,8,5,3,5,9,1
7,3,3.318681001663208,0.0969646871089935,1.744870728687029,35.28170394897461,0.8242294788360596,3,3,4,1,1,4,2,5,5,5,5,6,5,1,9,5,1,3,4,3,7,1,1,1,1,8,5,4,8,1,4
88,2,2.3182191848754883,0.0972182154655456,1.7248557305898056,34.85846328735352,0.8235164880752563,4,1,7,5,4,4,5,5,1,3,1,6,4,3,2,1,1,1,3,5,5,6,3,3,1,1,8,7,4,1,1
137,1,2.625551462173462,0.0798003301024437,1.7403988783445918,37.14915084838867,0.817229151725769,3,6,4,6,4,4,5,1,3,5,1,2,5,1,5,4,9,3,3,6,6,5,8,1,1,1,1,3,8,1,1
7,1,2.202258348464966,0.0885190144181251,1.7442575164428895,35.575965881347656,0.8166049122810364,1,9,1,4,2,4,1,5,6,1,4,4,4,3,2,8,4,1,1,3,6,3,6,1,1,1,4,3,1,4,3
1023,1,2.2340683937072754,0.0945788323879242,1.727950983351282,36.381717681884766,0.8153625130653381,4,8,3,1,1,1,4,2,5,9,4,3,3,4,4,5,4,5,5,4,1,1,3,3,1,5,1,6,9,1,1
88,3,3.2859678268432617,0.1034935712814331,1.698766893997639,33.303951263427734,0.81031733751297,4,2,3,8,2,5,3,3,1,5,4,1,1,1,6,4,1,5,3,1,4,1,3,4,1,5,1,1,1,5,6
7,2,3.910703659057617,0.0999549254775047,1.7187458598812662,32.64534378051758,0.809386134147644,4,1,5,4,3,3,4,1,5,1,5,4,4,5,1,8,1,6,5,1,5,7,4,1,3,5,1,1,7,3,1
88,2,3.37640380859375,0.1095643267035484,1.7248557305898056,32.54839324951172,0.7999438047409058,1,1,6,6,6,6,1,1,2,4,8,1,1,5,5,5,1,1,1,4,1,4,1,1,1,5,7,4,1,5,5
1023,1,3.3268768787384038,0.0889892280101776,1.727950983351282,37.02893829345703,0.7916591763496399,4,5,6,8,9,1,1,7,1,1,6,1,1,5,5,3,1,9,5,3,4,2,3,3,4,4,1,2,4,5,1
314,2,3.1064703464508057,0.0957448035478591,1.7437080727008525,35.2596549987793,0.7906333208084106,1,3,1,1,6,4,6,3,5,6,1,5,1,6,4,3,9,4,1,1,1,4,4,7,2,5,5,5,4,4,1
42,2,2.1923587322235107,0.091233879327774,1.7120449019615265,31.68696594238281,0.7882007360458374,8,1,4,1,4,1,6,3,1,1,4,3,1,1,3,1,4,2,4,4,1,1,7,9,4,8,5,1,1,1,5
1023,1,2.2985103130340576,0.1071002855896949,1.727950983351282,34.394508361816406,0.78657466173172,3,1,4,3,4,1,4,5,2,9,1,4,1,5,3,1,1,4,9,1,3,5,3,1,4,7,1,4,5,6,1
88,2,2.162851572036743,0.0681918188929557,1.7248557305898056,39.73245620727539,0.7860095500946045,1,4,9,9,4,1,1,5,5,9,7,2,5,5,4,6,1,7,1,1,1,3,4,3,5,4,7,4,3,1,8
1023,1,3.8520357608795166,0.1211961209774017,1.727950983351282,32.33778381347656,0.7816501259803772,5,1,6,8,1,7,4,3,5,1,4,5,1,1,6,4,1,1,5,1,3,1,3,2,1,9,1,5,4,1,1
1023,2,3.5439841747283936,0.1004424467682838,1.733478032423755,36.08061981201172,0.7804778218269348,9,5,1,1,8,1,4,3,2,9,1,5,9,6,4,4,7,3,3,1,1,1,4,1,4,1,1,5,3,1,1
509,2,4.55854606628418,0.1007973998785018,1.7180390384032482,32.00745391845703,0.7799619436264038,4,5,1,1,4,5,4,1,5,1,4,3,7,5,1,3,1,8,4,5,5,1,6,1,3,4,1,4,6,1,1
314,3,3.6021158695220947,0.0949826687574386,1.7301316381340597,33.7368049621582,0.7763009071350098,1,1,9,1,1,3,8,9,5,1,1,3,3,5,9,7,3,4,5,1,5,4,1,4,3,5,1,1,5,1,6
1023,2,4.265738010406494,0.1521838903427124,1.733478032423755,30.61593246459961,0.7728549838066101,1,5,5,3,6,9,4,5,1,3,1,1,1,1,1,4,2,1,1,4,1,1,1,2,7,4,5,1,1,3,1
2718,3,2.4062817096710205,0.1011098697781562,1.7217620706494792,34.93555450439453,0.7711959481239319,5,3,9,6,4,3,1,1,1,3,1,1,1,1,1,6,9,4,1,3,6,1,4,7,6,5,4,2,1,5,1
137,2,3.86105227470398,0.1051634922623634,1.718798034992829,31.656707763671875,0.7674228549003601,1,5,3,4,1,5,1,3,1,1,1,1,6,8,2,6,4,1,4,5,1,1,1,6,4,5,1,7,1,3,1
509,1,3.893005609512329,0.1020933836698532,1.7331331101210403,33.39175796508789,0.7607387900352478,1,5,5,8,1,5,1,6,3,1,5,1,6,1,1,6,3,4,7,4,1,3,5,5,6,4,4,1,1,1,3
7,2,2.2188820838928223,0.0785023272037506,1.7187458598812662,36.890411376953125,0.7595514059066772,3,1,1,7,1,3,4,1,1,9,6,4,1,3,8,4,1,4,4,4,2,2,1,4,5,8,3,6,8,1,3
1618,1,3.192842721939087,0.0901259332895279,1.755330173318954,34.98310089111328,0.7554370164871216,8,6,1,6,7,4,1,5,9,1,3,1,3,4,4,6,3,1,4,4,2,1,1,4,1,4,3,3,1,1,1
1618,3,3.048237562179565,0.0949150323867797,1.7264439011911636,32.95073699951172,0.7491850852966309,5,8,1,1,1,5,6,1,5,1,4,1,1,5,1,3,1,3,1,4,9,7,5,2,4,1,1,4,3,1,4
42,2,2.5591418743133545,0.0925164446234703,1.7120449019615265,31.10126495361328,0.7458951473236084,1,1,4,1,3,1,1,3,6,1,1,6,4,3,5,1,1,2,2,4,5,1,4,5,1,1,5,7,4,1,1
137,3,2.3971643447875977,0.0737000480294227,1.7109951410614923,38.32945251464844,0.7419331669807434,3,6,4,3,4,9,1,5,1,5,1,1,1,7,1,4,9,5,5,6,4,2,3,5,1,4,4,8,8,4,3
509,1,3.313746452331543,0.0807714611291885,1.7331331101210403,36.26786804199219,0.7339285612106323,5,9,3,4,6,4,4,1,2,6,9,1,3,1,1,5,5,9,1,3,1,3,3,1,4,4,1,4,1,1,1
42,1,2.06645941734314,0.0661677196621894,1.7290576565932338,37.88614273071289,0.7327669262886047,5,4,1,1,4,5,3,5,9,1,1,5,4,1,3,4,2,7,9,1,4,4,4,5,5,7,3,8,6,6,3
271,3,2.837027311325073,0.0825909599661827,1.714904612983485,36.37614822387695,0.7289226055145264,6,3,5,9,4,3,6,9,6,4,1,4,5,3,5,1,4,1,4,6,7,1,4,1,4,4,1,1,1,8,2
2718,1,2.3028135299682617,0.0979715809226036,1.729824327874098,34.40127182006836,0.7178202867507935,1,6,1,4,1,1,1,4,9,3,1,1,4,6,5,3,1,9,4,8,6,5,4,1,6,5,4,1,1,1,8
1023,1,2.2927377223968506,0.0743845179677009,1.727950983351282,38.64052581787109,0.7176124453544617,1,5,2,5,1,2,1,3,3,9,9,1,2,3,7,4,1,5,5,5,5,4,5,6,1,3,1,4,1,6,1
2718,3,3.38873291015625,0.1185795217752456,1.7217620706494792,31.61355209350586,0.7171698808670044,1,5,1,4,1,1,4,1,7,1,8,4,1,1,4,8,1,5,1,5,1,4,1,1,5,7,3,1,6,5,4
1023,1,2.2136452198028564,0.082837201654911,1.727950983351282,37.33959579467773,0.7043581008911133,4,8,8,7,1,5,9,1,4,3,3,1,6,4,5,6,9,5,5,4,4,1,1,1,1,1,4,1,3,2,1
7,1,2.380385160446167,0.1015210598707199,1.7442575164428895,33.01008987426758,0.701933741569519,1,1,5,3,1,5,7,6,3,1,3,1,1,1,1,1,1,4,6,1,5,8,5,4,1,3,9,7,5,3,4
137,2,3.817482948303223,0.099037304520607,1.718798034992829,32.42805862426758,0.6990293860435486,1,1,1,5,4,1,1,3,5,5,8,1,7,1,1,1,5,5,1,3,3,4,3,1,8,1,5,5,4,2,4
1618,1,4.154143810272217,0.0947979539632797,1.755330173318954,33.808921813964844,0.6933473944664001,5,5,4,1,5,1,4,3,1,4,6,1,6,4,1,6,1,4,1,5,3,9,3,6,1,1,7,1,5,1,4
1618,1,2.441861629486084,0.0891498252749443,1.755330173318954,34.76576232910156,0.6861400604248047,1,4,1,9,3,5,1,3,2,1,4,1,5,4,3,5,7,4,4,4,5,1,3,1,8,4,6,1,3,6,1
88,2,2.3665266036987305,0.0939662531018257,1.7248557305898056,34.5709342956543,0.6802698373794556,1,4,6,3,1,6,2,1,1,5,7,3,1,7,1,1,1,5,6,5,4,5,4,5,6,9,4,1,3,1,1
137,1,3.2110490798950195,0.0891175866127014,1.7403988783445918,34.713706970214844,0.6790034770965576,4,5,1,1,1,1,3,1,3,3,6,3,4,7,5,5,8,4,4,4,4,5,3,1,4,4,6,1,1,9,1
314,2,2.0794639587402344,0.0862977802753448,1.7437080727008525,36.07928466796875,0.6788894534111023,3,3,1,4,3,6,5,1,1,9,1,3,4,1,2,5,8,6,1,1,7,7,4,5,4,5,4,1,1,1,9
2718,2,4.11266040802002,0.1113407239317894,1.7459416259603515,32.1822509765625,0.6782363057136536,5,1,5,8,1,1,5,1,1,5,5,4,1,4,1,4,1,1,6,1,4,1,7,6,1,1,2,5,9,4,1
42,1,2.965794324874878,0.072299376130104,1.7290576565932338,36.34131240844727,0.6640369296073914,1,4,2,1,1,3,1,4,1,1,4,1,1,9,5,2,5,4,9,4,2,3,1,7,3,5,1,9,8,1,9
271,2,2.85367488861084,0.0997853577136993,1.7224204213974024,33.72159576416016,0.6576363444328308,4,6,4,1,5,1,1,1,5,4,1,1,9,1,4,3,1,1,9,1,6,4,7,5,5,1,1,8,1,4,6
88,3,3.310295820236206,0.1049805730581283,1.698766893997639,32.159324645996094,0.656936764717102,4,1,1,3,1,5,6,4,5,3,4,4,5,4,1,5,3,3,3,1,1,5,9,1,1,5,3,1,6,1,6
7,1,2.8708808422088623,0.0915947929024696,1.7442575164428895,34.28687286376953,0.6555546522140503,4,1,1,2,3,4,4,3,6,1,9,1,4,1,1,8,6,8,9,5,1,1,1,1,9,1,1,4,7,1,5
271,2,3.493994951248169,0.0994532331824302,1.7224204213974024,33.7376823425293,0.6520239114761353,1,5,1,1,2,4,4,6,1,7,1,1,6,1,1,4,6,4,6,1,4,9,5,1,8,3,1,1,1,3,6
509,3,2.240724802017212,0.10106211155653,1.689006754425455,28.444669723510746,0.6510561108589172,1,1,4,1,1,3,1,4,1,1,3,3,1,3,5,8,1,8,1,4,1,4,4,4,4,1,5,1,1,1,6
271,2,3.1604197025299072,0.0981994047760963,1.7224204213974024,33.91271209716797,0.6488451361656189,5,1,1,1,4,4,8,5,1,1,2,3,3,4,1,3,4,6,6,4,5,1,4,2,3,1,1,2,6,4,4
314,2,3.189554214477539,0.0909086242318153,1.7437080727008525,35.091880798339844,0.6435815691947937,4,5,5,1,6,1,5,4,2,4,4,5,6,3,1,5,5,2,6,3,1,1,1,6,1,1,9,1,1,4,3
314,2,3.948646306991577,0.0937359631061554,1.7437080727008525,34.60929870605469,0.6407287120819092,1,6,1,4,1,1,3,1,5,1,4,5,4,5,4,6,4,5,1,6,7,1,2,9,1,5,4,1,9,1,5
314,2,3.673437595367432,0.0876160711050033,1.7437080727008525,35.59523010253906,0.6379342675209045,4,5,4,5,2,1,3,4,6,1,1,4,5,1,4,6,3,1,9,1,4,8,1,1,2,1,1,9,6,7,1
314,2,2.2145836353302,0.0726954713463783,1.7437080727008525,38.02552795410156,0.6351823210716248,1,4,4,6,9,3,6,9,4,1,3,9,7,5,1,7,8,4,1,4,5,1,8,3,4,1,1,1,1,2,3
137,2,3.444282293319702,0.0899069681763649,1.718798034992829,33.78277969360352,0.6288912892341614,6,4,1,1,4,1,5,3,6,5,3,4,3,4,5,1,3,5,6,4,1,1,3,9,6,1,3,1,2,1,1
42,2,2.5725760459899902,0.0733563378453254,1.7120449019615265,35.380496978759766,0.6254158616065979,1,9,7,1,5,1,1,8,4,1,6,4,1,1,1,5,7,1,1,3,1,6,3,1,5,5,3,5,6,4,7
137,1,2.4287269115448,0.0822487324476242,1.7403988783445918,35.53425598144531,0.6126869916915894,8,1,1,5,1,1,4,5,6,9,1,1,7,3,1,3,9,6,1,1,4,5,3,4,1,7,3,4,1,4,4
2718,1,2.8854761123657227,0.0817989930510521,1.729824327874098,35.89845657348633,0.6120378375053406,4,2,4,4,1,1,1,4,5,3,3,7,3,4,3,9,1,1,1,3,4,1,1,5,8,1,4,9,1,6,5
2718,2,1.9629493951797483,0.0758757069706916,1.7459416259603515,37.69306182861328,0.603962779045105,2,7,1,6,3,4,1,3,4,3,2,1,1,9,1,3,3,3,5,5,1,8,4,1,6,1,1,2,1,3,4
271,3,3.414109468460083,0.0919553637504577,1.714904612983485,34.12579345703125,0.6031379103660583,6,1,1,5,6,3,4,2,1,1,6,1,4,4,1,5,7,5,4,4,1,9,4,3,1,1,4,5,4,5,2
137,2,2.697774887084961,0.0967377051711082,1.718798034992829,32.26368713378906,0.602997362613678,1,1,3,4,4,5,3,4,5,1,4,9,3,4,1,4,1,1,5,1,8,4,8,1,1,5,1,7,1,3,1
88,1,2.097940444946289,0.0665660575032234,1.7247864634711405,38.14299774169922,0.6021180748939514,1,2,3,1,7,5,1,1,3,7,8,1,4,3,9,6,1,1,5,9,7,1,1,8,1,1,1,5,3,6,4
1618,2,2.8405656814575195,0.0859239548444747,1.7264585244319757,34.0693473815918,0.6004404425621033,7,3,1,1,1,4,4,4,5,4,5,4,9,7,1,2,4,1,6,5,1,5,4,4,1,2,1,1,1,4,1
509,1,2.075044631958008,0.102556861937046,1.7331331101210403,32.47027587890625,0.5986124873161316,1,8,4,4,1,1,1,6,3,1,3,4,3,1,4,2,4,4,1,1,1,1,4,5,3,5,1,4,2,1,5
271,2,2.141681909561157,0.0977373421192169,1.7224204213974024,33.66271209716797,0.5981204509735107,4,5,7,3,4,3,4,1,1,3,4,3,1,5,5,3,1,1,1,6,6,4,1,5,5,6,3,1,2,4,1
7,2,3.1021358966827397,0.080203115940094,1.7187458598812662,35.50083541870117,0.595295786857605,1,1,5,9,5,3,7,5,1,1,5,9,2,5,5,1,3,6,1,8,8,1,3,4,1,1,5,3,3,4,5
88,2,3.8217849731445312,0.101119764149189,1.7248557305898056,32.79193115234375,0.593131959438324,8,1,2,1,1,4,6,9,5,1,1,1,6,1,9,1,3,4,7,1,1,4,1,3,4,5,1,1,6,3,4
1618,2,2.330763816833496,0.0772019475698471,1.7264585244319757,36.42402267456055,0.5905770063400269,7,9,1,1,6,7,1,9,1,1,3,4,1,1,1,5,6,4,5,2,5,4,8,4,6,5,3,1,5,3,1
137,2,2.0587151050567627,0.0728164389729499,1.718798034992829,36.852298736572266,0.5803297162055969,9,7,6,9,1,3,1,8,1,8,4,1,3,1,1,3,1,1,1,1,7,1,4,3,5,1,5,6,1,8,4
2718,2,4.677121162414551,0.1347370892763137,1.7459416259603515,27.598264694213867,0.580264687538147,6,5,1,6,4,1,1,1,1,1,1,1,6,5,1,5,1,4,1,1,4,3,4,3,1,1,1,3,1,3,1
2718,1,2.9010937213897705,0.1013465598225593,1.729824327874098,33.28445053100586,0.5802383422851562,6,1,3,1,1,5,1,3,5,3,4,6,1,1,7,1,3,3,1,2,6,1,1,3,5,4,1,6,3,4,9
1618,1,2.3126041889190674,0.0761912837624549,1.755330173318954,36.4431037902832,0.5775037407875061,1,4,5,1,6,1,3,1,4,6,1,9,6,5,1,4,1,4,4,1,7,4,2,6,7,9,5,1,1,3,8
7,2,3.5776615142822266,0.1099851727485656,1.7187458598812662,29.051082611083984,0.5755956768989563,1,5,3,1,3,4,3,1,1,1,1,4,1,1,1,1,4,1,5,3,1,1,4,5,5,4,1,8,8,9,1
42,1,2.3178870677948,0.0756690427660942,1.7290576565932338,35.22806930541992,0.5751252770423889,4,3,5,4,1,1,1,3,2,3,4,4,5,1,5,1,7,4,3,1,1,7,4,1,3,2,5,5,1,1,9
2718,1,2.785717487335205,0.1010525748133659,1.729824327874098,33.293426513671875,0.5746951103210449,1,1,5,1,3,1,1,1,7,5,3,4,5,1,7,3,4,2,5,1,2,1,6,1,5,3,1,4,4,4,1
509,2,1.9564692974090576,0.0774029418826103,1.7180390384032482,35.770469665527344,0.566116213798523,6,3,4,4,1,3,7,8,4,8,1,1,6,4,7,1,4,1,5,5,4,5,1,3,1,6,4,1,1,2,1
42,1,2.065072536468506,0.0819600895047187,1.7290576565932338,33.95833969116211,0.5656148195266724,3,1,3,5,4,1,6,3,1,4,4,3,1,1,5,1,1,8,4,8,4,1,7,9,4,1,5,4,7,1,5
1618,2,2.9877068996429443,0.0811939388513565,1.7264585244319757,35.103614807128906,0.5632238984107971,3,1,1,1,1,3,5,3,1,6,7,1,8,4,1,3,1,4,9,7,2,1,1,4,6,4,6,4,9,5,1
88,3,2.8737223148345947,0.0986924096941948,1.698766893997639,32.59183883666992,0.5477956533432007,4,5,3,4,6,1,4,1,1,4,1,1,4,9,6,4,1,3,1,4,5,3,4,2,1,1,1,1,5,9,3
137,1,2.5423624515533447,0.0754491761326789,1.7403988783445918,36.34687042236328,0.5470988750457764,4,5,7,7,1,1,6,1,9,7,1,3,4,1,1,1,4,2,4,5,1,6,1,8,1,3,3,1,1,4,3
7,2,2.526500701904297,0.0818485096096992,1.7187458598812662,34.79832458496094,0.5389102101325989,7,5,5,9,1,1,5,4,3,4,8,1,1,5,1,1,1,5,5,4,2,4,1,2,1,4,4,3,6,1,1
42,1,2.150294303894043,0.0814681723713874,1.7290576565932338,33.90013122558594,0.535881757736206,8,1,3,1,9,1,5,5,4,1,3,6,2,4,4,1,7,3,3,3,5,1,3,1,5,4,1,4,5,1,1
314,2,2.605841875076294,0.0757137537002563,1.7437080727008525,36.84661102294922,0.5306060910224915,7,5,8,1,6,5,5,6,3,9,1,4,5,4,4,4,1,1,1,7,4,5,3,3,6,1,1,1,1,4,2
7,2,3.0469167232513428,0.0797420516610145,1.7187458598812662,35.18177032470703,0.5286844372749329,3,1,3,1,4,6,5,4,2,6,5,7,1,5,1,1,6,3,3,5,1,1,4,3,4,1,3,4,7,5,1
314,2,2.0332531929016118,0.0827235057950019,1.7437080727008525,35.681732177734375,0.5283629894256592,4,4,1,4,4,4,9,4,1,4,4,3,3,3,6,4,7,4,7,4,1,1,8,2,4,1,1,3,5,5,1
1618,2,3.0946149826049805,0.084358774125576,1.7264585244319757,33.953125,0.5279250741004944,7,1,1,3,1,1,6,5,5,1,4,8,4,3,5,1,1,3,5,1,2,4,9,5,6,6,1,5,1,4,4
42,2,2.2143521308898926,0.0762128978967666,1.7120449019615265,34.052818298339844,0.5272881984710693,5,1,9,4,1,1,5,8,7,4,3,1,4,1,1,1,4,2,1,4,1,1,1,6,5,1,6,7,5,4,1
137,1,3.126389741897583,0.095582365989685,1.7403988783445918,32.68818283081055,0.5251724123954773,6,5,8,6,1,4,3,4,1,4,5,5,1,3,1,1,1,7,5,1,1,3,4,1,4,9,1,1,9,1,1
509,3,2.1789724826812744,0.0927580744028091,1.689006754425455,29.90522003173828,0.5241740942001343,1,1,2,2,3,1,3,1,1,4,1,3,1,1,6,1,4,1,5,3,1,5,1,1,3,6,4,1,1,8,4
88,1,2.991093158721924,0.0731447786092758,1.7247864634711405,36.63937377929688,0.5237912535667419,4,1,5,5,4,6,3,8,1,2,8,5,1,5,4,1,5,2,1,1,4,1,3,9,1,6,8,1,5,6,1
271,2,2.661374807357788,0.0803960934281349,1.7224204213974024,35.857120513916016,0.5184898972511292,7,3,4,1,2,5,5,3,6,4,4,7,3,5,1,1,5,3,3,1,3,5,5,4,4,1,1,4,4,1,8
314,1,2.4636330604553223,0.0906047224998474,1.736347910378991,33.26863479614258,0.5154653191566467,3,4,1,4,1,1,5,3,6,1,3,3,3,7,9,2,4,8,4,4,1,1,1,1,1,5,3,1,1,4,3
1023,2,2.2404401302337646,0.0955352336168289,1.733478032423755,35.038787841796875,0.5134257078170776,1,1,1,2,3,1,4,5,4,4,3,1,1,1,4,7,6,3,3,3,1,6,9,3,3,3,5,4,6,1,3
88,1,2.2056326866149902,0.0651206374168396,1.7247864634711405,37.91117858886719,0.5124262571334839,1,9,4,4,1,6,1,9,8,5,3,5,4,3,1,4,3,3,1,1,6,4,4,7,7,1,1,2,4,1,5
1023,2,3.646008968353272,0.0948408618569374,1.733478032423755,35.09991836547852,0.5114330649375916,1,5,1,2,9,1,1,7,1,4,3,1,5,8,5,3,1,9,1,3,4,2,3,3,4,1,1,3,4,5,1
314,1,2.5787971019744877,0.1013054624199867,1.736347910378991,31.63755226135254,0.5111093521118164,3,1,4,1,1,4,7,5,5,4,4,3,4,1,9,4,5,1,1,3,5,1,1,1,1,1,2,1,8,4,5
137,1,2.150521278381348,0.0863880589604377,1.7403988783445918,34.18234634399414,0.5047023892402649,4,1,6,4,1,4,1,6,6,4,1,1,3,1,2,6,4,3,7,5,5,3,1,4,1,5,5,5,3,1,4
137,2,3.3793859481811523,0.0743814557790756,1.718798034992829,36.03606033325195,0.5018247961997986,3,4,6,3,1,3,1,4,2,5,4,3,3,4,3,5,4,1,3,1,9,7,1,5,1,5,1,2,1,1,4
509,2,2.494374513626098,0.0993111506104469,1.7180390384032482,30.659120559692383,0.4992223381996155,1,1,1,1,1,3,1,5,1,1,3,3,4,3,5,8,5,8,1,4,1,4,4,4,4,4,5,6,1,1,6
137,1,3.383983373641968,0.0941067412495613,1.7403988783445918,32.78520202636719,0.4972499012947082,3,1,5,4,2,3,1,1,1,5,5,1,4,1,1,1,4,6,3,6,7,1,5,9,4,4,5,4,1,5,4
1618,2,4.876519203186035,0.1087412685155868,1.7264585244319757,26.90805053710937,0.4947623610496521,1,1,1,1,1,4,1,1,5,5,1,4,1,9,1,6,4,1,5,1,5,1,3,3,1,1,4,1,1,1,1
2718,1,2.89888858795166,0.0776936337351799,1.729824327874098,35.82289505004883,0.4947524070739746,6,1,1,5,1,7,4,6,1,1,1,8,2,4,3,7,1,9,1,1,1,5,3,4,4,9,1,2,5,2,3
271,1,2.193610906600952,0.0648883655667305,1.7344811528682678,37.22774124145508,0.493600457906723,5,8,9,1,5,1,3,1,3,9,6,4,7,6,1,3,6,4,1,5,3,4,4,1,1,6,1,1,1,5,1
314,2,2.313072204589844,0.0721795484423637,1.7437080727008525,37.18339157104492,0.4934138655662536,3,6,1,1,1,5,1,6,4,1,1,3,6,4,4,4,7,5,3,2,3,8,6,1,7,5,5,5,8,1,3
1618,2,2.2112250328063965,0.0727519094944,1.7264585244319757,36.917118072509766,0.4925417602062225,4,3,6,4,6,9,1,1,4,3,1,1,4,8,9,3,1,4,3,7,4,6,1,4,1,1,1,8,5,7,5
137,2,4.068442344665527,0.1091918274760246,1.718798034992829,29.03591728210449,0.4847804307937622,1,1,8,1,5,1,5,6,5,1,5,9,1,4,1,5,4,1,4,1,1,1,4,3,1,4,1,1,5,1,4
271,2,2.0840625762939453,0.0744661390781402,1.7224204213974024,36.54605102539063,0.4815757572650909,3,9,4,4,3,3,3,9,1,4,1,1,1,5,4,5,3,6,9,1,4,4,8,3,4,1,6,4,5,1,3
7,1,4.165869235992432,0.1051165536046028,1.7442575164428895,31.32427024841309,0.4785442650318146,1,5,1,6,1,1,4,1,7,1,9,5,4,1,6,3,1,1,1,1,1,4,1,3,6,5,1,5,3,1,2
137,1,3.0637824535369877,0.0785391852259635,1.7403988783445918,35.38886642456055,0.4753223657608032,6,4,1,1,4,1,5,7,6,5,3,4,3,1,5,1,3,5,2,2,5,1,3,9,6,1,3,3,1,1,1
1023,1,2.913792133331299,0.0929146707057952,1.727950983351282,34.36521911621094,0.4716477990150451,5,1,4,6,1,5,1,1,1,2,4,1,3,9,3,8,1,4,4,5,4,4,1,1,1,6,5,5,6,3,5
1618,1,2.713453769683838,0.0686057209968566,1.755330173318954,37.18581771850586,0.4713848531246185,5,6,9,1,2,1,1,1,1,1,4,5,5,3,9,4,6,1,1,3,4,1,8,3,4,7,5,8,5,4,4
509,1,2.1892032623291016,0.0915627256035804,1.7331331101210403,33.29055404663086,0.4592530429363251,5,1,3,2,3,1,1,4,9,4,1,1,3,5,5,5,3,4,8,6,3,1,1,6,1,1,1,4,1,1,6
42,2,2.080158472061157,0.0809406712651252,1.7120449019615265,32.348690032958984,0.4479068219661712,1,1,4,4,1,4,6,1,3,1,3,8,1,1,2,1,1,4,6,4,1,1,3,4,3,5,7,6,4,4,5
314,1,2.013751268386841,0.0706443041563034,1.736347910378991,35.93769454956055,0.4468284845352173,2,3,1,4,3,5,5,1,1,3,1,3,4,1,2,5,8,4,6,5,7,7,4,5,1,5,4,1,1,1,9
314,1,3.5876941680908203,0.0959482640027999,1.736347910378991,32.11570739746094,0.4437265694141388,1,1,2,4,1,4,1,1,6,4,6,3,1,1,3,5,3,1,4,1,5,1,4,1,4,5,9,5,1,3,5
88,2,3.441870927810669,0.0896740779280662,1.7248557305898056,33.88698196411133,0.4404190182685852,1,1,5,1,5,5,3,1,6,1,1,9,8,8,6,3,4,3,5,1,2,4,1,1,4,7,1,5,5,1,5
509,2,3.119101047515869,0.0858566239476203,1.7180390384032482,33.186500549316406,0.4373632967472076,5,1,3,1,3,1,6,6,3,5,2,1,7,4,5,5,1,1,5,1,9,1,5,1,1,1,6,4,1,1,3
137,2,2.6951229572296143,0.0746358036994934,1.718798034992829,35.5361328125,0.4321372509002685,8,8,6,1,1,1,1,9,5,3,1,2,3,1,5,3,1,6,1,4,1,1,3,4,5,4,5,4,5,3,4
2718,1,2.055246591567993,0.0779415294528007,1.729824327874098,35.45844268798828,0.428590714931488,6,4,9,5,4,2,1,1,4,1,3,3,1,5,1,1,4,2,4,1,1,6,7,6,1,3,8,4,1,5,1
314,2,3.378713607788086,0.0873690396547317,1.7437080727008525,34.260684967041016,0.4275928139686584,3,1,5,2,6,6,5,1,1,2,5,4,5,1,4,3,4,1,1,1,1,4,3,1,5,4,3,2,5,1,5
7,2,3.218945264816284,0.0856288373470306,1.7187458598812662,33.27231979370117,0.4234247207641601,1,3,4,1,4,4,2,4,5,5,5,6,5,1,1,5,6,3,4,5,1,1,1,1,4,3,5,3,8,1,4
2718,2,3.111262798309326,0.0762514919042587,1.7459416259603515,36.46019744873047,0.42276331782341,5,1,5,1,9,1,1,3,3,9,3,1,8,8,9,5,1,7,1,6,3,1,1,1,4,3,2,1,1,8,3
88,2,3.698728084564209,0.1097312122583389,1.7248557305898056,30.2558650970459,0.4224327802658081,6,1,3,1,1,6,1,5,5,1,4,1,8,4,1,6,1,3,1,1,4,3,1,1,5,3,1,5,1,7,3
137,2,2.6395843029022217,0.089302971959114,1.718798034992829,32.54243850708008,0.4181012511253357,4,1,6,4,1,4,1,1,6,3,1,1,1,1,1,6,4,3,7,5,1,3,1,4,3,9,5,6,3,1,4
88,2,2.9616219997406006,0.0964173078536987,1.7248557305898056,32.561214447021484,0.4168606400489807,1,9,5,8,3,3,1,5,1,1,1,1,1,4,6,2,4,1,4,5,4,3,1,1,1,1,7,4,1,3,5
7,1,3.813562631607056,0.0808660984039306,1.7442575164428895,34.70168685913086,0.4159241914749145,6,5,5,6,1,1,5,4,3,4,8,1,1,9,1,1,1,1,5,8,3,4,1,2,1,4,4,3,7,1,1
314,2,2.7398390769958496,0.0766193866729736,1.7437080727008525,35.93653869628906,0.4141266942024231,5,1,1,4,3,1,3,1,1,7,1,8,9,1,6,9,4,5,1,4,4,3,1,1,7,3,3,2,4,5,2
88,1,3.606321334838867,0.1042906194925308,1.7247864634711405,30.89390754699707,0.4140825569629669,1,1,1,1,6,1,6,5,5,3,1,4,1,6,8,5,1,1,4,1,1,5,9,1,2,4,3,1,1,1,6
509,2,2.2436914443969727,0.0719407647848129,1.7180390384032482,36.02207946777344,0.4106675386428833,4,6,4,1,3,5,7,8,4,9,4,1,1,1,1,1,3,1,8,3,1,1,9,6,1,4,4,3,4,3,3
314,2,2.2908949851989746,0.0731393247842788,1.7437080727008525,36.46949768066406,0.4083022475242615,1,6,4,1,6,9,5,5,1,1,4,2,5,1,5,1,3,6,3,8,6,3,5,3,5,5,4,1,7,5,6
509,2,2.463642835617065,0.0679073482751846,1.7180390384032482,36.87379455566406,0.4079522490501404,1,1,9,9,1,1,5,1,7,6,6,5,3,6,1,1,4,3,1,3,4,3,4,1,1,1,8,2,3,5,3
1618,2,3.4104177951812744,0.0994038507342338,1.7264585244319757,28.825910568237305,0.405029833316803,1,1,1,9,3,1,6,1,5,1,1,4,5,8,1,3,1,7,5,4,5,1,1,1,1,5,1,1,3,1,4
7,1,2.0347495079040527,0.07058846950531,1.7442575164428895,36.198272705078125,0.4021857380867004,1,1,7,1,1,1,6,3,3,4,9,4,2,4,5,4,1,2,6,1,1,4,5,3,5,5,8,1,2,3,1
42,2,2.323018789291382,0.0669197812676429,1.7120449019615265,35.68315505981445,0.3939171731472015,6,3,1,4,5,2,1,1,3,2,4,5,1,1,3,1,1,1,2,1,1,5,8,9,4,3,5,6,3,1,3
509,1,2.597253799438477,0.0753823891282081,1.7331331101210403,35.228485107421875,0.3925686180591583,1,4,5,2,3,6,1,1,5,4,1,1,5,4,4,3,3,4,1,1,6,5,3,7,5,1,1,6,2,8,4
42,2,2.3874943256378174,0.0780820026993751,1.7120449019615265,32.7611083984375,0.3918843567371368,9,3,5,3,1,7,1,8,1,1,1,1,1,1,4,1,7,5,4,1,1,4,4,5,2,1,2,1,4,6,3
7,3,3.485778570175171,0.079873502254486,1.744870728687029,35.42688751220703,0.3886225521564483,1,5,1,6,5,9,1,7,8,1,1,4,1,9,1,1,5,3,7,1,7,1,2,6,6,1,4,1,4,1,4
271,1,2.359773874282837,0.0803089886903762,1.7344811528682678,34.64005661010742,0.3857211470603943,1,1,7,4,1,1,1,7,1,3,1,1,1,5,6,5,7,4,9,1,3,4,3,4,3,2,5,4,3,2,1
509,1,3.248342275619507,0.0771620273590087,1.7331331101210403,34.938514709472656,0.3853511214256286,2,5,9,4,1,1,1,1,4,3,5,3,1,6,8,1,5,4,3,4,1,6,4,1,4,3,1,1,1,8,7
7,2,3.3090057373046875,0.0810540840029716,1.7187458598812662,33.98799514770508,0.3825141191482544,1,1,4,4,5,7,2,3,6,5,1,3,1,1,4,4,1,1,7,8,5,5,1,4,3,6,1,6,3,4,1
271,1,3.095292329788208,0.0820878148078918,1.7344811528682678,34.329803466796875,0.3710337877273559,2,1,3,4,5,5,5,1,6,1,4,7,8,1,5,2,5,3,9,1,2,4,1,1,1,1,3,1,4,1,1
314,2,2.7190933227539062,0.1108081266283989,1.7437080727008525,30.024778366088867,0.3679603934288025,1,1,1,4,4,1,4,1,6,4,1,3,8,3,4,1,1,9,6,3,6,1,1,4,1,1,3,1,6,1,1
509,1,2.283475637435913,0.0791891515254974,1.7331331101210403,34.54389572143555,0.3649454116821289,1,6,4,6,3,1,5,3,4,1,8,1,5,1,1,1,3,5,5,4,1,5,9,7,3,1,4,4,4,1,6
7,1,3.2266323566436768,0.100070059299469,1.7442575164428895,31.49838638305664,0.3617050349712372,6,5,4,4,1,4,9,1,1,4,1,1,4,1,8,1,3,1,5,5,3,3,1,7,1,5,4,1,4,1,4
271,3,2.207846641540528,0.0834266021847724,1.714904612983485,34.224205017089844,0.3610158860683441,6,4,1,1,9,1,5,8,6,1,1,4,3,1,1,1,4,5,5,4,5,1,3,9,2,4,3,2,5,1,1
509,1,2.158655405044556,0.0740988254547119,1.7331331101210403,35.2281379699707,0.3580919504165649,1,4,1,4,1,5,6,4,2,3,3,7,4,1,4,1,4,8,5,5,5,1,5,1,6,4,5,8,1,4,1
7,1,3.874202966690064,0.0888055637478828,1.7442575164428895,33.18480682373047,0.355704665184021,1,1,1,4,1,7,2,3,6,5,1,3,9,1,4,4,1,1,7,1,6,5,1,4,3,6,1,6,5,4,1
7,2,3.450709342956543,0.0721593275666236,1.7187458598812662,35.703216552734375,0.3546817600727081,7,5,1,2,5,1,1,3,9,1,8,3,8,7,4,4,1,3,4,4,3,4,1,1,1,1,3,1,4,1,7
7,1,2.1577413082122803,0.0811037644743919,1.7442575164428895,34.31813049316406,0.3477300107479095,1,1,7,3,3,1,7,5,1,1,4,9,2,2,1,1,1,4,1,6,8,1,3,4,5,1,5,3,3,4,5
7,2,2.028918743133545,0.0664054453372955,1.7187458598812662,36.88043594360352,0.3474866151809692,1,9,1,4,1,3,1,5,6,1,4,4,4,7,2,8,4,4,1,3,1,3,6,1,5,9,4,6,1,4,3
2718,1,3.406946182250977,0.0842042192816734,1.729824327874098,34.25901794433594,0.3465624451637268,3,5,4,1,8,5,1,3,6,1,5,1,1,7,7,9,4,1,3,3,4,1,5,1,8,1,4,1,3,1,1
314,1,2.2961950302124023,0.0819791108369827,1.736347910378991,33.739620208740234,0.3455356061458587,5,4,1,1,4,4,5,9,1,3,1,2,9,4,8,5,4,4,1,4,1,1,4,4,1,3,8,6,1,1,1
7,2,3.5808749198913574,0.077962577342987,1.7187458598812662,34.40788650512695,0.3446853756904602,1,5,1,4,7,1,7,6,3,1,4,2,1,1,1,1,7,1,4,7,5,1,9,3,5,4,1,1,2,4,4
314,2,2.919834852218628,0.071883849799633,1.7437080727008525,36.25864028930664,0.3445357084274292,5,7,5,5,1,5,1,1,3,1,4,1,2,8,4,2,1,6,6,5,1,1,3,4,9,1,5,1,6,4,5
88,2,3.097701072692871,0.0755189508199691,1.7248557305898056,35.76846694946289,0.3394962847232818,3,1,6,8,4,4,3,4,6,6,1,1,8,4,4,5,5,6,5,5,1,1,1,3,1,1,3,4,5,9,3
1618,2,2.300445795059204,0.0685602948069572,1.7264585244319757,36.85528945922852,0.3310936391353607,8,2,7,1,1,1,1,5,4,4,1,3,5,5,1,4,3,3,1,1,9,1,7,6,6,5,5,4,4,3,1
2718,3,2.869837760925293,0.0692927911877632,1.7217620706494792,37.38995361328125,0.3306642472743988,6,1,5,3,4,1,4,3,1,3,4,8,2,2,1,7,5,3,9,6,1,5,3,4,3,1,1,3,1,2,3
7,1,2.849116802215576,0.1035755053162574,1.7442575164428895,30.79864501953125,0.329225480556488,1,6,5,1,9,8,3,1,1,1,1,5,6,4,7,1,1,1,6,5,1,1,1,5,3,4,6,1,1,4,4
1618,1,2.496932029724121,0.069205917418003,1.755330173318954,36.27376937866211,0.3280512690544128,3,5,4,1,7,1,5,4,4,2,1,4,8,4,1,9,1,4,6,3,4,1,1,1,8,9,1,5,5,1,6
1618,1,2.1189756393432617,0.0660809874534607,1.755330173318954,36.798583984375,0.3232502341270447,8,1,8,3,9,1,5,9,1,4,3,1,1,6,4,5,4,3,4,7,6,6,3,4,7,2,1,1,1,1,1
314,3,3.145432710647583,0.0812556371092796,1.7301316381340597,33.88334655761719,0.3211398422718048,1,1,3,4,3,8,4,3,1,5,4,1,3,1,1,1,7,4,4,7,6,6,1,5,3,1,4,3,9,1,7
1023,1,2.849273443222046,0.0668089389801025,1.727950983351282,37.10823440551758,0.3183096945285797,5,7,2,1,4,1,1,6,4,5,7,1,4,3,3,4,1,1,1,9,4,5,6,1,1,8,2,3,1,1,1
137,1,2.302562952041626,0.0693855211138725,1.7403988783445918,36.08144378662109,0.3177695870399475,3,1,4,7,3,1,2,1,5,3,8,4,4,1,1,1,1,2,4,9,8,1,5,6,3,5,9,3,1,1,1
137,2,2.423315048217773,0.0743489935994148,1.718798034992829,34.84184265136719,0.315719336271286,3,1,4,7,3,1,2,2,5,3,8,4,4,2,1,1,1,1,4,1,1,1,5,6,3,1,9,3,5,1,1
7,1,2.371971845626831,0.0731376409530639,1.7442575164428895,35.366111755371094,0.3150890469551086,2,6,3,4,9,4,1,3,1,4,1,5,8,5,3,4,8,3,3,1,4,1,1,1,3,5,1,3,5,1,7
509,1,3.204383850097656,0.0651297643780708,1.7331331101210403,36.265357971191406,0.3141166567802429,3,7,1,1,3,3,1,4,2,5,4,1,9,3,5,4,5,8,1,3,4,1,1,4,1,3,6,5,6,4,1
314,1,3.396197557449341,0.0796100497245788,1.736347910378991,33.931636810302734,0.3117430806159973,1,4,5,4,4,3,7,3,5,6,1,5,4,1,4,3,4,1,9,1,7,1,1,1,1,1,8,4,1,2,4
271,2,1.9494704008102417,0.0673357993364334,1.7224204213974024,36.56139755249024,0.3090855777263641,4,8,8,9,1,4,1,9,2,3,1,4,5,1,5,1,3,3,5,1,3,1,1,1,1,1,3,5,7,3,6
509,2,2.647987365722656,0.0690325200557708,1.7180390384032482,36.03658676147461,0.3077970743179321,5,1,3,1,5,3,1,1,1,9,5,9,1,1,4,1,6,9,5,6,6,1,8,4,3,5,3,4,6,3,4
7,1,2.1831092834472656,0.0728296190500259,1.7442575164428895,35.35968399047852,0.304608941078186,4,8,4,9,1,1,9,1,3,3,8,5,5,1,1,6,7,1,1,1,1,1,2,1,5,5,1,4,1,1,4
137,2,4.591659069061279,0.0880567580461502,1.718798034992829,32.05531692504883,0.3043601214885711,1,6,5,4,1,1,1,9,1,5,1,8,2,1,5,6,4,5,3,4,1,1,4,1,1,1,1,1,9,3,1
1023,3,2.6085643768310547,0.0755740851163864,1.7068526471749117,35.43885040283203,0.3040152192115783,1,4,3,3,4,1,1,4,2,6,3,9,5,3,3,5,1,3,8,3,1,1,4,1,3,1,3,5,3,6,1
1618,1,3.157551050186157,0.0842342227697372,1.755330173318954,33.48265075683594,0.3036273717880249,9,1,2,5,3,7,2,1,4,3,6,4,4,1,5,5,4,4,4,1,1,1,4,1,6,1,1,4,1,5,1
314,2,3.870504379272461,0.1036062985658645,1.7437080727008525,30.7724609375,0.3015653192996979,1,1,1,4,6,3,1,1,6,1,9,3,1,1,4,5,3,1,4,1,5,1,4,1,1,5,9,1,7,3,5
1618,1,3.2568719387054443,0.0877008587121963,1.755330173318954,32.83083724975586,0.2965751886367798,7,1,1,8,3,4,6,3,5,1,5,4,5,8,1,3,5,7,1,4,1,1,1,1,6,5,1,4,3,1,4
271,1,3.0376904010772705,0.1039212867617607,1.7344811528682678,31.06561851501465,0.2945525646209717,1,5,1,4,4,8,6,6,3,1,1,3,5,4,9,1,1,4,1,5,5,4,1,5,1,1,1,1,5,3,7
88,2,2.0124332904815674,0.0731564983725547,1.7248557305898056,35.902305603027344,0.2925986051559448,4,1,1,7,4,7,8,1,7,4,1,4,4,3,4,4,3,4,1,5,4,9,3,1,7,1,1,5,6,3,5
1618,1,2.249319076538086,0.0823246762156486,1.755330173318954,33.68989944458008,0.2805201709270477,5,3,1,1,1,8,1,1,1,1,7,9,4,1,1,4,1,3,8,1,1,4,2,7,4,1,1,8,6,4,4
42,2,2.0527381896972656,0.0665707141160965,1.7120449019615265,35.08502197265625,0.2779213786125183,4,6,4,4,3,6,5,3,3,3,1,4,4,4,1,1,1,1,6,5,1,2,1,9,5,5,7,4,3,4,1
42,1,2.104589939117432,0.0808468759059906,1.7290576565932338,32.66988754272461,0.2744884192943573,7,4,3,5,6,5,1,1,4,4,3,1,1,1,5,1,3,4,1,6,5,8,1,5,1,1,4,5,5,1,4
7,2,2.0881922245025635,0.0783862620592117,1.7187458598812662,33.87605285644531,0.2741082906723022,7,4,3,1,3,5,1,3,9,1,9,3,5,1,1,1,1,6,5,1,6,1,1,6,5,5,1,1,6,3,7
7,2,2.183678388595581,0.0771656557917594,1.7187458598812662,34.12681198120117,0.272746205329895,8,4,4,3,5,3,1,9,1,4,1,1,1,1,3,4,1,1,2,1,3,5,3,7,1,2,2,1,4,4,6
1023,1,2.2449491024017334,0.0678514465689659,1.727950983351282,36.65229415893555,0.2716453969478607,7,6,1,1,4,7,5,4,4,4,5,8,3,1,1,2,1,4,5,3,3,6,3,1,5,4,3,4,9,1,1
137,1,3.050488233566284,0.0890934467315673,1.7403988783445918,32.35526657104492,0.2713262438774109,1,5,1,4,1,4,1,4,1,1,3,5,5,3,1,3,1,2,1,3,1,8,6,3,4,2,4,6,1,1,5
2718,2,2.1810736656188965,0.0912055894732475,1.7459416259603515,32.944908142089844,0.2694388628005981,1,1,3,1,3,3,1,1,7,5,3,4,1,5,7,3,4,3,5,1,9,1,6,1,1,3,1,3,3,4,1
42,1,2.291127443313598,0.0707121789455413,1.7290576565932338,34.606327056884766,0.268705278635025,1,3,7,5,6,6,1,9,3,1,4,8,1,5,1,1,1,3,7,5,5,5,4,4,1,1,4,3,5,1,4
509,2,2.0755059719085693,0.0807663574814796,1.7180390384032482,33.242431640625,0.2624499499797821,3,1,1,7,4,1,1,4,4,1,4,9,6,5,2,3,3,6,1,5,1,1,8,1,4,1,1,3,5,5,4
509,2,2.2180252075195312,0.0648635849356651,1.7180390384032482,36.65979766845703,0.2617179453372955,8,9,4,1,1,8,4,1,5,3,5,3,8,2,1,1,3,2,1,1,5,1,5,7,8,1,4,1,4,1,1
271,3,1.9814872741699217,0.0790819600224495,1.714904612983485,34.39512252807617,0.2597569227218628,4,8,9,1,1,6,3,1,3,1,4,4,7,6,3,3,1,7,1,5,6,4,4,1,1,1,1,1,3,5,1
271,2,3.6495752334594727,0.0971339344978332,1.7224204213974024,31.595823287963867,0.2576580941677093,3,1,1,1,3,4,1,4,5,1,4,4,6,1,5,1,1,3,4,8,4,3,7,3,5,1,4,1,5,8,1
509,3,2.8720383644104004,0.0759408921003341,1.689006754425455,32.798248291015625,0.2566994428634643,1,6,1,5,4,1,1,3,1,2,1,2,5,5,4,4,1,4,5,1,4,1,3,5,3,1,1,3,5,5,4
271,2,3.513861179351806,0.0985968485474586,1.7224204213974024,31.36158943176269,0.2566375434398651,1,1,1,3,8,8,5,5,1,5,4,1,4,3,4,4,4,3,8,1,1,5,1,2,1,5,1,1,4,4,5
314,1,3.924349784851074,0.0905889868736267,1.736347910378991,32.0069694519043,0.2556439638137817,1,1,6,2,1,5,1,5,5,1,1,6,3,1,3,4,1,1,7,5,1,9,4,1,4,1,7,3,1,1,4
42,3,3.841143131256104,0.072784811258316,1.7131195717209058,33.65623092651367,0.2543953061103821,3,3,2,1,1,1,1,4,2,5,1,4,1,1,3,1,7,4,1,3,1,7,4,1,1,5,5,5,1,1,9
1023,2,2.6658263206481934,0.0676920786499977,1.733478032423755,36.41894912719727,0.2496853172779083,3,6,1,4,1,7,8,1,7,1,7,1,1,4,4,1,1,6,4,2,5,5,9,1,1,3,1,9,3,1,4
1023,2,2.280357360839844,0.0647784695029258,1.733478032423755,36.7194709777832,0.2488788068294525,8,2,4,3,1,7,4,9,4,3,1,5,5,1,4,5,6,1,1,6,6,3,1,1,8,3,5,4,1,1,4
42,1,3.0414693355560303,0.0834544152021408,1.7290576565932338,32.02652359008789,0.247889906167984,4,3,5,1,1,7,1,9,1,1,1,1,5,1,1,5,8,3,4,1,6,7,9,1,1,3,5,1,4,1,1
1618,1,2.0029773712158203,0.0746547356247901,1.755330173318954,34.85065841674805,0.2460883110761642,1,1,4,1,1,6,6,4,8,9,1,9,9,1,1,1,4,1,3,5,2,1,5,1,5,2,4,4,5,3,1
271,1,2.7036380767822266,0.0643799975514411,1.7344811528682678,35.98543167114258,0.2438021302223205,8,1,4,3,1,9,5,1,5,2,4,1,6,1,4,4,1,1,1,6,7,1,2,3,3,1,1,7,3,1,4
314,2,3.5072906017303467,0.0740487277507782,1.7437080727008525,35.21746063232422,0.2396082580089569,4,5,1,1,3,1,3,1,1,1,7,3,4,4,7,4,8,1,7,1,7,1,7,1,5,1,1,2,1,2,4
2718,1,3.281457901000977,0.085880346596241,1.729824327874098,33.44330978393555,0.2264187932014465,9,5,3,5,3,5,1,7,1,1,3,9,6,1,1,5,1,1,1,4,4,5,1,4,5,4,8,4,1,3,4
2718,2,2.058872699737549,0.0669793635606765,1.7459416259603515,36.73081588745117,0.222027987241745,1,6,4,4,3,1,1,4,9,3,6,1,4,6,5,3,3,3,1,8,1,5,4,1,6,5,4,5,5,1,8
2718,1,2.168856382369995,0.0820821225643158,1.729824327874098,33.84159469604492,0.2108369916677475,5,3,3,6,4,1,1,7,1,4,3,1,1,1,1,6,8,5,1,3,1,1,4,7,1,5,4,4,9,5,1
271,2,2.0394887924194336,0.0786671340465545,1.7224204213974024,34.14801406860352,0.2067901492118835,4,4,5,4,1,6,7,1,6,1,4,9,3,5,1,1,3,4,8,1,1,4,6,5,4,6,4,5,1,1,1
2718,2,2.824394941329956,0.0720084458589553,1.7459416259603515,35.76955795288086,0.2046995162963867,1,4,4,2,3,1,1,4,5,5,6,5,1,1,3,4,3,7,4,2,1,6,1,1,3,7,3,4,9,1,4
271,1,2.069150924682617,0.0816768631339073,1.7344811528682678,33.41010665893555,0.1852391064167022,7,8,4,3,1,4,1,5,1,3,4,1,3,1,1,1,3,1,1,1,7,5,4,1,3,1,4,2,4,5,5
1023,2,2.147091150283813,0.0742604807019233,1.733478032423755,35.31663513183594,0.1785876452922821,1,1,1,1,8,4,1,5,2,3,3,1,5,5,6,1,4,5,9,1,5,5,4,1,1,7,9,2,4,3,1
271,2,3.3229188919067383,0.0721561536192894,1.7224204213974024,34.94926834106445,0.1733211576938629,2,1,5,1,1,3,5,7,1,3,6,1,6,9,1,1,1,4,1,3,5,1,4,2,1,2,1,6,9,3,6
509,1,3.0754404067993164,0.0824614390730857,1.7331331101210403,33.06079864501953,0.17173632979393,1,1,5,6,3,1,1,1,3,1,5,4,1,1,3,7,1,8,5,4,1,4,3,1,4,9,4,7,1,3,6
137,3,2.835892677307129,0.0722735077142715,1.7109951410614923,34.90031814575195,0.1684106737375259,6,1,6,3,1,1,4,3,8,3,3,4,4,5,4,5,3,1,1,1,1,6,3,4,1,9,3,5,3,1,4
1023,2,3.300281286239624,0.0971180126070976,1.733478032423755,32.82766342163086,0.1623700708150863,1,5,5,1,7,1,9,1,4,7,1,4,1,3,1,5,1,5,5,5,1,5,1,3,4,1,1,4,6,8,1
509,1,3.6781351566314697,0.085440345108509,1.7331331101210403,32.553035736083984,0.1554145663976669,7,6,1,2,3,2,4,1,1,5,1,3,5,4,1,1,1,4,5,5,1,3,5,4,1,1,9,1,1,5,1
271,1,2.105387687683105,0.0680621415376663,1.7344811528682678,35.027523040771484,0.1531552374362945,3,1,9,1,1,1,1,2,5,1,4,1,5,5,6,2,4,1,1,3,8,4,5,5,6,3,1,6,4,1,9
1023,2,2.3773772716522217,0.0696794837713241,1.733478032423755,35.62868118286133,0.1497789174318313,2,1,1,9,2,7,6,1,1,1,7,8,5,6,3,5,1,1,1,9,5,4,3,1,1,4,4,5,5,4,1
2718,1,3.114965915679932,0.0915233343839645,1.729824327874098,32.25701904296875,0.1315571516752243,5,3,1,4,5,1,4,4,5,3,1,1,3,1,5,6,1,1,1,1,5,6,1,3,9,3,1,5,2,1,8
1023,2,3.582247257232666,0.1015204712748527,1.733478032423755,32.16452407836914,0.1277074366807937,1,1,1,5,5,1,6,2,5,1,1,5,7,3,3,3,1,7,4,4,9,1,4,1,1,5,1,3,3,3,1
271,1,3.790414094924927,0.0888585597276687,1.7344811528682678,32.11921310424805,0.1186322569847107,6,1,1,4,1,1,1,9,1,5,1,4,1,6,1,1,3,3,1,4,2,6,1,7,4,1,4,3,6,8,1
271,1,3.502807378768921,0.0755684524774551,1.7344811528682678,33.8415412902832,0.1146934330463409,1,4,3,1,3,1,1,1,5,5,8,1,1,4,1,5,4,4,3,5,4,6,7,1,1,1,2,5,2,4,1
1023,2,2.4060263633728027,0.0779591873288154,1.733478032423755,34.51618576049805,0.107703574001789,3,1,8,3,4,9,4,8,2,1,1,4,1,5,3,1,9,1,3,1,3,5,3,1,5,1,1,6,1,6,1
509,3,2.2813069820404053,0.0645307749509811,1.689006754425455,34.92396926879883,0.1016307771205902,4,4,3,1,1,3,4,8,3,8,1,4,5,4,1,6,5,4,5,5,1,5,3,4,6,8,1,4,1,1,1
1023,2,2.3932929039001465,0.0742152556777,1.733478032423755,34.819942474365234,0.0925227999687194,1,5,1,4,1,2,1,3,3,9,9,1,3,4,4,4,4,1,1,5,5,4,5,6,1,5,1,3,5,6,1
509,3,3.7431702613830566,0.0796281918883323,1.689006754425455,30.760778427124023,0.0878269672393798,4,5,5,6,1,1,1,1,3,6,1,8,1,1,1,4,1,1,1,5,5,6,5,1,3,1,1,3,1,1,6
