seed,gen,best_ppf,best_cycle,best_fit,stag,H_mean,H_sens
42,0,1.8518441,329.24,-1.8518441,0,1.7557019994428233,1.7463928831054736
42,1,1.8501766,309.46152,-1.8501766,0,1.6871289418726385,1.6694757774312206
42,2,1.7920204,323.59625,-1.7920204,0,1.6059866152007563,1.5739112559287554
42,3,1.7920204,323.59625,-1.7920204,1,1.5166605551583665,1.4922145312074968
42,4,1.7324601,308.53598,-1.7324601,0,1.3924668635943622,1.3661949422904938
42,5,1.7324601,308.53598,-1.7324601,1,1.2371574697362908,1.2229011058696853
42,6,1.7324601,308.53598,-1.7324601,2,1.1114799282167622,1.0981955870110074
42,7,1.7258784,313.7508,-1.7258784,0,1.061395981717028,1.0523303791971248
42,8,1.6934834,326.71402,-1.6934834,0,1.0573501059352723,1.043317106673225
42,9,1.6860954,318.35104,-1.6860954,0,0.9531414631453541,0.9362186502498161
42,10,1.6860954,318.35104,-1.6860954,1,0.9400322955388037,0.9179629287574517
42,11,1.6725564,319.18924,-1.6725564,0,0.8838349516351135,0.8612716913226721
42,12,1.6702448,319.9634,-1.6702448,0,0.8597198768312369,0.8464944654183895
42,13,1.6678288,323.0273,-1.6678288,0,0.8040014568986609,0.7900464287504154
42,14,1.6499157,319.1274,-1.6499157,0,0.6806853644086236,0.6641474820314222
42,15,1.6309508,322.1179,-1.6309508,0,0.627084345571967,0.6206914411502455
42,16,1.6128988,319.60248,-1.6128988,0,0.5499012062572218,0.5506714451374022
42,17,1.6128988,319.60248,-1.6128988,1,0.5154064069376297,0.5053255685254282
42,18,1.6128988,319.60248,-1.6128988,2,0.5254880896113102,0.5134245019103822
42,19,1.6075157,319.35168,-1.6075157,0,0.5214212763552958,0.5133841223487485
42,20,1.6043863,319.72284,-1.6043863,0,0.4965244867916577,0.48174157335401324
42,21,1.6022589,320.8745,-1.6022589,0,0.4885526383963615,0.467302772247569
42,22,1.6022589,320.8745,-1.6022589,1,0.45820550904909596,0.43720932612945346
42,23,1.5999926,320.53183,-1.5999926,0,0.41120984892224055,0.3826932754775551
42,24,1.5980833,320.46924,-1.5980833,0,0.4196134877300175,0.39367551465836054
42,25,1.5980833,320.46924,-1.5980833,1,0.411656537000557,0.3832956232181426
42,26,1.5968511,321.89462,-1.5968511,0,0.3835344609768575,0.3675262270491063
42,27,1.5899801,321.65793,-1.5899801,0,0.41661290017220953,0.3940058385920753
42,28,1.5887028,321.37604,-1.5887028,0,0.34053906801919426,0.3213571485541394
42,29,1.5887028,321.37604,-1.5887028,1,0.343317801936564,0.331700382199005
42,30,1.5873727,313.5121,-1.5873727,0,0.3066348634148626,0.2927064774220499
42,31,1.5872099,321.54236,-1.5872099,0,0.27969106623684836,0.26372734671888753
42,32,1.5832752,315.31796,-1.5832752,0,0.2858406250223359,0.265678382579826
42,33,1.5832752,315.31796,-1.5832752,1,0.25397258270997475,0.23156619105896536
42,34,1.5810611,316.09113,-1.5810611,0,0.2414133733550288,0.22683876023177743
42,35,1.5810611,316.09113,-1.5810611,1,0.24631986816640233,0.23548992249227482
42,36,1.5798222,313.901,-1.5798222,0,0.2283488862433288,0.22144200053944238
42,37,1.578443,315.3886,-1.578443,0,0.24911184247568904,0.2362921675194634
42,38,1.578443,315.3886,-1.578443,1,0.2564425221921872,0.2456162486128486
42,39,1.5768584,313.5138,-1.5768584,0,0.24057621135579904,0.22493573787141602
42,40,1.5768584,313.5138,-1.5768584,1,0.26152265881631115,0.24295782937079358
42,41,1.5736468,313.67847,-1.5736468,0,0.2889886197558377,0.2634110550778762
42,42,1.5729625,313.21353,-1.5729625,0,0.26100035659117476,0.23813904474279116
42,43,1.5729625,313.21353,-1.5729625,1,0.25906971345514224,0.23543082622784767
42,44,1.5729625,313.21353,-1.5729625,2,0.24671045606753794,0.22530852019371714
42,45,1.5679976,312.58246,-1.5679976,0,0.25419267705793497,0.23436391256548772
42,46,1.5632254,310.14066,-1.5632254,0,0.25380753821669816,0.23843241584295397
42,47,1.5610236,311.96063,-1.5610236,0,0.28522359823384325,0.267443549276744
42,48,1.5610236,311.96063,-1.5610236,1,0.2755080617806428,0.2502371595698932
42,49,1.5606208,310.22134,-1.5606208,0,0.2612052311203637,0.2396012585333395
42,50,1.5603033,310.65457,-1.5603033,0,0.23182676284525414,0.21843058801318185
42,51,1.559041,311.92456,-1.559041,0,0.23315690655186685,0.21187995006219573
42,52,1.557553,312.00323,-1.557553,0,0.23390010960883031,0.21302925622121566
42,53,1.557553,312.00323,-1.557553,1,0.24573171818782982,0.23080844498899047
42,54,1.5574462,314.0829,-1.5574462,0,0.20477374236493856,0.1844351139929691
42,55,1.5574462,314.0829,-1.5574462,1,0.21964874750032123,0.19770101837581552
42,56,1.5574462,314.0829,-1.5574462,2,0.1754805455102477,0.15289794944326238
42,57,1.5574462,314.0829,-1.5574462,3,0.20237805575198278,0.17922853314704504
42,58,1.5574462,314.0829,-1.5574462,4,0.17476931049529357,0.1580946814440683
42,59,1.5574462,314.0829,-1.5574462,5,0.1903562762880222,0.171514074599615
42,60,1.557034,312.6131,-1.557034,0,0.17786492039703192,0.16294446548211772
42,61,1.557034,312.6131,-1.557034,1,0.16980028860627355,0.15280593442982646
42,62,1.557034,312.6131,-1.557034,2,0.15886657095005652,0.14286773565290367
42,63,1.557034,312.6131,-1.557034,3,0.16036626043753321,0.15115440024878082
42,64,1.557034,312.6131,-1.557034,4,0.2004008120810713,0.18587223327102181
42,65,1.557034,312.6131,-1.557034,5,0.185576046189058,0.1639090148044321
42,66,1.557034,312.6131,-1.557034,6,0.1517227426562078,0.1420252784502468
42,67,1.557034,312.6131,-1.557034,7,0.12978678244281205,0.11621232912710977
42,68,1.557034,312.6131,-1.557034,8,0.13733688219359413,0.12388042204924156
42,69,1.557034,312.6131,-1.557034,9,0.13470389719116696,0.12594337857554685
42,70,1.557034,312.6131,-1.557034,10,0.13793738651511847,0.13485436226542408
42,71,1.557034,312.6131,-1.557034,11,0.11701244282299923,0.1114344057801539
42,72,1.557034,312.6131,-1.557034,12,0.15316482261002032,0.1464514341972659
42,73,1.5563974,312.0287,-1.5563974,0,0.12984588515783624,0.12113457245776844
42,74,1.5563974,312.0287,-1.5563974,1,0.12051993120320331,0.11102723106515283
42,75,1.5563974,312.0287,-1.5563974,2,0.13834709865092557,0.13539442734941176
42,76,1.5563974,312.0287,-1.5563974,3,0.16202150009792032,0.1587899471250988
42,77,1.5563974,312.0287,-1.5563974,4,0.16700611386608483,0.16277122140408098
42,78,1.5563974,312.0287,-1.5563974,5,0.13212806344815434,0.12436836856181586
42,79,1.5563974,312.0287,-1.5563974,6,0.1320968866945911,0.1316912038263567
42,80,1.556043,312.19522,-1.556043,0,0.13113821716770047,0.12783107523684442
42,81,1.5558169,312.14645,-1.5558169,0,0.1318014572305783,0.12739679432300777
42,82,1.5558169,312.14645,-1.5558169,1,0.15780240883842753,0.15419289184646728
42,83,1.5558169,312.14645,-1.5558169,2,0.16223596861533787,0.15311583082891797
42,84,1.5558169,312.14645,-1.5558169,3,0.1725122656283622,0.1659506306336713
42,85,1.5558169,312.14645,-1.5558169,4,0.1850918434672144,0.16998633259875784
42,86,1.5557269,312.08664,-1.5557269,0,0.19340098446884627,0.1809318075878359
42,87,1.5540892,313.05756,-1.5540892,0,0.1939668651612997,0.1900934833496194
42,88,1.5540892,313.05756,-1.5540892,1,0.17986931674280188,0.16891606188432065
42,89,1.5539659,313.00967,-1.5539659,0,0.1782042423883002,0.16485414858973801
42,90,1.5539659,313.00967,-1.5539659,1,0.18013330302103603,0.17607455502707825
42,91,1.5539659,313.00967,-1.5539659,2,0.1697503959249022,0.1640946692938936
42,92,1.5539659,313.00967,-1.5539659,3,0.20768391313812268,0.19373718449732646
42,93,1.5539659,313.00967,-1.5539659,4,0.2043832661650717,0.18954185864524786
42,94,1.5539659,313.00967,-1.5539659,5,0.18162750022870233,0.16893826662306707
42,95,1.5539659,313.00967,-1.5539659,6,0.1515096778896367,0.14183300837054144
42,96,1.5539659,313.00967,-1.5539659,7,0.14553403211554722,0.1331217966668865
42,97,1.5539659,313.00967,-1.5539659,8,0.1392870299014657,0.1310503520752691
42,98,1.5521301,311.48557,-1.5521301,0,0.15997458451970895,0.1469920089150837
42,99,1.5521301,311.48557,-1.5521301,1,0.12231901153197731,0.11693079788247684
42,100,1.5521301,311.48557,-1.5521301,2,0.15864595066772655,0.15397588717960886
42,101,1.5521301,311.48557,-1.5521301,3,0.16253243241433818,0.1542131082238867
42,102,1.551799,311.54922,-1.551799,0,0.1682235228927381,0.15417291993963114
42,103,1.551799,311.54922,-1.551799,1,0.1589244067699632,0.1427888467055939
42,104,1.551799,311.54922,-1.551799,2,0.16180118334713453,0.15179115192258988
42,105,1.551799,311.54922,-1.551799,3,0.17413936315743023,0.15431281735471286
42,106,1.551799,311.54922,-1.551799,4,0.14965686479030443,0.13002747938061626
42,107,1.551799,311.54922,-1.551799,5,0.1569547455092258,0.13457467664487718
42,108,1.551799,311.54922,-1.551799,6,0.14305291556371832,0.13159216419021366
42,109,1.551799,311.54922,-1.551799,7,0.13858064207590404,0.12553287228536733
42,110,1.551799,311.54922,-1.551799,8,0.1370720064290635,0.13045649136679618
42,111,1.551799,311.54922,-1.551799,9,0.10880112532157003,0.10512050275616414
42,112,1.551799,311.54922,-1.551799,10,0.12349448302079749,0.11512704977903927
42,113,1.551799,311.54922,-1.551799,11,0.11876399024697427,0.11299174399838677
42,114,1.551799,311.54922,-1.551799,12,0.12406891804943478,0.11995381529876036
42,115,1.551799,311.54922,-1.551799,13,0.13329927140486456,0.1312164038319899
42,116,1.551799,311.54922,-1.551799,14,0.1739413761241807,0.1676024496179326
42,117,1.551799,311.54922,-1.551799,15,0.16882619387066952,0.15447855626527932
42,118,1.551799,311.54922,-1.551799,16,0.15649893671239518,0.1457377441205586
42,119,1.551799,311.54922,-1.551799,17,0.14093311862465174,0.1311767710406139
42,120,1.551799,311.54922,-1.551799,18,0.1498098868314615,0.13957314900419407
42,121,1.551799,311.54922,-1.551799,19,0.14883136857723342,0.14131569738057004
42,122,1.551799,311.54922,-1.551799,20,0.1553757534808456,0.14897966591590447
42,123,1.551799,311.54922,-1.551799,21,0.1643369459765361,0.16176114228700522
42,124,1.551799,311.54922,-1.551799,22,0.1614619346186499,0.15053691674396946
42,125,1.551799,311.54922,-1.551799,23,0.1699331515492333,0.16220973770721656
42,126,1.551799,311.54922,-1.551799,24,0.16070655736769368,0.1535864416340491
42,127,1.551799,311.54922,-1.551799,25,0.15575909846632438,0.14465899315302064
42,128,1.551799,311.54922,-1.551799,26,0.15179385913653645,0.14377751917472037
42,129,1.544299,310.4344,-1.544299,0,0.19528783870782376,0.1878854283200946
42,130,1.544299,310.4344,-1.544299,1,0.16083039862590273,0.14728344864441772
42,131,1.544299,310.4344,-1.544299,2,0.14547320710102316,0.14349611529973827
42,132,1.543027,309.9188,-1.543027,0,0.13850583778041894,0.13047210819839858
42,133,1.543027,309.9188,-1.543027,1,0.14856352462516892,0.1425143931621555
42,134,1.543027,309.9188,-1.543027,2,0.17406752360591465,0.16767480839318935
42,135,1.543027,309.9188,-1.543027,3,0.18459488680834438,0.18600268009860244
42,136,1.5343715,310.43164,-1.5343715,0,0.16121622265119265,0.15635936835599173
42,137,1.5343715,310.43164,-1.5343715,1,0.18746562116498347,0.18387484132736076
42,138,1.5343715,310.43164,-1.5343715,2,0.22305030973867476,0.20870503513901106
42,139,1.5343715,310.43164,-1.5343715,3,0.18584951349051296,0.1749294851372658
42,140,1.5343715,310.43164,-1.5343715,4,0.17749918213808621,0.16592505733867688
42,141,1.5279732,310.9898,-1.5279732,0,0.15778428821543689,0.14794906694370763
42,142,1.5279732,310.9898,-1.5279732,1,0.16804429899248924,0.14741502842170962
42,143,1.5279732,310.9898,-1.5279732,2,0.16769929088435281,0.14813854331317322
42,144,1.5279732,310.9898,-1.5279732,3,0.1826280811475587,0.15966611732678948
42,145,1.5279732,310.9898,-1.5279732,4,0.1942867766947238,0.1762741801927605
42,146,1.5279732,310.9898,-1.5279732,5,0.16120335249559514,0.13647684260403786
42,147,1.5279732,310.9898,-1.5279732,6,0.16765255393378573,0.15345341080431188
42,148,1.5279732,310.9898,-1.5279732,7,0.1669264538977985,0.1570937267363267
42,149,1.5279732,310.9898,-1.5279732,8,0.1410779448752685,0.1274130261251476
42,150,1.5279732,310.9898,-1.5279732,9,0.13047793786552128,0.12761520837216192
42,151,1.5279732,310.9898,-1.5279732,10,0.14415081827430318,0.13870952260227012
42,152,1.5273414,310.55167,-1.5273414,0,0.1336799545432177,0.13088112251151018
42,153,1.5273414,310.55167,-1.5273414,1,0.14804936568457033,0.14413842230935436
42,154,1.5273414,310.55167,-1.5273414,2,0.14816279963893922,0.13713216889118926
42,155,1.5273414,310.55167,-1.5273414,3,0.10836838593454136,0.10544216425306624
42,156,1.5273414,310.55167,-1.5273414,4,0.151762132903577,0.14528029409954776
42,157,1.5273414,310.55167,-1.5273414,5,0.14543477824920326,0.14122127990817604
42,158,1.5273414,310.55167,-1.5273414,6,0.13974414112311212,0.13172604809147817
42,159,1.5273414,310.55167,-1.5273414,7,0.13735151695937134,0.13433445973643107
42,160,1.5273414,310.55167,-1.5273414,8,0.17234338581408465,0.16754287223374958
42,161,1.5273414,310.55167,-1.5273414,9,0.14272360025622166,0.13730998003580697
42,162,1.5273414,310.55167,-1.5273414,10,0.12205608936634509,0.11752354558397221
42,163,1.5273414,310.55167,-1.5273414,11,0.12645405468329493,0.12220550956861101
42,164,1.5273414,310.55167,-1.5273414,12,0.12291977398214544,0.1234084931150093
42,165,1.5273414,310.55167,-1.5273414,13,0.1595154218495117,0.15558261750028315
42,166,1.5273414,310.55167,-1.5273414,14,0.15013023604207545,0.14114270981572885
42,167,1.5273414,310.55167,-1.5273414,15,0.12437163095104421,0.1223544995882698
42,168,1.5273414,310.55167,-1.5273414,16,0.14930842104068467,0.14241158974539408
42,169,1.5273414,310.55167,-1.5273414,17,0.14982526880562821,0.14088746330776747
42,170,1.5273414,310.55167,-1.5273414,18,0.13298881149502123,0.12829556785105908
42,171,1.5273414,310.55167,-1.5273414,19,0.15143997218300068,0.14299033440432757
42,172,1.5273414,310.55167,-1.5273414,20,0.14186709159734906,0.13529440189766936
42,173,1.5273414,310.55167,-1.5273414,21,0.19219244449894599,0.1874649267182283
42,174,1.5273414,310.55167,-1.5273414,22,0.1585191306533161,0.14878270127783227
42,175,1.5273414,310.55167,-1.5273414,23,0.11651769877832609,0.11640064263589352
42,176,1.5273414,310.55167,-1.5273414,24,0.13290393104914364,0.13475187224412044
42,177,1.5273414,310.55167,-1.5273414,25,0.12421103330807735,0.11657146540408736
42,178,1.5273414,310.55167,-1.5273414,26,0.1457438793732018,0.139631809869909
42,179,1.5273414,310.55167,-1.5273414,27,0.13206073928961343,0.12847165592835694
42,180,1.5273414,310.55167,-1.5273414,28,0.12853232093208655,0.12232255114825269
42,181,1.5273414,310.55167,-1.5273414,29,0.12339500800388901,0.11972324105522929
42,182,1.5273414,310.55167,-1.5273414,30,0.12530474368783123,0.1145836592004625
42,183,1.5273414,310.55167,-1.5273414,31,0.12910682500834533,0.11763121502952645
42,184,1.5273414,310.55167,-1.5273414,32,0.12267682449082534,0.12039574560324925
42,185,1.5273414,310.55167,-1.5273414,33,0.12001508674466652,0.11129796329413547
42,186,1.5273414,310.55167,-1.5273414,34,0.1433589515895621,0.13416651926788897
42,187,1.5273414,310.55167,-1.5273414,35,0.13848466847637747,0.12731783225828905
42,188,1.5273414,310.55167,-1.5273414,36,0.13070560567567813,0.1226543089672428
42,189,1.5273414,310.55167,-1.5273414,37,0.15197841391735437,0.13967333671529994
42,190,1.5273414,310.55167,-1.5273414,38,0.14619175330304165,0.14171430153022713
42,191,1.5273414,310.55167,-1.5273414,39,0.1769069117663653,0.16392812130530351
42,192,1.5273414,310.55167,-1.5273414,40,0.17429014484076574,0.15653449019002524
42,193,1.5273414,310.55167,-1.5273414,41,0.13278397340984466,0.1243455294292378
42,194,1.5273414,310.55167,-1.5273414,42,0.14360709481246553,0.1312136620711386
42,195,1.5273414,310.55167,-1.5273414,43,0.11369002108396048,0.10247328403674513
42,196,1.5273414,310.55167,-1.5273414,44,0.15367600504456433,0.14333824669071926
42,197,1.5273414,310.55167,-1.5273414,45,0.14561129947524762,0.14071812231304004
42,198,1.5273414,310.55167,-1.5273414,46,0.14832164930732505,0.1445913871307957
42,199,1.5273414,310.55167,-1.5273414,47,0.1483972247841475,0.13874106752367288
42,200,1.5273414,310.55167,-1.5273414,48,0.14003831054170693,0.12911754691746394
42,201,1.5273414,310.55167,-1.5273414,49,0.10882690132316239,0.10279791768603526
42,202,1.5273414,310.55167,-1.5273414,50,0.14476776846781608,0.1404740151703752
42,203,1.5273414,310.55167,-1.5273414,51,0.13435568052917182,0.12570946365246327
42,204,1.5273414,310.55167,-1.5273414,52,0.15613922890358786,0.14457301898762073
42,205,1.5273414,310.55167,-1.5273414,53,0.13125875248998833,0.12065040390981843
42,206,1.5273414,310.55167,-1.5273414,54,0.10753415896770452,0.1064565955247516
42,207,1.5273414,310.55167,-1.5273414,55,0.14116503925400636,0.13661424234523187
42,208,1.5273414,310.55167,-1.5273414,56,0.13910734184314655,0.13897535562234245
42,209,1.5273414,310.55167,-1.5273414,57,0.13679189089163887,0.13416616054177247
42,210,1.5273414,310.55167,-1.5273414,58,0.15988941593004843,0.15809946703702443
42,211,1.5273414,310.55167,-1.5273414,59,0.1477051833909966,0.1427212823369334
42,212,1.5273414,310.55167,-1.5273414,60,0.1345126445274018,0.12686921559491232
42,213,1.5273414,310.55167,-1.5273414,61,0.1746583102582589,0.16740576563952547
42,214,1.5273414,310.55167,-1.5273414,62,0.15543811836166307,0.14210145411759095
42,215,1.5273414,310.55167,-1.5273414,63,0.1359157544261547,0.12288576903913472
42,216,1.5273414,310.55167,-1.5273414,64,0.1507706272167804,0.14071882351733875
42,217,1.5273414,310.55167,-1.5273414,65,0.12794255596070003,0.11585801167698469
42,218,1.5273414,310.55167,-1.5273414,66,0.14878152597862776,0.13388870708633976
42,219,1.5273414,310.55167,-1.5273414,67,0.1669518872109598,0.15869809244772606
42,220,1.5273414,310.55167,-1.5273414,68,0.14808143333592141,0.13782067343949936
42,221,1.5273414,310.55167,-1.5273414,69,0.1682194955610019,0.15298905969921664
42,222,1.5273414,310.55167,-1.5273414,70,0.13896650403328914,0.12679750143112378
42,223,1.5273414,310.55167,-1.5273414,71,0.12000169593108488,0.1216867770257877
42,224,1.5273414,310.55167,-1.5273414,72,0.14566359676004736,0.13474393838505555
42,225,1.5273414,310.55167,-1.5273414,73,0.13692406196362303,0.12435351746530866
42,226,1.5273414,310.55167,-1.5273414,74,0.14021054781168327,0.1256786494828741
42,227,1.5273414,310.55167,-1.5273414,75,0.14084783566541467,0.13343014188973765
42,228,1.5273414,310.55167,-1.5273414,76,0.10323473190541492,0.0981126009378286
42,229,1.5273414,310.55167,-1.5273414,77,0.14510020715613345,0.1335991100960306
42,230,1.5273414,310.55167,-1.5273414,78,0.15860332712027891,0.150480116198076
42,231,1.5273414,310.55167,-1.5273414,79,0.11912191127601013,0.1111239956767131
42,232,1.5273414,310.55167,-1.5273414,80,0.1387487949672616,0.13479612921401365
42,233,1.5273414,310.55167,-1.5273414,81,0.12018798038697638,0.10961476925238525
42,234,1.5273414,310.55167,-1.5273414,82,0.16012645777634482,0.15015410188473083
42,235,1.5273414,310.55167,-1.5273414,83,0.13858123155929475,0.13277704307696217
42,236,1.5273414,310.55167,-1.5273414,84,0.13204461698906814,0.12869705220299216
42,237,1.5273414,310.55167,-1.5273414,85,0.13115410568032257,0.1226745109601513
42,238,1.5273414,310.55167,-1.5273414,86,0.12429071297710678,0.12104309687612691
42,239,1.5273414,310.55167,-1.5273414,87,0.14806317707987748,0.14107518743200767
42,240,1.5273414,310.55167,-1.5273414,88,0.137170588345164,0.13136892530558128
42,241,1.5273414,310.55167,-1.5273414,89,0.13988785779443333,0.13174838592859658
42,242,1.5273414,310.55167,-1.5273414,90,0.14634099698697858,0.13413143490683474
42,243,1.5273414,310.55167,-1.5273414,91,0.1573968715387047,0.15018924911191905
42,244,1.5273414,310.55167,-1.5273414,92,0.1364333141521936,0.12737008359643268
42,245,1.5273414,310.55167,-1.5273414,93,0.13901793880752994,0.1383887367195629
42,246,1.5273414,310.55167,-1.5273414,94,0.1446617976981625,0.14243726861003914
42,247,1.5273414,310.55167,-1.5273414,95,0.1660575090465381,0.16153053082096594
42,248,1.5273414,310.55167,-1.5273414,96,0.15465189896016543,0.15001966022609628
42,249,1.5273414,310.55167,-1.5273414,97,0.12735126818150064,0.12260626710222063
137,0,1.8906295,335.80588,-1.8906295,0,1.7543633681420052,1.7594592398137276
137,1,1.8304068,336.44376,-1.8304068,0,1.6801617187751419,1.6773831899425078
137,2,1.8098307,325.07202,-1.8098307,0,1.5772268743258089,1.564227722720226
137,3,1.752232,315.43738,-1.752232,0,1.495723737309547,1.4835444156350417
137,4,1.7398388,333.28372,-1.7398388,0,1.4053108780888366,1.3997699956540115
137,5,1.7375944,317.82318,-1.7375944,0,1.289571329246019,1.2830189831367427
137,6,1.734166,324.79257,-1.734166,0,1.2562670762567405,1.2442434155459174
137,7,1.7217898,320.24738,-1.7217898,0,1.2129770383554654,1.201046381425241
137,8,1.7217898,320.24738,-1.7217898,1,1.1683792576708483,1.151237718152224
137,9,1.7053826,323.7231,-1.7053826,0,1.0683343312836793,1.0480965306402388
137,10,1.6854527,332.207,-1.6854527,0,0.9749623585583147,0.9517318879605506
137,11,1.6854527,332.207,-1.6854527,1,0.9552906305919984,0.9111395083791831
137,12,1.6854527,332.207,-1.6854527,2,0.9277467188459848,0.8720644393047473
137,13,1.6849437,331.77585,-1.6849437,0,0.8750562159743523,0.8274848720139847
137,14,1.6759968,330.81613,-1.6759968,0,0.8581587587970158,0.8098574686315612
137,15,1.6560601,331.058,-1.6560601,0,0.8083408529090611,0.762509411773072
137,16,1.6487112,345.7048,-1.6487112,0,0.7628585216734288,0.7116975468335666
137,17,1.6445041,325.43146,-1.6445041,0,0.6995572382715471,0.6577878566983253
137,18,1.6321818,345.16916,-1.6321818,0,0.6699272891881359,0.6154121534164165
137,19,1.6321818,345.16916,-1.6321818,1,0.6468595218723646,0.5857017194180845
137,20,1.630784,348.85892,-1.630784,0,0.6017569321969007,0.5489115565367801
137,21,1.613174,345.03244,-1.613174,0,0.6004205119580741,0.5526746294991461
137,22,1.6078736,348.48364,-1.6078736,0,0.6142181037153122,0.5629509044121804
137,23,1.5989215,337.79953,-1.5989215,0,0.5696401886212207,0.5262336104201162
137,24,1.5989215,337.79953,-1.5989215,1,0.5110187513404446,0.46800513000875704
137,25,1.590924,336.01324,-1.590924,0,0.4846991000577674,0.44367630400609104
137,26,1.590924,336.01324,-1.590924,1,0.3907069825643675,0.3626395717144646
137,27,1.5862916,332.28268,-1.5862916,0,0.37778209882742636,0.3407353640544429
137,28,1.5862916,332.28268,-1.5862916,1,0.3504423473527042,0.31445391815947665
137,29,1.5860007,332.52158,-1.5860007,0,0.3507173812962976,0.30854544717053933
137,30,1.5857347,332.28717,-1.5857347,0,0.28806970328952064,0.2595569281709641
137,31,1.5857347,332.28717,-1.5857347,1,0.2588551210274537,0.23803463112789133
137,32,1.5857347,332.28717,-1.5857347,2,0.1849476395591765,0.16584331018883225
137,33,1.5812037,331.85013,-1.5812037,0,0.16832937291450187,0.15031136217061053
137,34,1.5812037,331.85013,-1.5812037,1,0.19750023176941348,0.1809630472429103
137,35,1.5812037,331.85013,-1.5812037,2,0.21957816843595945,0.2004777073617055
137,36,1.5770527,330.67328,-1.5770527,0,0.22011464807272216,0.19805826232620116
137,37,1.5770527,330.67328,-1.5770527,1,0.2183080014785528,0.19532409791157024
137,38,1.5770527,330.67328,-1.5770527,2,0.24849027896057094,0.23005561772249702
137,39,1.5766459,332.05957,-1.5766459,0,0.24722343424720195,0.226709977572548
137,40,1.5702741,335.15067,-1.5702741,0,0.2246657058047027,0.20483255911128898
137,41,1.5682849,335.22726,-1.5682849,0,0.21760098883263887,0.19912985028154234
137,42,1.5675344,335.3376,-1.5675344,0,0.2322709999076959,0.21359118767900764
137,43,1.5675344,335.3376,-1.5675344,1,0.23802599293665214,0.22751686292260345
137,44,1.5675344,335.3376,-1.5675344,2,0.19942687122492148,0.18707215237455008
137,45,1.5675344,335.3376,-1.5675344,3,0.1621445765748555,0.14793123071575365
137,46,1.5675344,335.3376,-1.5675344,4,0.18543310912058805,0.1750801726327311
137,47,1.5674282,338.09067,-1.5674282,0,0.19147281643899267,0.1833835518361219
137,48,1.5674282,338.09067,-1.5674282,1,0.19342647091302453,0.1873336452604285
137,49,1.5674282,338.09067,-1.5674282,2,0.13806559377758543,0.12783936839698146
137,50,1.5674282,338.09067,-1.5674282,3,0.16174611560420424,0.15434027745435117
137,51,1.5674282,338.09067,-1.5674282,4,0.17612547306099027,0.17235864526336336
137,52,1.5674282,338.09067,-1.5674282,5,0.12720344060618777,0.12183099550590924
137,53,1.5661793,338.38168,-1.5661793,0,0.12758304150670632,0.12476428758180506
137,54,1.5653312,333.99084,-1.5653312,0,0.12996787445469324,0.12657781457573933
137,55,1.5653312,333.99084,-1.5653312,1,0.13866414277507982,0.13098660937143117
137,56,1.5653312,333.99084,-1.5653312,2,0.16794126623271827,0.1562952760303768
137,57,1.565001,334.1656,-1.565001,0,0.16712967867188852,0.15619917293311625
137,58,1.565001,334.1656,-1.565001,1,0.1849983583052624,0.17250824033025916
137,59,1.5632544,333.84998,-1.5632544,0,0.18633385171072117,0.17487678795609213
137,60,1.5632544,333.84998,-1.5632544,1,0.19093948722223406,0.17843734465937688
137,61,1.5608336,338.37595,-1.5608336,0,0.19405533233250438,0.17455331110910047
137,62,1.5608336,338.37595,-1.5608336,1,0.19559642854049814,0.17492762000878742
137,63,1.5608336,338.37595,-1.5608336,2,0.21156262984809682,0.18615622780010405
137,64,1.5593086,340.1707,-1.5593086,0,0.20757277808971925,0.17964692483974876
137,65,1.5593086,340.1707,-1.5593086,1,0.21574666513087634,0.18701970275926716
137,66,1.5593086,340.1707,-1.5593086,2,0.18620537458219477,0.15558341479825621
137,67,1.5593086,340.1707,-1.5593086,3,0.21022232088535936,0.18960073946928999
137,68,1.5593086,340.1707,-1.5593086,4,0.17512386726826124,0.1560237329001724
137,69,1.5593086,340.1707,-1.5593086,5,0.18011324698194783,0.15839362777831448
137,70,1.5586746,337.53812,-1.5586746,0,0.18453818180194187,0.16244937232999776
137,71,1.5586746,337.53812,-1.5586746,1,0.09777073281473199,0.09278259013747318
137,72,1.5586746,337.53812,-1.5586746,2,0.1335988137180184,0.13065348818588696
137,73,1.5581913,340.099,-1.5581913,0,0.15251020077589877,0.1461447124549705
137,74,1.5581913,340.099,-1.5581913,1,0.1732307961083255,0.15914180966337785
137,75,1.5581913,340.099,-1.5581913,2,0.16810223010182387,0.15476195671570547
137,76,1.5581913,340.099,-1.5581913,3,0.18324217708399462,0.16591390960653413
137,77,1.5581913,340.099,-1.5581913,4,0.1880188909139285,0.16656732068117036
137,78,1.5581913,340.099,-1.5581913,5,0.18624896953629627,0.17396709542166422
137,79,1.5581913,340.099,-1.5581913,6,0.16512094924183862,0.1510766490368897
137,80,1.5581913,340.099,-1.5581913,7,0.1519940130577486,0.1450054848006908
137,81,1.5581913,340.099,-1.5581913,8,0.13640132248250425,0.13030080788802004
137,82,1.5581913,340.099,-1.5581913,9,0.13887533316049425,0.13269709957573342
137,83,1.5581913,340.099,-1.5581913,10,0.1587035396590463,0.1503757365824805
137,84,1.5581913,340.099,-1.5581913,11,0.15544369298506153,0.14840906870959894
137,85,1.5581913,340.099,-1.5581913,12,0.16531643607819374,0.16295268241284144
137,86,1.5581913,340.099,-1.5581913,13,0.14455657577602427,0.14130444035471165
137,87,1.5581913,340.099,-1.5581913,14,0.13776380881012162,0.12970912320089867
137,88,1.5581913,340.099,-1.5581913,15,0.11976485856015266,0.11482157960473609
137,89,1.5581913,340.099,-1.5581913,16,0.16514802523261107,0.16100392191615998
137,90,1.5581913,340.099,-1.5581913,17,0.1391239552886946,0.12847424291077786
137,91,1.5581913,340.099,-1.5581913,18,0.12518382660778568,0.11573717787342996
137,92,1.5581913,340.099,-1.5581913,19,0.12323587959536676,0.12039228377791505
137,93,1.5581913,340.099,-1.5581913,20,0.11695495949657059,0.10628820080118581
137,94,1.5581913,340.099,-1.5581913,21,0.12235037777115597,0.11546918170666733
137,95,1.5581913,340.099,-1.5581913,22,0.14331734184148298,0.13626152551793877
137,96,1.5581913,340.099,-1.5581913,23,0.13476800042578826,0.12493069913838843
137,97,1.5581913,340.099,-1.5581913,24,0.14126875494509233,0.13779709484849575
137,98,1.5581913,340.099,-1.5581913,25,0.11592584367835446,0.10711391106968635
137,99,1.5581913,340.099,-1.5581913,26,0.1470626516194224,0.13373612968698917
137,100,1.5581913,340.099,-1.5581913,27,0.15217894824002018,0.14086789498991734
137,101,1.5581913,340.099,-1.5581913,28,0.15117468700406828,0.14368921802366014
137,102,1.5581913,340.099,-1.5581913,29,0.15015359214540755,0.13455117209501063
137,103,1.5581913,340.099,-1.5581913,30,0.1588146343794459,0.14897817959433787
137,104,1.5581913,340.099,-1.5581913,31,0.12403245462165094,0.1185102183298312
137,105,1.5581913,340.099,-1.5581913,32,0.12322016729029871,0.11714857295086172
137,106,1.5581913,340.099,-1.5581913,33,0.14779050415987469,0.1403679895106039
137,107,1.5581913,340.099,-1.5581913,34,0.13345336495750248,0.12397167363789723
137,108,1.5581913,340.099,-1.5581913,35,0.13481550225338154,0.12246238858041837
137,109,1.5581913,340.099,-1.5581913,36,0.14548480928129087,0.1334245209887937
137,110,1.5581913,340.099,-1.5581913,37,0.12905918457151996,0.12194860794156685
137,111,1.5581913,340.099,-1.5581913,38,0.12965504248954834,0.12299131964355758
137,112,1.5581913,340.099,-1.5581913,39,0.13384991835782675,0.1261209472157389
137,113,1.5581913,340.099,-1.5581913,40,0.13843623467041105,0.1275420280492103
137,114,1.5581913,340.099,-1.5581913,41,0.11300272850960058,0.10822347208571782
137,115,1.5581913,340.099,-1.5581913,42,0.10757505679412784,0.09870039233310417
137,116,1.5581913,340.099,-1.5581913,43,0.1360902091054931,0.1343758858159001
137,117,1.5581913,340.099,-1.5581913,44,0.14103371182578336,0.1393536593969486
137,118,1.5581913,340.099,-1.5581913,45,0.15417136455448907,0.1467663322573232
137,119,1.5581913,340.099,-1.5581913,46,0.1539518819498936,0.14255915443499279
137,120,1.5581913,340.099,-1.5581913,47,0.1648275401540664,0.15052596847972022
137,121,1.5581913,340.099,-1.5581913,48,0.15511039769213913,0.14658983380110047
137,122,1.5581913,340.099,-1.5581913,49,0.14357958332344,0.13708544814597357
137,123,1.5581913,340.099,-1.5581913,50,0.1264121510763808,0.11743747194917542
137,124,1.5581913,340.099,-1.5581913,51,0.12443929171196573,0.1135980778806977
137,125,1.5581913,340.099,-1.5581913,52,0.13062137092546994,0.12404508106836745
137,126,1.5581913,340.099,-1.5581913,53,0.11458022594493793,0.10808732475751379
137,127,1.5581913,340.099,-1.5581913,54,0.11073561565768975,0.10805064137264532
137,128,1.5581913,340.099,-1.5581913,55,0.1081419742554471,0.09780319452765936
137,129,1.5581913,340.099,-1.5581913,56,0.11429242069062084,0.10061183337361958
137,130,1.5581913,340.099,-1.5581913,57,0.1511236874027882,0.14373173830805677
137,131,1.5581913,340.099,-1.5581913,58,0.14985165254804558,0.14226143894698612
137,132,1.5581913,340.099,-1.5581913,59,0.14163551731800575,0.13418314900790757
137,133,1.5581913,340.099,-1.5581913,60,0.1422196052776557,0.12970366617596832
137,134,1.5581913,340.099,-1.5581913,61,0.15567569643362814,0.15198894546548572
137,135,1.5581913,340.099,-1.5581913,62,0.1657723750908228,0.15590834931982628
137,136,1.5581913,340.099,-1.5581913,63,0.14162874697375116,0.13072760793833016
137,137,1.5581913,340.099,-1.5581913,64,0.1565517902348808,0.14611274193942458
137,138,1.5581913,340.099,-1.5581913,65,0.1535347327607071,0.1404134184003836
137,139,1.5581913,340.099,-1.5581913,66,0.16631374349329278,0.15086247098574468
137,140,1.5581913,340.099,-1.5581913,67,0.17161602596223113,0.16380285888459237
137,141,1.5581913,340.099,-1.5581913,68,0.16380913846528014,0.15476241826407144
137,142,1.5581913,340.099,-1.5581913,69,0.13819478356522644,0.13443438587343803
137,143,1.5581913,340.099,-1.5581913,70,0.1380418332069207,0.14103282143855725
137,144,1.5581913,340.099,-1.5581913,71,0.11076805343254284,0.10688057842304724
137,145,1.5581913,340.099,-1.5581913,72,0.0887863246269205,0.0818363391876553
137,146,1.5581913,340.099,-1.5581913,73,0.10964874427009577,0.09952737034217335
137,147,1.5581913,340.099,-1.5581913,74,0.12847991922533905,0.11950268526288324
137,148,1.5581913,340.099,-1.5581913,75,0.1498937566685604,0.13733055934500715
137,149,1.5581913,340.099,-1.5581913,76,0.12449230504736554,0.11549846446282791
137,150,1.5581913,340.099,-1.5581913,77,0.13449693568935386,0.12663834578979996
137,151,1.5581913,340.099,-1.5581913,78,0.11805639075019482,0.10820305433254257
137,152,1.5581913,340.099,-1.5581913,79,0.1556860106056369,0.14378495559545826
137,153,1.5581913,340.099,-1.5581913,80,0.1320805727961556,0.12702307982085506
137,154,1.5581913,340.099,-1.5581913,81,0.1503062805544488,0.1383844436613455
137,155,1.5581913,340.099,-1.5581913,82,0.16326611782030084,0.1496485518622966
137,156,1.5581913,340.099,-1.5581913,83,0.14746920924974255,0.13749112439132855
137,157,1.5581913,340.099,-1.5581913,84,0.13041038030370608,0.1262919705657417
137,158,1.5581913,340.099,-1.5581913,85,0.1344594681910945,0.12149540556353224
137,159,1.5581913,340.099,-1.5581913,86,0.14189516075358544,0.13483742360743195
137,160,1.5581913,340.099,-1.5581913,87,0.11381956300203085,0.10566271966638997
137,161,1.5581913,340.099,-1.5581913,88,0.11799856252097202,0.11191806289697688
137,162,1.5581913,340.099,-1.5581913,89,0.15366019404637762,0.14741588436285646
137,163,1.5581913,340.099,-1.5581913,90,0.1520613940977649,0.14381449338583413
137,164,1.5581913,340.099,-1.5581913,91,0.15343512813823604,0.13726613857654893
137,165,1.5581913,340.099,-1.5581913,92,0.12966064136201844,0.11669019768423021
137,166,1.5581913,340.099,-1.5581913,93,0.14513711031595813,0.1299437498220285
137,167,1.5581913,340.099,-1.5581913,94,0.1405339181415949,0.12291916054646934
137,168,1.5581913,340.099,-1.5581913,95,0.1388177824863986,0.1266572004424811
137,169,1.5581913,340.099,-1.5581913,96,0.09454315557047668,0.08197645129897337
137,170,1.5581913,340.099,-1.5581913,97,0.09196763461319818,0.08648456738956604
137,171,1.5581913,340.099,-1.5581913,98,0.1085626031570473,0.10325974498439768
137,172,1.5581913,340.099,-1.5581913,99,0.1347037575337713,0.1225956168209634
137,173,1.5581913,340.099,-1.5581913,100,0.13418667324600916,0.12966536362346787
137,174,1.5581913,340.099,-1.5581913,101,0.13046786539720034,0.12924997574914032
137,175,1.5581913,340.099,-1.5581913,102,0.1449884110235614,0.13900780336626434
137,176,1.5581913,340.099,-1.5581913,103,0.16031190476749024,0.15403647909695783
137,177,1.5581913,340.099,-1.5581913,104,0.1350037216727013,0.13122618437420352
137,178,1.5581913,340.099,-1.5581913,105,0.18571407320931946,0.1816862498461965
137,179,1.5581913,340.099,-1.5581913,106,0.15802699288183525,0.15307334795376404
137,180,1.5581913,340.099,-1.5581913,107,0.12288821678645592,0.11699807920077353
137,181,1.5581913,340.099,-1.5581913,108,0.13803168836176005,0.1285449295685311
137,182,1.5581913,340.099,-1.5581913,109,0.1280144236581009,0.12466706757966631
137,183,1.5581913,340.099,-1.5581913,110,0.12199144527995402,0.11217772790208234
137,184,1.5581913,340.099,-1.5581913,111,0.16058683934368673,0.14701493804997087
137,185,1.5581913,340.099,-1.5581913,112,0.1637399008799972,0.1606100316924164
137,186,1.5581913,340.099,-1.5581913,113,0.1515150844309841,0.14143314496661935
137,187,1.5581913,340.099,-1.5581913,114,0.142576866419891,0.1263962926456552
137,188,1.5581913,340.099,-1.5581913,115,0.1664564803869431,0.15257736811662564
137,189,1.5581913,340.099,-1.5581913,116,0.12558906297683134,0.12140433646548571
137,190,1.5581913,340.099,-1.5581913,117,0.13610114602633364,0.13473653131358104
137,191,1.5581913,340.099,-1.5581913,118,0.12951727374486927,0.12796231624204407
137,192,1.5581913,340.099,-1.5581913,119,0.11674269754371365,0.1124280921421512
137,193,1.5581913,340.099,-1.5581913,120,0.12145009818004866,0.12037706667420789
137,194,1.5581913,340.099,-1.5581913,121,0.12043612014285969,0.1165175482875421
137,195,1.5581913,340.099,-1.5581913,122,0.14329640666691762,0.13033697594021282
137,196,1.5581913,340.099,-1.5581913,123,0.14895704185880235,0.13781278971398173
137,197,1.5581913,340.099,-1.5581913,124,0.1399993591615664,0.13742913253855
137,198,1.5581913,340.099,-1.5581913,125,0.13738861542610423,0.127617876214857
137,199,1.5581913,340.099,-1.5581913,126,0.13400794003864475,0.12109025578752368
137,200,1.5581913,340.099,-1.5581913,127,0.13203052233483656,0.12454290439405283
137,201,1.5581913,340.099,-1.5581913,128,0.11790318180559498,0.11458783453930427
137,202,1.5581913,340.099,-1.5581913,129,0.1438818153714669,0.13383098886724273
137,203,1.5581913,340.099,-1.5581913,130,0.16185798134271687,0.14734948213526827
137,204,1.5581913,340.099,-1.5581913,131,0.1600283032647486,0.1431250314220494
137,205,1.5581913,340.099,-1.5581913,132,0.1535956067878349,0.13657788824947453
137,206,1.5581913,340.099,-1.5581913,133,0.14013128272403022,0.12905777794099377
137,207,1.5581913,340.099,-1.5581913,134,0.11276691538647182,0.10590021254436362
137,208,1.5581913,340.099,-1.5581913,135,0.11128433135573754,0.10410457665978842
137,209,1.5581913,340.099,-1.5581913,136,0.12421221505680981,0.11089984616744905
137,210,1.5581913,340.099,-1.5581913,137,0.1213375169061497,0.11443922896608567
137,211,1.5581913,340.099,-1.5581913,138,0.12393821284592128,0.11210606172573902
137,212,1.5581913,340.099,-1.5581913,139,0.11344686839731276,0.10343446823590324
137,213,1.5581913,340.099,-1.5581913,140,0.11500782781462354,0.10422689117514136
137,214,1.5581913,340.099,-1.5581913,141,0.13183455796257784,0.12374159937078667
137,215,1.5581913,340.099,-1.5581913,142,0.14768457002080895,0.13775243829674155
137,216,1.5581913,340.099,-1.5581913,143,0.13015682453483085,0.12373077161276552
137,217,1.5581913,340.099,-1.5581913,144,0.13240453231620705,0.12530477504429843
137,218,1.5581913,340.099,-1.5581913,145,0.1479472784816302,0.13838234338875463
137,219,1.5581913,340.099,-1.5581913,146,0.1803435772768882,0.1636137028510384
137,220,1.5581913,340.099,-1.5581913,147,0.1316230328696557,0.12182745503390813
137,221,1.5581913,340.099,-1.5581913,148,0.14823824862195392,0.13818330442605992
137,222,1.5581913,340.099,-1.5581913,149,0.1838337429056558,0.177675147635322
137,223,1.5581913,340.099,-1.5581913,150,0.12310999950469009,0.11014845870290402
137,224,1.5581913,340.099,-1.5581913,151,0.13695550100044854,0.13335749210031925
137,225,1.5581913,340.099,-1.5581913,152,0.09884127503451993,0.09092331841007807
137,226,1.5581913,340.099,-1.5581913,153,0.10811342791870744,0.10210313373955379
137,227,1.5581913,340.099,-1.5581913,154,0.1390861152150429,0.13346033411754907
137,228,1.5581913,340.099,-1.5581913,155,0.13355992976116465,0.1266901024590647
137,229,1.5581913,340.099,-1.5581913,156,0.15929952325796684,0.15345400065549838
137,230,1.5581913,340.099,-1.5581913,157,0.1404256278999137,0.12968666946088392
137,231,1.5581913,340.099,-1.5581913,158,0.14389185628942328,0.1345384490968308
137,232,1.5581913,340.099,-1.5581913,159,0.1517930517230854,0.13422109616260433
137,233,1.5581913,340.099,-1.5581913,160,0.17743822851422134,0.16542952427240568
137,234,1.5581913,340.099,-1.5581913,161,0.11851618110499748,0.10929943051322391
137,235,1.5581913,340.099,-1.5581913,162,0.12128997516244297,0.10723353977144359
137,236,1.5581913,340.099,-1.5581913,163,0.14058530363652333,0.1355877696683348
137,237,1.5581913,340.099,-1.5581913,164,0.1440771172089162,0.13660230407663854
137,238,1.5581913,340.099,-1.5581913,165,0.11748344609161698,0.11055467178569094
137,239,1.5581913,340.099,-1.5581913,166,0.12638504837668424,0.11309475217127186
137,240,1.5581913,340.099,-1.5581913,167,0.11587364693400015,0.11652865082589912
137,241,1.5581913,340.099,-1.5581913,168,0.11559900894147343,0.10717926617154916
137,242,1.5581913,340.099,-1.5581913,169,0.11517043872144271,0.10880796568724452
137,243,1.5581913,340.099,-1.5581913,170,0.15120722774555498,0.14544808278216223
137,244,1.5581913,340.099,-1.5581913,171,0.16869349783607313,0.1680335777284283
137,245,1.5581913,340.099,-1.5581913,172,0.17524060101201996,0.17016136562214834
137,246,1.5581913,340.099,-1.5581913,173,0.17134123656052125,0.16808789077095193
137,247,1.5581913,340.099,-1.5581913,174,0.11799340363959272,0.1076925250001924
137,248,1.5581913,340.099,-1.5581913,175,0.1259310222732612,0.11907782139414194
137,249,1.5581913,340.099,-1.5581913,176,0.11683321033044364,0.10874610557613995
271,0,1.8502135,339.45682,-1.8502135,0,1.7563051280677373,1.754673198504285
271,1,1.8160658,321.76956,-1.8160658,0,1.6822296035066797,1.6709800299887778
271,2,1.7883804,304.08978,-1.7883804,0,1.511273053894933,1.4871662101568794
271,3,1.7419045,310.7046,-1.7419045,0,1.409667525383346,1.3828318907286765
271,4,1.7090212,319.4354,-1.7090212,0,1.3296711249680309,1.3047959928289834
271,5,1.7090212,319.4354,-1.7090212,1,1.2494347050216232,1.2267953520446626
271,6,1.6929373,308.85944,-1.6929373,0,1.1648614254720524,1.1438024317311275
271,7,1.669444,303.11343,-1.669444,0,1.1458698869318584,1.1348267701200327
271,8,1.6454856,310.52887,-1.6454856,0,1.0833356540347148,1.0745234781791477
271,9,1.6379104,306.7856,-1.6379104,0,0.9892970831394302,0.9782941557778575
271,10,1.6379104,306.7856,-1.6379104,1,0.9358041661776669,0.9324246903649299
271,11,1.6202948,314.30927,-1.6202948,0,0.9466748028350183,0.9314093767872722
271,12,1.6180241,305.7862,-1.6180241,0,0.90879974607041,0.8847897946612068
271,13,1.593037,299.21698,-1.593037,0,0.8513148920461804,0.8298538377578872
271,14,1.593037,299.21698,-1.593037,1,0.8291236479822857,0.811758965371898
271,15,1.593037,299.21698,-1.593037,2,0.7740895296683111,0.7425786578062388
271,16,1.593037,299.21698,-1.593037,3,0.7387608563205541,0.7127452550088813
271,17,1.5677093,306.7867,-1.5677093,0,0.7034278450972556,0.6764658574211332
271,18,1.5677093,306.7867,-1.5677093,1,0.6618540321231078,0.6336327290336912
271,19,1.5677093,306.7867,-1.5677093,2,0.6058899948396841,0.5728522307976606
271,20,1.5418272,313.39716,-1.5418272,0,0.5571591001431949,0.5180618162300251
271,21,1.5418272,313.39716,-1.5418272,1,0.5062741409868702,0.4553951141543662
271,22,1.5127554,306.74692,-1.5127554,0,0.4900704017759471,0.43534278136576227
271,23,1.5127554,306.74692,-1.5127554,1,0.4571495731942953,0.4140218597814589
271,24,1.5127554,306.74692,-1.5127554,2,0.4224533558904823,0.3834015017184247
271,25,1.5059636,304.99124,-1.5059636,0,0.3728958725014969,0.33745389086814265
271,26,1.4961809,302.36066,-1.4961809,0,0.33598642677395246,0.30292155469501414
271,27,1.4816089,300.84073,-1.4816089,0,0.33012005337103717,0.2957994743246999
271,28,1.4816089,300.84073,-1.4816089,1,0.32871678917974173,0.29657127593371496
271,29,1.4747401,302.26923,-1.4747401,0,0.30755698144175425,0.27309366673276103
271,30,1.4698846,298.7826,-1.4698846,0,0.3056824105155748,0.2743752535141543
271,31,1.4698846,298.7826,-1.4698846,1,0.2941975368765655,0.26245445175314913
271,32,1.4698846,298.7826,-1.4698846,2,0.29310631253173747,0.2605958130787079
271,33,1.4657066,301.36856,-1.4657066,0,0.26397883406720707,0.2327530506679863
271,34,1.4657066,301.36856,-1.4657066,1,0.2368780099048077,0.2142659562634067
271,35,1.4642687,299.52576,-1.4642687,0,0.23449972327449495,0.21806095642485201
271,36,1.4621298,299.7968,-1.4621298,0,0.20720689472546247,0.19976931735421552
271,37,1.4621298,299.7968,-1.4621298,1,0.22592827666932297,0.22150177531270274
271,38,1.4621298,299.7968,-1.4621298,2,0.2186384006958335,0.22369623382341897
271,39,1.4621298,299.7968,-1.4621298,3,0.22843405623320193,0.22165211251827863
271,40,1.4621298,299.7968,-1.4621298,4,0.2311074682023514,0.23324560549772924
271,41,1.4612963,299.84872,-1.4612963,0,0.21911357254506744,0.21584331086168007
271,42,1.4612963,299.84872,-1.4612963,1,0.21133667809053025,0.20599295020528086
271,43,1.4612963,299.84872,-1.4612963,2,0.19226022354977412,0.18569669849166232
271,44,1.4531265,300.13693,-1.4531265,0,0.19198955125859427,0.17393943072743417
271,45,1.4531265,300.13693,-1.4531265,1,0.1961451923191578,0.18542522712204315
271,46,1.4531265,300.13693,-1.4531265,2,0.18061824600799242,0.16593708557023854
271,47,1.4531265,300.13693,-1.4531265,3,0.16389515314290992,0.1501200908547079
271,48,1.4530106,300.02432,-1.4530106,0,0.17021615506900203,0.15831914292923985
271,49,1.4530106,300.02432,-1.4530106,1,0.16811726522043183,0.1530173754894292
271,50,1.4530106,300.02432,-1.4530106,2,0.18191811022542007,0.16997365357421
271,51,1.4521891,299.76514,-1.4521891,0,0.1561235459873111,0.1514835095939952
271,52,1.4521891,299.76514,-1.4521891,1,0.14611703733005393,0.13839115632521498
271,53,1.4521891,299.76514,-1.4521891,2,0.15767622162888748,0.14918986854051905
271,54,1.4521891,299.76514,-1.4521891,3,0.17306851352668798,0.1609744675383826
271,55,1.4521891,299.76514,-1.4521891,4,0.17637111521874796,0.15519797487819123
271,56,1.4521891,299.76514,-1.4521891,5,0.14133150695433405,0.12155688113525841
271,57,1.4521891,299.76514,-1.4521891,6,0.19177616078025447,0.1712426485673834
271,58,1.4521891,299.76514,-1.4521891,7,0.16451685475609212,0.15151163137597606
271,59,1.4521891,299.76514,-1.4521891,8,0.14716773162287386,0.13066588633708637
271,60,1.4519985,299.34824,-1.4519985,0,0.15609672657882298,0.14854948657959557
271,61,1.4519985,299.34824,-1.4519985,1,0.15302765362386686,0.1498543468988962
271,62,1.4519985,299.34824,-1.4519985,2,0.1385441921758549,0.12666835208833208
271,63,1.4519985,299.34824,-1.4519985,3,0.139943897871129,0.13241909232312563
271,64,1.4519985,299.34824,-1.4519985,4,0.14705103342020634,0.14313427668829093
271,65,1.4514383,299.59848,-1.4514383,0,0.1495229027365736,0.14663488928915683
271,66,1.4514383,299.59848,-1.4514383,1,0.1482802934092328,0.14405607363975925
271,67,1.4514383,299.59848,-1.4514383,2,0.15303075339454497,0.14969630749395726
271,68,1.4514383,299.59848,-1.4514383,3,0.14530754280716934,0.15257030129422974
271,69,1.4514383,299.59848,-1.4514383,4,0.17029813129574636,0.16839384571274993
271,70,1.4514383,299.59848,-1.4514383,5,0.1516425299637243,0.1472398074997084
271,71,1.4514383,299.59848,-1.4514383,6,0.17534960929533847,0.1631129014855535
271,72,1.4514383,299.59848,-1.4514383,7,0.1828069824913534,0.17663001300540407
271,73,1.4514383,299.59848,-1.4514383,8,0.1712863214505192,0.16294983899071133
271,74,1.4514383,299.59848,-1.4514383,9,0.14982077086905668,0.13773184934922883
271,75,1.4514383,299.59848,-1.4514383,10,0.1621422258217314,0.15154640777802214
271,76,1.4498236,300.03983,-1.4498236,0,0.1509391308549047,0.14254763974575407
271,77,1.4498236,300.03983,-1.4498236,1,0.15045849896132082,0.1410293663814431
271,78,1.4493655,300.13428,-1.4493655,0,0.16155877417865988,0.15831305026600503
271,79,1.4493655,300.13428,-1.4493655,1,0.1765891919171514,0.17104474366207617
271,80,1.4493655,300.13428,-1.4493655,2,0.16916202841722086,0.16038475105414188
271,81,1.4493655,300.13428,-1.4493655,3,0.1762787294269502,0.16135450775590293
271,82,1.4493655,300.13428,-1.4493655,4,0.20339422420769923,0.19809186498941106
271,83,1.4493655,300.13428,-1.4493655,5,0.18194006660620615,0.16840274960842072
271,84,1.4493655,300.13428,-1.4493655,6,0.17470783859584427,0.16560080667226346
271,85,1.4493655,300.13428,-1.4493655,7,0.1626389299138802,0.14741255354294908
271,86,1.4493655,300.13428,-1.4493655,8,0.13871768515677227,0.12933966548755504
271,87,1.4493655,300.13428,-1.4493655,9,0.17765849617861046,0.163291504380182
271,88,1.4493655,300.13428,-1.4493655,10,0.17057985398637998,0.1647610403742896
271,89,1.4493655,300.13428,-1.4493655,11,0.17282772296456425,0.1598307034750267
271,90,1.4493655,300.13428,-1.4493655,12,0.1672907092469546,0.1557986602158985
271,91,1.4488788,300.35608,-1.4488788,0,0.1556606012743033,0.1403203966448093
271,92,1.4488788,300.35608,-1.4488788,1,0.1385224103070965,0.1305470971055013
271,93,1.4488788,300.35608,-1.4488788,2,0.14136501872655668,0.13539677065604647
271,94,1.4488788,300.35608,-1.4488788,3,0.1271718340058701,0.1188929120985218
271,95,1.4488788,300.35608,-1.4488788,4,0.16226939658962874,0.14962350146740955
271,96,1.4488788,300.35608,-1.4488788,5,0.15470174279927912,0.13879497311792965
271,97,1.4488788,300.35608,-1.4488788,6,0.1700521051781231,0.15417847524544176
271,98,1.4488788,300.35608,-1.4488788,7,0.17728294208651002,0.16140833176231154
271,99,1.4488788,300.35608,-1.4488788,8,0.14511613859001776,0.13091952686707403
271,100,1.4488788,300.35608,-1.4488788,9,0.13122437913338264,0.12088571670167067
271,101,1.4488788,300.35608,-1.4488788,10,0.12016232819914088,0.11182758728169608
271,102,1.4488788,300.35608,-1.4488788,11,0.138616399121157,0.13466206285877283
271,103,1.4488788,300.35608,-1.4488788,12,0.13216133289654292,0.12401634470855281
271,104,1.4488788,300.35608,-1.4488788,13,0.14152319881560302,0.131421757943271
271,105,1.4488788,300.35608,-1.4488788,14,0.13330113191220294,0.12985187680374652
271,106,1.4488788,300.35608,-1.4488788,15,0.12908040943255802,0.12571813047763597
271,107,1.4488788,300.35608,-1.4488788,16,0.14881803122667248,0.14121984087650913
271,108,1.4488788,300.35608,-1.4488788,17,0.11524663304396289,0.09979380049884702
271,109,1.4488788,300.35608,-1.4488788,18,0.11234433444072436,0.10859859851083717
271,110,1.4488788,300.35608,-1.4488788,19,0.10646838346041713,0.10186651644474655
271,111,1.4488788,300.35608,-1.4488788,20,0.11693841142671105,0.11402944334781426
271,112,1.4488788,300.35608,-1.4488788,21,0.11785084900866707,0.10744098918661407
271,113,1.4488788,300.35608,-1.4488788,22,0.13847569566391868,0.12718442533140828
271,114,1.4488788,300.35608,-1.4488788,23,0.15055372204533143,0.14435586077724488
271,115,1.4488788,300.35608,-1.4488788,24,0.1450097755419951,0.14365531050351157
271,116,1.4488788,300.35608,-1.4488788,25,0.12073607752233166,0.11302056070775661
271,117,1.4488788,300.35608,-1.4488788,26,0.16555419125496978,0.16282670448422631
271,118,1.4488788,300.35608,-1.4488788,27,0.1783555421957454,0.17348615885206095
271,119,1.4488788,300.35608,-1.4488788,28,0.1539934991800904,0.14373574242340162
271,120,1.4488788,300.35608,-1.4488788,29,0.15137171635618465,0.13757480916291073
271,121,1.4488788,300.35608,-1.4488788,30,0.15043607915086094,0.14221374721877203
271,122,1.4488788,300.35608,-1.4488788,31,0.16240933569956445,0.15023289156535238
271,123,1.4488788,300.35608,-1.4488788,32,0.1425621113921709,0.13322050521207873
271,124,1.4488788,300.35608,-1.4488788,33,0.150726419396975,0.14744504176248693
271,125,1.4488788,300.35608,-1.4488788,34,0.15625015207375803,0.14909934200649422
271,126,1.4488788,300.35608,-1.4488788,35,0.17853131982316264,0.16296420741979273
271,127,1.4488788,300.35608,-1.4488788,36,0.1239695756180798,0.12397853533187099
271,128,1.4488788,300.35608,-1.4488788,37,0.12323628473625355,0.11758073018019122
271,129,1.4488788,300.35608,-1.4488788,38,0.12199713841815703,0.11742701817460262
271,130,1.4488788,300.35608,-1.4488788,39,0.13614870389668435,0.1332008024493586
271,131,1.4488788,300.35608,-1.4488788,40,0.13944112119229468,0.13371491827377538
271,132,1.4488788,300.35608,-1.4488788,41,0.13448800727134902,0.12837959832020013
271,133,1.4488788,300.35608,-1.4488788,42,0.12134759284149077,0.11823835906349803
271,134,1.4488788,300.35608,-1.4488788,43,0.1484442022638264,0.1416001919507945
271,135,1.4488788,300.35608,-1.4488788,44,0.1223350066188567,0.11659504769336108
271,136,1.4488788,300.35608,-1.4488788,45,0.11600529455465469,0.10780666950236262
271,137,1.4488788,300.35608,-1.4488788,46,0.13496692749320904,0.12710655184850625
271,138,1.4488788,300.35608,-1.4488788,47,0.17060813160514404,0.16303321874549118
271,139,1.4488788,300.35608,-1.4488788,48,0.17449588129431606,0.1657165195351694
271,140,1.4488788,300.35608,-1.4488788,49,0.1482798164479869,0.14377049067488107
271,141,1.4488788,300.35608,-1.4488788,50,0.13595207833434478,0.1297789266202927
271,142,1.4488788,300.35608,-1.4488788,51,0.1300568068697805,0.12291011649015683
271,143,1.4488788,300.35608,-1.4488788,52,0.12550494659040015,0.1209185508915548
271,144,1.4488788,300.35608,-1.4488788,53,0.13118580253340775,0.1250271643028006
271,145,1.4488788,300.35608,-1.4488788,54,0.12956217420505053,0.12420965644990617
271,146,1.4488788,300.35608,-1.4488788,55,0.13929811730156935,0.13160879076564708
271,147,1.4488788,300.35608,-1.4488788,56,0.15126526757531814,0.15504451861449292
271,148,1.4488788,300.35608,-1.4488788,57,0.1544041174513472,0.15352061328617428
271,149,1.4488788,300.35608,-1.4488788,58,0.14890879998295967,0.13519643902924575
271,150,1.4488788,300.35608,-1.4488788,59,0.14828592856837475,0.1382371368213945
271,151,1.4488788,300.35608,-1.4488788,60,0.1382847756263987,0.13149380726713372
271,152,1.4488788,300.35608,-1.4488788,61,0.14195610127413447,0.1403245944077404
271,153,1.4488788,300.35608,-1.4488788,62,0.15792248781907564,0.15206159179691808
271,154,1.4488788,300.35608,-1.4488788,63,0.19455478200018717,0.18641358152332224
271,155,1.4488788,300.35608,-1.4488788,64,0.15922593154038528,0.14947136335208494
271,156,1.4488788,300.35608,-1.4488788,65,0.13816415658470435,0.13808796398778114
271,157,1.4488788,300.35608,-1.4488788,66,0.12642706402161238,0.12208948333526816
271,158,1.4488788,300.35608,-1.4488788,67,0.12373226280887079,0.11551964258659782
271,159,1.4488788,300.35608,-1.4488788,68,0.11763844569845996,0.11432466877318398
271,160,1.4488788,300.35608,-1.4488788,69,0.1282688666277958,0.12149194119391939
271,161,1.4488788,300.35608,-1.4488788,70,0.11762817173476588,0.11093000854829174
271,162,1.4488788,300.35608,-1.4488788,71,0.10595109237250536,0.09930610077335932
271,163,1.4488788,300.35608,-1.4488788,72,0.09950497485921657,0.09447577452035509
271,164,1.4488788,300.35608,-1.4488788,73,0.13024646822618885,0.1250849682741511
271,165,1.4488788,300.35608,-1.4488788,74,0.13732559378514655,0.13088633581549394
271,166,1.4488788,300.35608,-1.4488788,75,0.15041728988954026,0.14155987197415285
271,167,1.4488788,300.35608,-1.4488788,76,0.12286212491991381,0.11512760973701383
271,168,1.4488788,300.35608,-1.4488788,77,0.10267568026789364,0.09594695898244629
271,169,1.4488788,300.35608,-1.4488788,78,0.12797286113684445,0.12852403038427623
271,170,1.4488788,300.35608,-1.4488788,79,0.14415033371411337,0.13696374576166329
271,171,1.4488788,300.35608,-1.4488788,80,0.13681372127047717,0.12913515308790866
271,172,1.4488788,300.35608,-1.4488788,81,0.14425319703980932,0.14065621663140046
271,173,1.4488788,300.35608,-1.4488788,82,0.1371762778811415,0.13804856200300883
271,174,1.4488788,300.35608,-1.4488788,83,0.14855419224939756,0.15081876885777432
271,175,1.4488788,300.35608,-1.4488788,84,0.16360868860758107,0.15697375021305596
271,176,1.4488788,300.35608,-1.4488788,85,0.14358088617462977,0.13785339411225603
271,177,1.4488788,300.35608,-1.4488788,86,0.1409690396092067,0.13415600487029575
271,178,1.4488788,300.35608,-1.4488788,87,0.12998195809294952,0.11966068072822697
271,179,1.4488788,300.35608,-1.4488788,88,0.15422858005570617,0.1446019159778735
271,180,1.4488788,300.35608,-1.4488788,89,0.12187528877869565,0.11550414165567086
271,181,1.4488788,300.35608,-1.4488788,90,0.15215061619932485,0.14429346705078525
271,182,1.4488788,300.35608,-1.4488788,91,0.1605437792353253,0.15867402580772136
271,183,1.4488788,300.35608,-1.4488788,92,0.14220436918089888,0.13877929853593174
271,184,1.4488788,300.35608,-1.4488788,93,0.18525662254486205,0.16885180461134658
271,185,1.4488788,300.35608,-1.4488788,94,0.17721683796486595,0.1764691724865873
271,186,1.4488788,300.35608,-1.4488788,95,0.15207235591635032,0.1375831230272331
271,187,1.4488788,300.35608,-1.4488788,96,0.14897631626811378,0.1429015935628835
271,188,1.4488788,300.35608,-1.4488788,97,0.17129331559535485,0.1583040293683175
271,189,1.4488788,300.35608,-1.4488788,98,0.17436870676295765,0.16576884185827798
271,190,1.4488788,300.35608,-1.4488788,99,0.13782716019137167,0.12717285339087303
271,191,1.4488788,300.35608,-1.4488788,100,0.16275310956952446,0.14453744229393034
271,192,1.4488788,300.35608,-1.4488788,101,0.16147827116076602,0.15406198198042312
271,193,1.4488788,300.35608,-1.4488788,102,0.15834004688989284,0.1438977897761503
271,194,1.4488788,300.35608,-1.4488788,103,0.15280185017440362,0.13886620127881807
271,195,1.4488788,300.35608,-1.4488788,104,0.15559733285217336,0.1412259651790062
271,196,1.4488788,300.35608,-1.4488788,105,0.13426039385649155,0.13024848487347307
271,197,1.4488788,300.35608,-1.4488788,106,0.17882066849678524,0.1678152826775049
271,198,1.4488788,300.35608,-1.4488788,107,0.15533890514049056,0.14194199511800368
271,199,1.4488788,300.35608,-1.4488788,108,0.14066354374056061,0.13538546039201982
271,200,1.4488788,300.35608,-1.4488788,109,0.15786599147888697,0.1438327405913139
271,201,1.4488788,300.35608,-1.4488788,110,0.15518935514918372,0.1527790302767224
271,202,1.4488788,300.35608,-1.4488788,111,0.11127916165249073,0.10826507770515237
271,203,1.4488788,300.35608,-1.4488788,112,0.14062162754471338,0.12974287961535821
271,204,1.4488788,300.35608,-1.4488788,113,0.16004541969727618,0.15104592535847483
271,205,1.4488788,300.35608,-1.4488788,114,0.15131369353625013,0.13821823623858398
271,206,1.4488788,300.35608,-1.4488788,115,0.1374984197976732,0.13911121949276828
271,207,1.4488788,300.35608,-1.4488788,116,0.1760410590768212,0.16545405637921598
271,208,1.4488788,300.35608,-1.4488788,117,0.1571786262520836,0.15646226426369944
271,209,1.4488788,300.35608,-1.4488788,118,0.14358057257055182,0.1314725029217707
271,210,1.4488788,300.35608,-1.4488788,119,0.15294769957454812,0.1438875157497252
271,211,1.4488788,300.35608,-1.4488788,120,0.13205006191525498,0.12259123699578912
271,212,1.4488788,300.35608,-1.4488788,121,0.1320488237206345,0.11858996750955633
271,213,1.4488788,300.35608,-1.4488788,122,0.15700405021485697,0.14891542923597068
271,214,1.4488788,300.35608,-1.4488788,123,0.11700190022117805,0.1138763960301695
271,215,1.4488788,300.35608,-1.4488788,124,0.1280683549321192,0.1203903429462313
271,216,1.4488788,300.35608,-1.4488788,125,0.1515363092920222,0.14252911815765038
271,217,1.4488788,300.35608,-1.4488788,126,0.15998091918381546,0.1466579782765723
271,218,1.4488788,300.35608,-1.4488788,127,0.14165619783094743,0.13744553441201374
271,219,1.4488788,300.35608,-1.4488788,128,0.15800751359670448,0.15054881272405085
271,220,1.4488788,300.35608,-1.4488788,129,0.15067523567953592,0.1408956981697804
271,221,1.4488788,300.35608,-1.4488788,130,0.13880153435975778,0.13584921743250836
271,222,1.4488788,300.35608,-1.4488788,131,0.11450595372832406,0.10864508966553699
271,223,1.4488788,300.35608,-1.4488788,132,0.14567430109911306,0.13676142489746945
271,224,1.4488788,300.35608,-1.4488788,133,0.1258524309646221,0.11797275696333646
271,225,1.4488788,300.35608,-1.4488788,134,0.14512967706707058,0.13684546035397147
271,226,1.4488788,300.35608,-1.4488788,135,0.17906233951427422,0.1670617876857045
271,227,1.4488788,300.35608,-1.4488788,136,0.1290501270349817,0.12489213197053134
271,228,1.4488788,300.35608,-1.4488788,137,0.12847997415865522,0.12343241348073893
271,229,1.4488788,300.35608,-1.4488788,138,0.16517147813077082,0.1573151481326707
271,230,1.4488788,300.35608,-1.4488788,139,0.13053649449469001,0.12606316909914503
271,231,1.4488788,300.35608,-1.4488788,140,0.1432703532554015,0.13538065099556704
271,232,1.4488788,300.35608,-1.4488788,141,0.1486863755841538,0.1428347511261963
271,233,1.4488788,300.35608,-1.4488788,142,0.14222498557051713,0.12742460659843358
271,234,1.4488788,300.35608,-1.4488788,143,0.1374197822199806,0.1332521458536803
271,235,1.4488788,300.35608,-1.4488788,144,0.14361721531690558,0.13817420067511768
271,236,1.4488788,300.35608,-1.4488788,145,0.15925684973485849,0.14973556194157533
271,237,1.4488788,300.35608,-1.4488788,146,0.17952303691570123,0.17042453206697195
271,238,1.4488788,300.35608,-1.4488788,147,0.1587034000016507,0.1534611966146427
271,239,1.4488788,300.35608,-1.4488788,148,0.1338229667858216,0.12378567874233606
271,240,1.4488788,300.35608,-1.4488788,149,0.15556871944656792,0.14693326756477362
271,241,1.4488788,300.35608,-1.4488788,150,0.15317919378713668,0.13973524058342315
271,242,1.4488788,300.35608,-1.4488788,151,0.11779792698215968,0.11006342967744426
271,243,1.4488788,300.35608,-1.4488788,152,0.12694442401934375,0.1167933969549625
271,244,1.4488788,300.35608,-1.4488788,153,0.13559409844732237,0.1333321245615721
271,245,1.4488788,300.35608,-1.4488788,154,0.13872165489530974,0.1298988781689171
271,246,1.4488788,300.35608,-1.4488788,155,0.13025733557528565,0.11630685938857212
271,247,1.4488788,300.35608,-1.4488788,156,0.14024197772659583,0.1345696030428823
271,248,1.4488788,300.35608,-1.4488788,157,0.15974877791560965,0.15129102159714594
271,249,1.4488788,300.35608,-1.4488788,158,0.13974465322125046,0.13149162330030176
509,0,1.8975053,339.4836,-1.8975053,0,1.7504975011717154,1.7432034737775584
509,1,1.8406656,331.5937,-1.8406656,0,1.6862497040384261,1.6703929047861787
509,2,1.7413406,313.6356,-1.7413406,0,1.5672531413893314,1.548749029490698
509,3,1.7413406,313.6356,-1.7413406,1,1.4733007015622523,1.4472787256773338
509,4,1.7413406,313.6356,-1.7413406,2,1.3527446610860274,1.3216731435202462
509,5,1.6891806,334.92557,-1.6891806,0,1.2757401996767344,1.2300078792732463
509,6,1.6891806,334.92557,-1.6891806,1,1.2435203204733927,1.2079202353641347
509,7,1.6891806,334.92557,-1.6891806,2,1.1830296983220572,1.15044526010709
509,8,1.6891806,334.92557,-1.6891806,3,1.110670885113346,1.0780891756416153
509,9,1.6878232,331.65317,-1.6878232,0,1.0085761688982653,0.970583129090949
509,10,1.6715364,313.72052,-1.6715364,0,0.9229885926977472,0.8933578779419786
509,11,1.6642954,322.7007,-1.6642954,0,0.8150173781493131,0.8026969315252345
509,12,1.6589772,318.20422,-1.6589772,0,0.7239950106455919,0.717991779170067
509,13,1.6266259,328.2236,-1.6266259,0,0.6398498501787798,0.6228715715555337
509,14,1.6266259,328.2236,-1.6266259,1,0.5950117802753072,0.5872633782523992
509,15,1.6266259,328.2236,-1.6266259,2,0.5610346839925124,0.5515554189002022
509,16,1.6266259,328.2236,-1.6266259,3,0.5144063093642433,0.5027536012685557
509,17,1.6165978,315.61288,-1.6165978,0,0.5362354398823944,0.5178471880265223
509,18,1.6161993,315.65445,-1.6161993,0,0.5579215920014441,0.5337979479655962
509,19,1.6050615,320.68436,-1.6050615,0,0.4580695682576371,0.44033961632047036
509,20,1.6050615,320.68436,-1.6050615,1,0.3796522687036849,0.36185829177747036
509,21,1.5996165,318.11673,-1.5996165,0,0.36567673880209395,0.35470908154974223
509,22,1.5996165,318.11673,-1.5996165,1,0.34248295449902305,0.31752605050760446
509,23,1.596592,311.0347,-1.596592,0,0.3612773820550027,0.3358806656402844
509,24,1.5954025,311.01257,-1.5954025,0,0.36468862915751205,0.3398687015798822
509,25,1.591784,311.26874,-1.591784,0,0.3774970304856411,0.3529809663158262
509,26,1.5855622,312.66455,-1.5855622,0,0.39892478016949634,0.36812089320666147
509,27,1.57917,313.02975,-1.57917,0,0.3953506776666849,0.3658405891975011
509,28,1.5693594,314.59613,-1.5693594,0,0.4000768545043457,0.37001816998589093
509,29,1.5693594,314.59613,-1.5693594,1,0.3869414521889599,0.3523808710315385
509,30,1.5693594,314.59613,-1.5693594,2,0.35205620518665937,0.3083130532677743
509,31,1.5693594,314.59613,-1.5693594,3,0.30806317171409464,0.26659596349532616
509,32,1.5664351,309.34705,-1.5664351,0,0.26903718983992375,0.22534106222028405
509,33,1.5664351,309.34705,-1.5664351,1,0.2698993777725536,0.23798799807144316
509,34,1.562881,309.26086,-1.562881,0,0.2620773438321222,0.23383976871918988
509,35,1.562881,309.26086,-1.562881,1,0.25607617255897325,0.22603617405768886
509,36,1.562247,309.21402,-1.562247,0,0.27333747134222225,0.2508366369987209
509,37,1.5607172,309.35248,-1.5607172,0,0.258097988448434,0.2371713455613535
509,38,1.5607172,309.35248,-1.5607172,1,0.2767422015570281,0.2558985475807126
509,39,1.5604662,309.57346,-1.5604662,0,0.2504626578599277,0.23177999313665776
509,40,1.5604662,309.57346,-1.5604662,1,0.2470743421346943,0.23199407880616238
509,41,1.5590974,309.39728,-1.5590974,0,0.23315770550096931,0.22394170113513906
509,42,1.5575172,309.69376,-1.5575172,0,0.20182659383487664,0.18713570851877281
509,43,1.5572354,306.65903,-1.5572354,0,0.21862894314825773,0.20836734600644563
509,44,1.5480431,306.20065,-1.5480431,0,0.2187270469900511,0.20973097382951011
509,45,1.5448831,306.66034,-1.5448831,0,0.24719959397713487,0.24409481271421693
509,46,1.5439731,306.31915,-1.5439731,0,0.24435989113161447,0.24129949960162053
509,47,1.5425051,306.73584,-1.5425051,0,0.25036246751980995,0.24621507550411834
509,48,1.5425051,306.73584,-1.5425051,1,0.27542371056848713,0.2661529132640187
509,49,1.5425051,306.73584,-1.5425051,2,0.29015678448728893,0.2810027166120968
509,50,1.5358819,307.541,-1.5358819,0,0.22859395764298565,0.21724198331401506
509,51,1.5358819,307.541,-1.5358819,1,0.20320640416902974,0.19598783321167443
509,52,1.533948,307.43988,-1.533948,0,0.20575098764150543,0.19824636317893393
509,53,1.5313148,307.4925,-1.5313148,0,0.21998740739889242,0.21063190383701033
509,54,1.528597,310.0418,-1.528597,0,0.2326849357384667,0.22059643615088861
509,55,1.528597,310.0418,-1.528597,1,0.23330628658128408,0.22394351010481434
509,56,1.5272743,308.215,-1.5272743,0,0.21933378609730694,0.2083990922798646
509,57,1.5239698,314.2702,-1.5239698,0,0.22051359949156557,0.21652628940000368
509,58,1.5238701,312.32895,-1.5238701,0,0.2473940549100457,0.24365176318816603
509,59,1.5238701,312.32895,-1.5238701,1,0.2603347974716353,0.2509422872049092
509,60,1.51523,300.18707,-1.51523,0,0.26083195876571064,0.24997804099308116
509,61,1.51523,300.18707,-1.51523,1,0.253051781236212,0.23999962974063654
509,62,1.51523,300.18707,-1.51523,2,0.24199884216642092,0.23831698176730967
509,63,1.5105566,303.9989,-1.5105566,0,0.250593341511289,0.23596894148872172
509,64,1.5105566,303.9989,-1.5105566,1,0.2524319803238975,0.2438122861891503
509,65,1.5105566,303.9989,-1.5105566,2,0.24275964494300523,0.2322137519977178
509,66,1.5094665,302.76318,-1.5094665,0,0.27864325897597525,0.26238027386741153
509,67,1.5094665,302.76318,-1.5094665,1,0.23948651696620218,0.22511344257612553
509,68,1.5028352,304.32858,-1.5028352,0,0.25608418970939767,0.23356898224384898
509,69,1.5028352,304.32858,-1.5028352,1,0.21837822000808127,0.20272312460660494
509,70,1.5027814,302.16818,-1.5027814,0,0.17013020903857476,0.15149305080155995
509,71,1.5027814,302.16818,-1.5027814,1,0.20597058223238793,0.1832197495570127
509,72,1.4999583,304.0409,-1.4999583,0,0.24583671992691822,0.2269743705139054
509,73,1.4992366,302.85858,-1.4992366,0,0.21674953684392315,0.20231074515998526
509,74,1.4992366,302.85858,-1.4992366,1,0.22885971543459419,0.22026081396098396
509,75,1.4962585,302.58008,-1.4962585,0,0.20222276865221991,0.19833139383215947
509,76,1.4962585,302.58008,-1.4962585,1,0.18430005184758463,0.17973139878981165
509,77,1.4921225,302.57758,-1.4921225,0,0.18911606634223568,0.1869142475904788
509,78,1.4921225,302.57758,-1.4921225,1,0.22259667251972634,0.22018591133958337
509,79,1.4921225,302.57758,-1.4921225,2,0.20077546234219826,0.19755366448395406
509,80,1.4921225,302.57758,-1.4921225,3,0.2098146342699279,0.2090687545141444
509,81,1.4921225,302.57758,-1.4921225,4,0.21520799089034046,0.20424864734596193
509,82,1.4921225,302.57758,-1.4921225,5,0.1929992820094073,0.18590710729541526
509,83,1.4921225,302.57758,-1.4921225,6,0.2053769843122177,0.18723324777491485
509,84,1.4921225,302.57758,-1.4921225,7,0.18869436977523676,0.17379233148970044
509,85,1.4894342,302.16983,-1.4894342,0,0.19298399555659176,0.1741262021392004
509,86,1.4894342,302.16983,-1.4894342,1,0.1793960518554324,0.16085366572583326
509,87,1.4894342,302.16983,-1.4894342,2,0.15842757428768647,0.14292049128677783
509,88,1.4894342,302.16983,-1.4894342,3,0.18921485286296136,0.1785611453303294
509,89,1.4894342,302.16983,-1.4894342,4,0.18763561126984366,0.17587156573161827
509,90,1.4894342,302.16983,-1.4894342,5,0.1996568069696148,0.18870783912181865
509,91,1.4894342,302.16983,-1.4894342,6,0.16889990686090486,0.15788817904040475
509,92,1.4894342,302.16983,-1.4894342,7,0.14974727161142698,0.14335258120250025
509,93,1.4894342,302.16983,-1.4894342,8,0.1423043214031497,0.13755923048124052
509,94,1.4894342,302.16983,-1.4894342,9,0.14840179867300182,0.14176813688122594
509,95,1.4894342,302.16983,-1.4894342,10,0.1374830415735318,0.13460246959802505
509,96,1.4894342,302.16983,-1.4894342,11,0.15470415739729387,0.15607629825755542
509,97,1.4894342,302.16983,-1.4894342,12,0.1580649508287247,0.14990685572697754
509,98,1.4894342,302.16983,-1.4894342,13,0.15102328347381497,0.14970508556808085
509,99,1.4894342,302.16983,-1.4894342,14,0.12799853767546127,0.12022041906489608
509,100,1.4894342,302.16983,-1.4894342,15,0.16096764014616055,0.1475156230188903
509,101,1.4894342,302.16983,-1.4894342,16,0.1497259050429224,0.13859443102736313
509,102,1.4894342,302.16983,-1.4894342,17,0.1551570174582405,0.1508393479473708
509,103,1.4894342,302.16983,-1.4894342,18,0.15431967018979062,0.14840683596189286
509,104,1.4884953,302.3014,-1.4884953,0,0.12792668832177845,0.12045062001917649
509,105,1.4884953,302.3014,-1.4884953,1,0.1682501774317718,0.15862251917998657
509,106,1.4884953,302.3014,-1.4884953,2,0.16412464671564628,0.159218644983178
509,107,1.4884953,302.3014,-1.4884953,3,0.16809940723409253,0.15612289723340966
509,108,1.4884953,302.3014,-1.4884953,4,0.12773245917991238,0.1158817124451029
509,109,1.4884953,302.3014,-1.4884953,5,0.11112127824801789,0.10522391824600398
509,110,1.4884953,302.3014,-1.4884953,6,0.11847812189675652,0.11410923734228882
509,111,1.4884953,302.3014,-1.4884953,7,0.16691144354261944,0.16080209400243006
509,112,1.4884953,302.3014,-1.4884953,8,0.19272163595649178,0.18641970365697
509,113,1.4884953,302.3014,-1.4884953,9,0.17371961022045837,0.16517398619529827
509,114,1.4884953,302.3014,-1.4884953,10,0.09403076378061896,0.09074076583878832
509,115,1.4884953,302.3014,-1.4884953,11,0.1218667857085969,0.1176026701399098
509,116,1.4884953,302.3014,-1.4884953,12,0.16587146730454158,0.1659024535990706
509,117,1.4884953,302.3014,-1.4884953,13,0.14365275801676097,0.1272371716251127
509,118,1.4884953,302.3014,-1.4884953,14,0.16468964791547883,0.1586969256168755
509,119,1.4884953,302.3014,-1.4884953,15,0.15104665190700808,0.13615412454324932
509,120,1.4884953,302.3014,-1.4884953,16,0.15632988287717378,0.15020953793521985
509,121,1.4884953,302.3014,-1.4884953,17,0.15145422033592584,0.14440943641307616
509,122,1.4884953,302.3014,-1.4884953,18,0.14478683285067426,0.12779489257265972
509,123,1.4884953,302.3014,-1.4884953,19,0.1358062086408798,0.12940765712613028
509,124,1.4884953,302.3014,-1.4884953,20,0.14114414889381302,0.13320356230148622
509,125,1.4884953,302.3014,-1.4884953,21,0.14170400505814534,0.1332218997120873
509,126,1.4884953,302.3014,-1.4884953,22,0.17328768388685992,0.17102701440094883
509,127,1.4884953,302.3014,-1.4884953,23,0.150860148374418,0.14322640528049901
509,128,1.4884953,302.3014,-1.4884953,24,0.1694046440133753,0.16149728766924284
509,129,1.4884953,302.3014,-1.4884953,25,0.1457590735454936,0.131552468740905
509,130,1.4884953,302.3014,-1.4884953,26,0.15715222998784423,0.1485445896701994
509,131,1.4884953,302.3014,-1.4884953,27,0.15498969825104555,0.15404092363982286
509,132,1.4884953,302.3014,-1.4884953,28,0.15147982657971454,0.13476713951180835
509,133,1.4884953,302.3014,-1.4884953,29,0.15986871436876118,0.15211839053301013
509,134,1.4884953,302.3014,-1.4884953,30,0.15011145350989136,0.14520706156295196
509,135,1.4884953,302.3014,-1.4884953,31,0.1488603440033479,0.1393529879468481
509,136,1.4884953,302.3014,-1.4884953,32,0.12610653108159367,0.12067022462248554
509,137,1.4884953,302.3014,-1.4884953,33,0.1576378722587899,0.15003626905690487
509,138,1.4884953,302.3014,-1.4884953,34,0.14703593179440516,0.14230530562930352
509,139,1.4884953,302.3014,-1.4884953,35,0.1603228556648342,0.15744234202119126
509,140,1.4884953,302.3014,-1.4884953,36,0.1334741780559977,0.1283621174903953
509,141,1.4884953,302.3014,-1.4884953,37,0.14654512297978517,0.13909040151814978
509,142,1.4884953,302.3014,-1.4884953,38,0.1255730659069922,0.132325006011959
509,143,1.4884953,302.3014,-1.4884953,39,0.13397058890266025,0.1241923451970914
509,144,1.4884953,302.3014,-1.4884953,40,0.12838778684150548,0.12238389372562904
509,145,1.4884953,302.3014,-1.4884953,41,0.12737167298447308,0.12216648536011987
509,146,1.4884953,302.3014,-1.4884953,42,0.1671314223139889,0.16585680464130942
509,147,1.4884953,302.3014,-1.4884953,43,0.1535082798254648,0.14391656008602396
509,148,1.4884953,302.3014,-1.4884953,44,0.1566406616862291,0.14315954668479355
509,149,1.4884953,302.3014,-1.4884953,45,0.13231846525367344,0.12659675703486029
509,150,1.4884953,302.3014,-1.4884953,46,0.11207433753314024,0.10864500971862089
509,151,1.4884953,302.3014,-1.4884953,47,0.12318428948727236,0.11316953131147764
509,152,1.4884953,302.3014,-1.4884953,48,0.16598718101177376,0.15530948353553617
509,153,1.4884953,302.3014,-1.4884953,49,0.17525605473079395,0.16671766228021367
509,154,1.4884953,302.3014,-1.4884953,50,0.14107552282964847,0.13853425762619803
509,155,1.4884953,302.3014,-1.4884953,51,0.1183256298534048,0.11093958338483936
509,156,1.4884953,302.3014,-1.4884953,52,0.12666518496245444,0.12201401247991427
509,157,1.4884953,302.3014,-1.4884953,53,0.10604053803551038,0.102512242680569
509,158,1.4884953,302.3014,-1.4884953,54,0.10758055711128117,0.10713411146458265
509,159,1.4884953,302.3014,-1.4884953,55,0.12976989056362354,0.1329187788224763
509,160,1.4884953,302.3014,-1.4884953,56,0.10781350834887644,0.10384214574754189
509,161,1.4884953,302.3014,-1.4884953,57,0.1354739394504521,0.1308452661858429
509,162,1.4884953,302.3014,-1.4884953,58,0.14903992399147925,0.14811767082670918
509,163,1.4884953,302.3014,-1.4884953,59,0.10030732577482145,0.09435958152068147
509,164,1.4884953,302.3014,-1.4884953,60,0.1361063968488379,0.13055525431255105
509,165,1.4884953,302.3014,-1.4884953,61,0.12238670875118815,0.11726288742873439
509,166,1.4884953,302.3014,-1.4884953,62,0.11834087202497252,0.11730062737929413
509,167,1.4884953,302.3014,-1.4884953,63,0.1387174321951031,0.13873933036261882
509,168,1.4884953,302.3014,-1.4884953,64,0.13426043600417029,0.13184816947627542
509,169,1.4884953,302.3014,-1.4884953,65,0.13767334821533392,0.12468132982495814
509,170,1.4884953,302.3014,-1.4884953,66,0.0925164828967995,0.08648998818186686
509,171,1.4884953,302.3014,-1.4884953,67,0.12652103355439287,0.1208830150212375
509,172,1.4884953,302.3014,-1.4884953,68,0.1482278403056407,0.13910327271062295
509,173,1.4884953,302.3014,-1.4884953,69,0.1223511061711019,0.1134725194540726
509,174,1.4884953,302.3014,-1.4884953,70,0.12696510453228543,0.12393540820638659
509,175,1.4884953,302.3014,-1.4884953,71,0.13617509315619272,0.13187357061483795
509,176,1.4884953,302.3014,-1.4884953,72,0.13119095418820825,0.12421286507863324
509,177,1.4884953,302.3014,-1.4884953,73,0.16421543955937712,0.16009415135583252
509,178,1.4884953,302.3014,-1.4884953,74,0.114196612505975,0.11136224642745007
509,179,1.4884953,302.3014,-1.4884953,75,0.12428017384230566,0.12085688838466123
509,180,1.4884953,302.3014,-1.4884953,76,0.11835148176954777,0.11568525955872835
509,181,1.4884953,302.3014,-1.4884953,77,0.13303637822374248,0.13248317084468997
509,182,1.4884953,302.3014,-1.4884953,78,0.14659948667924597,0.13948344769193136
509,183,1.4884953,302.3014,-1.4884953,79,0.13267123126064542,0.11880641669962369
509,184,1.4884953,302.3014,-1.4884953,80,0.14321273557635375,0.1376554386686388
509,185,1.4884953,302.3014,-1.4884953,81,0.14795863060265485,0.13710880831756347
509,186,1.4884953,302.3014,-1.4884953,82,0.11480684598544674,0.10399593469311492
509,187,1.4884953,302.3014,-1.4884953,83,0.1468451528205646,0.13560476354558576
509,188,1.4884953,302.3014,-1.4884953,84,0.16306057777872762,0.14838937280216188
509,189,1.4884953,302.3014,-1.4884953,85,0.14308629567938796,0.13475919291235364
509,190,1.4884953,302.3014,-1.4884953,86,0.1739937429807242,0.16835850560685583
509,191,1.4884953,302.3014,-1.4884953,87,0.1538457273540231,0.14127630060858648
509,192,1.4884953,302.3014,-1.4884953,88,0.18129061660881288,0.16735705389723318
509,193,1.4884953,302.3014,-1.4884953,89,0.15806411764651082,0.1538957043543507
509,194,1.4884953,302.3014,-1.4884953,90,0.1611722394705472,0.15114826065703987
509,195,1.4884953,302.3014,-1.4884953,91,0.14520244436122362,0.13712794714100504
509,196,1.4884953,302.3014,-1.4884953,92,0.16216456709992708,0.15829712413448654
509,197,1.4884953,302.3014,-1.4884953,93,0.14449886881742033,0.14153838866666527
509,198,1.4884953,302.3014,-1.4884953,94,0.14228918778879893,0.13188767022640538
509,199,1.4884953,302.3014,-1.4884953,95,0.14437002753659614,0.13708870208419804
509,200,1.4884953,302.3014,-1.4884953,96,0.1317760013334091,0.1202326044642453
509,201,1.4884953,302.3014,-1.4884953,97,0.16186742067645246,0.16100186146963658
509,202,1.4884953,302.3014,-1.4884953,98,0.1703791676387802,0.16519274499898282
509,203,1.4884953,302.3014,-1.4884953,99,0.1847754105140391,0.18519336333411918
509,204,1.4884953,302.3014,-1.4884953,100,0.2098423903493299,0.20592855859072637
509,205,1.4884953,302.3014,-1.4884953,101,0.15952133247452643,0.1555050680448121
509,206,1.4884953,302.3014,-1.4884953,102,0.18202309257648192,0.16563748587291482
509,207,1.4884953,302.3014,-1.4884953,103,0.16223357569856528,0.14250142774773944
509,208,1.4884953,302.3014,-1.4884953,104,0.13996706185702454,0.12671807597052334
509,209,1.4884953,302.3014,-1.4884953,105,0.12870218820371748,0.1201455809767227
509,210,1.4884953,302.3014,-1.4884953,106,0.1411909019920168,0.14088560098657527
509,211,1.4884953,302.3014,-1.4884953,107,0.1257996244293719,0.1191195315532102
509,212,1.4884953,302.3014,-1.4884953,108,0.1401103335729614,0.1359142459372309
509,213,1.4884953,302.3014,-1.4884953,109,0.1273354816618365,0.12008345004432149
509,214,1.4884953,302.3014,-1.4884953,110,0.11637438294732134,0.10752112953274674
509,215,1.4884953,302.3014,-1.4884953,111,0.12573749123242717,0.11588356176904163
509,216,1.4884953,302.3014,-1.4884953,112,0.14808386574213128,0.14344124350960571
509,217,1.4884953,302.3014,-1.4884953,113,0.14942732351237195,0.1409694554965444
509,218,1.4884953,302.3014,-1.4884953,114,0.14582174574891507,0.13694658405330465
509,219,1.4884953,302.3014,-1.4884953,115,0.1211152447731353,0.11623512040581861
509,220,1.4884953,302.3014,-1.4884953,116,0.1261852927854273,0.12589673349168853
509,221,1.4884953,302.3014,-1.4884953,117,0.16786034639011568,0.16538758195004216
509,222,1.4884953,302.3014,-1.4884953,118,0.15115026771887716,0.1427555623941313
509,223,1.4884953,302.3014,-1.4884953,119,0.11213865304180101,0.10180385239328392
509,224,1.4884953,302.3014,-1.4884953,120,0.1277882614745434,0.1212468887392995
509,225,1.4884953,302.3014,-1.4884953,121,0.14022632108049027,0.12929277676725623
509,226,1.4884953,302.3014,-1.4884953,122,0.1281007485368942,0.12213342575121627
509,227,1.4884953,302.3014,-1.4884953,123,0.11586296827960531,0.10763106540410776
509,228,1.4884953,302.3014,-1.4884953,124,0.1459656956616035,0.13448541324244945
509,229,1.4884953,302.3014,-1.4884953,125,0.1593047740804711,0.1498723071295771
509,230,1.4884953,302.3014,-1.4884953,126,0.14386568034418665,0.13898340687379757
509,231,1.4884953,302.3014,-1.4884953,127,0.13713976081308346,0.1320878657013171
509,232,1.4884953,302.3014,-1.4884953,128,0.17161512850046132,0.16281558497758428
509,233,1.4884953,302.3014,-1.4884953,129,0.13378632105947694,0.12466346290738912
509,234,1.4884953,302.3014,-1.4884953,130,0.12066320903683232,0.11405243077812499
509,235,1.4884953,302.3014,-1.4884953,131,0.12285664346412238,0.12365648619467126
509,236,1.4884953,302.3014,-1.4884953,132,0.13233500497165443,0.13185522733876812
509,237,1.4884953,302.3014,-1.4884953,133,0.1492674334206805,0.14567585309765255
509,238,1.4884953,302.3014,-1.4884953,134,0.12965552095799232,0.11891284958149531
509,239,1.4884953,302.3014,-1.4884953,135,0.13859054543794844,0.1317944870570605
509,240,1.4884953,302.3014,-1.4884953,136,0.12757096070403862,0.11944787128725505
509,241,1.4884953,302.3014,-1.4884953,137,0.1306162614603158,0.117830523200457
509,242,1.4884953,302.3014,-1.4884953,138,0.1474523418783831,0.13621710708334633
509,243,1.4884953,302.3014,-1.4884953,139,0.15992625760758022,0.14632268962177375
509,244,1.4884953,302.3014,-1.4884953,140,0.142489550772278,0.13553291557170707
509,245,1.4884953,302.3014,-1.4884953,141,0.12542400338197793,0.12253100896084419
509,246,1.4884953,302.3014,-1.4884953,142,0.12288855086738253,0.12288120079143118
509,247,1.4884953,302.3014,-1.4884953,143,0.12567735942254563,0.12122717762788994
509,248,1.4884953,302.3014,-1.4884953,144,0.15467744821800528,0.14662123147222425
509,249,1.4884953,302.3014,-1.4884953,145,0.17006606890856038,0.1593317174463007
1023,0,1.8769442,324.19168,-1.8769442,0,1.758108774059266,1.760759267076732
1023,1,1.8769442,324.19168,-1.8769442,1,1.667254598538065,1.6652531885137078
1023,2,1.8443,323.09726,-1.8443,0,1.583055573430378,1.571583770412183
1023,3,1.8185794,309.14145,-1.8185794,0,1.4559504062070967,1.4483402627325974
1023,4,1.7892025,317.94754,-1.7892025,0,1.3316816107280016,1.3167484839613208
1023,5,1.7386472,322.8657,-1.7386472,0,1.225655355137381,1.197444574946302
1023,6,1.724237,330.39862,-1.724237,0,1.1403024113856213,1.1166188999477251
1023,7,1.716731,323.3592,-1.716731,0,1.0901002878372739,1.0621237533787427
1023,8,1.716731,323.3592,-1.716731,1,1.0187406236611831,0.9904695534068448
1023,9,1.704761,320.8782,-1.704761,0,0.9131188763487844,0.8804521291126184
1023,10,1.6962116,327.68045,-1.6962116,0,0.8833763172636161,0.8582875772156006
1023,11,1.6853697,326.98022,-1.6853697,0,0.8282759936485949,0.7998895037820059
1023,12,1.6853697,326.98022,-1.6853697,1,0.7466687918174517,0.7013346693022176
1023,13,1.6770953,329.38,-1.6770953,0,0.6869883521136709,0.6354509785603079
1023,14,1.6536815,321.79382,-1.6536815,0,0.6516217644143919,0.6036127328549328
1023,15,1.6322012,321.59387,-1.6322012,0,0.6120112793141685,0.5626149615474606
1023,16,1.6322012,321.59387,-1.6322012,1,0.6129685228992771,0.5646693828314335
1023,17,1.626882,321.76035,-1.626882,0,0.5929004432661279,0.5476895364611699
1023,18,1.6109724,324.55814,-1.6109724,0,0.5925654838951706,0.5391093691371924
1023,19,1.5959331,321.00946,-1.5959331,0,0.539241894406514,0.49108184974571384
1023,20,1.5959331,321.00946,-1.5959331,1,0.5320442865013187,0.4896952521666909
1023,21,1.5959331,321.00946,-1.5959331,2,0.5265205833405038,0.4823617672990938
1023,22,1.5959331,321.00946,-1.5959331,3,0.5438445650447374,0.5069623602373242
1023,23,1.5931975,320.6282,-1.5931975,0,0.5471050349758751,0.5013187140166072
1023,24,1.5927013,319.13785,-1.5927013,0,0.5183579094527568,0.4783382315060925
1023,25,1.5875533,326.6639,-1.5875533,0,0.45846943423479497,0.4280149734141312
1023,26,1.5875533,326.6639,-1.5875533,1,0.39831255154501954,0.375782592060651
1023,27,1.5875533,326.6639,-1.5875533,2,0.32759991272228783,0.30940115156745274
1023,28,1.5830783,319.59042,-1.5830783,0,0.3003767414306916,0.2768102961191619
1023,29,1.5830783,319.59042,-1.5830783,1,0.30939112824626114,0.2885528105322706
1023,30,1.5735909,319.6996,-1.5735909,0,0.3326334968329886,0.3082819557322559
1023,31,1.5735909,319.6996,-1.5735909,1,0.3427262652312217,0.3188311572826887
1023,32,1.5735909,319.6996,-1.5735909,2,0.35613457425308115,0.3331585420164627
1023,33,1.5735909,319.6996,-1.5735909,3,0.327576689110361,0.3099482654056398
1023,34,1.5702771,319.24176,-1.5702771,0,0.30760409919106474,0.29041045416473815
1023,35,1.5683768,320.01666,-1.5683768,0,0.27219828923161765,0.26020759188985637
1023,36,1.5683768,320.01666,-1.5683768,1,0.22671688865260747,0.21838182676323709
1023,37,1.5658094,320.17438,-1.5658094,0,0.24295702162119384,0.23453077802848107
1023,38,1.5646982,320.38516,-1.5646982,0,0.21704459245079122,0.20183339445014128
1023,39,1.5646982,320.38516,-1.5646982,1,0.19933483579615205,0.17968867180780165
1023,40,1.5646982,320.38516,-1.5646982,2,0.21898651954278303,0.20895464090302462
1023,41,1.5630529,320.0113,-1.5630529,0,0.2102010174865908,0.20172765124983194
1023,42,1.5630529,320.0113,-1.5630529,1,0.1785255901247115,0.15952968915830643
1023,43,1.5630529,320.0113,-1.5630529,2,0.16071832282296541,0.1476247575680562
1023,44,1.5615869,319.61102,-1.5615869,0,0.1836532510994303,0.18050771271474733
1023,45,1.5615869,319.61102,-1.5615869,1,0.16084771273344697,0.16030288110263136
1023,46,1.5615869,319.61102,-1.5615869,2,0.19167850193911506,0.19742746580970855
1023,47,1.5516055,327.37158,-1.5516055,0,0.19899052117144891,0.20187538093304253
1023,48,1.5516055,327.37158,-1.5516055,1,0.2193264402086597,0.22961363267289955
1023,49,1.5516055,327.37158,-1.5516055,2,0.23502486974083056,0.24418274366199672
1023,50,1.5516055,327.37158,-1.5516055,3,0.1912036169515075,0.19633220998334489
1023,51,1.5516055,327.37158,-1.5516055,4,0.21499373082255768,0.23117205786520187
1023,52,1.5516055,327.37158,-1.5516055,5,0.2251166627597497,0.24186751218602498
1023,53,1.5516055,327.37158,-1.5516055,6,0.2538865618006205,0.27034336126626335
1023,54,1.5481052,327.0881,-1.5481052,0,0.2233244004335475,0.23788518978547993
1023,55,1.5481052,327.0881,-1.5481052,1,0.22530477593687123,0.2425033842074612
1023,56,1.5481052,327.0881,-1.5481052,2,0.22674484162768466,0.2427441829477184
1023,57,1.5481052,327.0881,-1.5481052,3,0.22652098215284533,0.23521038818893264
1023,58,1.5481052,327.0881,-1.5481052,4,0.21644105887152523,0.22350398625203366
1023,59,1.5481052,327.0881,-1.5481052,5,0.19451388653986004,0.18985335650853188
1023,60,1.5481052,327.0881,-1.5481052,6,0.19004217224590997,0.18252159871285173
1023,61,1.5481052,327.0881,-1.5481052,7,0.1585828259078436,0.14664667221835456
1023,62,1.5473154,326.97534,-1.5473154,0,0.14125431418233764,0.13222501677782594
1023,63,1.5473154,326.97534,-1.5473154,1,0.13336334503063596,0.127804787466077
1023,64,1.5473154,326.97534,-1.5473154,2,0.16072310242696702,0.14978461394998266
1023,65,1.5473154,326.97534,-1.5473154,3,0.14958843472410152,0.13457895652649546
1023,66,1.5473154,326.97534,-1.5473154,4,0.17007125706052775,0.16029129165479614
1023,67,1.5473154,326.97534,-1.5473154,5,0.14349567377937195,0.13051598482896193
1023,68,1.5473154,326.97534,-1.5473154,6,0.17243576152748702,0.16099030641109444
1023,69,1.5473154,326.97534,-1.5473154,7,0.1424358143417088,0.13546319681644464
1023,70,1.5473154,326.97534,-1.5473154,8,0.15379983246110543,0.14766978924610144
1023,71,1.5473154,326.97534,-1.5473154,9,0.1277253895428144,0.12037731066419144
1023,72,1.5473154,326.97534,-1.5473154,10,0.1451723749851809,0.14685760782068907
1023,73,1.5473154,326.97534,-1.5473154,11,0.14784825442447597,0.14452851741304482
1023,74,1.5473154,326.97534,-1.5473154,12,0.15396641686028817,0.1457337439680557
1023,75,1.5473154,326.97534,-1.5473154,13,0.16114126909307766,0.15476409485524695
1023,76,1.5473154,326.97534,-1.5473154,14,0.15130307543979635,0.1475820589153972
1023,77,1.5473154,326.97534,-1.5473154,15,0.1766741515146598,0.16251094272354272
1023,78,1.5473154,326.97534,-1.5473154,16,0.14533296732337123,0.13497231053665984
1023,79,1.5473154,326.97534,-1.5473154,17,0.16756414068382766,0.16185430103045434
1023,80,1.5473154,326.97534,-1.5473154,18,0.15291239434816611,0.14772923628718718
1023,81,1.5473154,326.97534,-1.5473154,19,0.14318026431934142,0.1356862084751438
1023,82,1.5473154,326.97534,-1.5473154,20,0.1682811685963679,0.16024457251994398
1023,83,1.5473154,326.97534,-1.5473154,21,0.1556604045259868,0.15582119446586173
1023,84,1.5473154,326.97534,-1.5473154,22,0.13091159882714615,0.12721360932747725
1023,85,1.5473154,326.97534,-1.5473154,23,0.14670266129071802,0.1390471456263976
1023,86,1.5473154,326.97534,-1.5473154,24,0.14171264057119057,0.1299692900404018
1023,87,1.5473154,326.97534,-1.5473154,25,0.1411705626318439,0.12990064632228135
1023,88,1.5473154,326.97534,-1.5473154,26,0.13765257951129267,0.125750422017637
1023,89,1.5473154,326.97534,-1.5473154,27,0.15050119812471185,0.13838243109320486
1023,90,1.5473154,326.97534,-1.5473154,28,0.1565344503313474,0.15128667492551465
1023,91,1.5473154,326.97534,-1.5473154,29,0.17080342372369828,0.16199024923684485
1023,92,1.5473154,326.97534,-1.5473154,30,0.13963012097166272,0.13683066513164388
1023,93,1.5473154,326.97534,-1.5473154,31,0.12935554862192053,0.1174030605251191
1023,94,1.5473154,326.97534,-1.5473154,32,0.13326960170428687,0.12662704244161652
1023,95,1.5473154,326.97534,-1.5473154,33,0.12413250832927665,0.1235717932479083
1023,96,1.5473154,326.97534,-1.5473154,34,0.1454686162331696,0.1435301094664676
1023,97,1.5473154,326.97534,-1.5473154,35,0.10753892744727069,0.10003369685991208
1023,98,1.5473154,326.97534,-1.5473154,36,0.14940462263514942,0.14329068462352454
1023,99,1.5473154,326.97534,-1.5473154,37,0.13100603849342693,0.11821810439782304
1023,100,1.5473154,326.97534,-1.5473154,38,0.12443302305157601,0.12256411951633274
1023,101,1.5473154,326.97534,-1.5473154,39,0.13608510484504585,0.1270865060102133
1023,102,1.5473154,326.97534,-1.5473154,40,0.14095411265720365,0.13360377110922184
1023,103,1.5473154,326.97534,-1.5473154,41,0.12371171848630463,0.1168227348816767
1023,104,1.5473154,326.97534,-1.5473154,42,0.15145069883667145,0.1379128809571049
1023,105,1.5473154,326.97534,-1.5473154,43,0.1352685938324099,0.12658403237966473
1023,106,1.5473154,326.97534,-1.5473154,44,0.14214648416682668,0.13991734155475907
1023,107,1.5473154,326.97534,-1.5473154,45,0.12148585980301464,0.11410805442505642
1023,108,1.5473154,326.97534,-1.5473154,46,0.13563673597127343,0.1312523437149218
1023,109,1.5473154,326.97534,-1.5473154,47,0.13809572059386616,0.12736841974927351
1023,110,1.5473154,326.97534,-1.5473154,48,0.137493584175353,0.13523796039486963
1023,111,1.5473154,326.97534,-1.5473154,49,0.11862606267115353,0.10985640291792374
1023,112,1.5473154,326.97534,-1.5473154,50,0.16620903617753843,0.1566501650733867
1023,113,1.5473154,326.97534,-1.5473154,51,0.1506906802971943,0.13990707720888154
1023,114,1.5473154,326.97534,-1.5473154,52,0.16133335435501053,0.1493853022913102
1023,115,1.5473154,326.97534,-1.5473154,53,0.12842702159288655,0.10966597953539492
1023,116,1.5473154,326.97534,-1.5473154,54,0.12909739837349565,0.12072043168203811
1023,117,1.5473154,326.97534,-1.5473154,55,0.14099174416364008,0.13077665865860444
1023,118,1.5473154,326.97534,-1.5473154,56,0.11788679572151303,0.11005763759167314
1023,119,1.5473154,326.97534,-1.5473154,57,0.12161048015691901,0.11988034010331956
1023,120,1.5473154,326.97534,-1.5473154,58,0.1350264894081253,0.12046203107300686
1023,121,1.5473154,326.97534,-1.5473154,59,0.13769387509437653,0.12961154144938739
1023,122,1.5473154,326.97534,-1.5473154,60,0.13923376518941585,0.13273223337394174
1023,123,1.5473154,326.97534,-1.5473154,61,0.17327707414228466,0.16693707394397803
1023,124,1.5473154,326.97534,-1.5473154,62,0.15570810552075326,0.1494298532780341
1023,125,1.5473154,326.97534,-1.5473154,63,0.16396830735105022,0.15399753481940917
1023,126,1.5473154,326.97534,-1.5473154,64,0.15972687567073565,0.1554075316923044
1023,127,1.5473154,326.97534,-1.5473154,65,0.17592035946152795,0.16924403229041954
1023,128,1.5473154,326.97534,-1.5473154,66,0.14759080198340155,0.13917546407052186
1023,129,1.5473154,326.97534,-1.5473154,67,0.14830083797589544,0.13810148439505263
1023,130,1.5473154,326.97534,-1.5473154,68,0.09399463960073638,0.08457072820910148
1023,131,1.5473154,326.97534,-1.5473154,69,0.12091563617911215,0.12215424604099072
1023,132,1.5473154,326.97534,-1.5473154,70,0.13074240533452913,0.12135895704200593
1023,133,1.5473154,326.97534,-1.5473154,71,0.12782506258807586,0.12323064667437295
1023,134,1.5473154,326.97534,-1.5473154,72,0.11584119518264362,0.10821365189129929
1023,135,1.5473154,326.97534,-1.5473154,73,0.12411314126358199,0.11976015154655191
1023,136,1.5473154,326.97534,-1.5473154,74,0.15832326065047658,0.15034049138036482
1023,137,1.5473154,326.97534,-1.5473154,75,0.1497145612674637,0.14083674512055974
1023,138,1.5473154,326.97534,-1.5473154,76,0.13808776357450359,0.12745868285878573
1023,139,1.5473154,326.97534,-1.5473154,77,0.13584123695710454,0.12251530794106166
1023,140,1.5473154,326.97534,-1.5473154,78,0.15731019979594388,0.14910926406464223
1023,141,1.5473154,326.97534,-1.5473154,79,0.16660521327982333,0.15574127616819824
1023,142,1.5473154,326.97534,-1.5473154,80,0.17909136767630798,0.17854877398890304
1023,143,1.5473154,326.97534,-1.5473154,81,0.1747520165885876,0.16446852256388106
1023,144,1.5473154,326.97534,-1.5473154,82,0.13976194678500015,0.13903937754460938
1023,145,1.5473154,326.97534,-1.5473154,83,0.14514203831551706,0.13175734098185357
1023,146,1.5473154,326.97534,-1.5473154,84,0.17095169112834965,0.15553140824562425
1023,147,1.5473154,326.97534,-1.5473154,85,0.15345031497217157,0.14846776043543733
1023,148,1.5473154,326.97534,-1.5473154,86,0.21143323564424288,0.20156808997821085
1023,149,1.5473154,326.97534,-1.5473154,87,0.22173615174443845,0.20781937332052972
1023,150,1.5473154,326.97534,-1.5473154,88,0.18953420157278428,0.1761862694760117
1023,151,1.5473154,326.97534,-1.5473154,89,0.20297141174003136,0.1842465191906279
1023,152,1.5473154,326.97534,-1.5473154,90,0.1357743133257466,0.12794392608972385
1023,153,1.5473154,326.97534,-1.5473154,91,0.13012558037172237,0.12869076318916434
1023,154,1.5473154,326.97534,-1.5473154,92,0.13796049905411126,0.13083677980105948
1023,155,1.5473154,326.97534,-1.5473154,93,0.14291017757490293,0.14261347801203045
1023,156,1.5473154,326.97534,-1.5473154,94,0.14925178642061004,0.1415550871275207
1023,157,1.5473154,326.97534,-1.5473154,95,0.1465825650188642,0.1388619812579871
1023,158,1.5473154,326.97534,-1.5473154,96,0.172379131495908,0.16021382824220015
1023,159,1.5473154,326.97534,-1.5473154,97,0.14198154849957667,0.1351657974409743
1023,160,1.5473154,326.97534,-1.5473154,98,0.13801539381448696,0.1341260446398459
1023,161,1.5473154,326.97534,-1.5473154,99,0.13846895617130947,0.13514601907096807
1023,162,1.5473154,326.97534,-1.5473154,100,0.1357632108206819,0.12937610864954577
1023,163,1.5473154,326.97534,-1.5473154,101,0.1509083902502607,0.14856528963774068
1023,164,1.5473154,326.97534,-1.5473154,102,0.15181572581594813,0.14327242418888042
1023,165,1.5473154,326.97534,-1.5473154,103,0.14368087620652156,0.13708024657699006
1023,166,1.5473154,326.97534,-1.5473154,104,0.14901384953161756,0.14395362456260635
1023,167,1.5473154,326.97534,-1.5473154,105,0.14813779571304694,0.14052022897597422
1023,168,1.5473154,326.97534,-1.5473154,106,0.17547512760860356,0.17166305595141826
1023,169,1.5473154,326.97534,-1.5473154,107,0.15547104047597077,0.15015401313399065
1023,170,1.5473154,326.97534,-1.5473154,108,0.14150808752963426,0.1305502292108281
1023,171,1.5473154,326.97534,-1.5473154,109,0.12857937856578955,0.12415571129660365
1023,172,1.5473154,326.97534,-1.5473154,110,0.1407632238576642,0.13702979998568937
1023,173,1.5473154,326.97534,-1.5473154,111,0.12278390614722728,0.1222952224990163
1023,174,1.5473154,326.97534,-1.5473154,112,0.1366559878212728,0.12699914451593655
1023,175,1.5473154,326.97534,-1.5473154,113,0.13553108339117761,0.12939089897426484
1023,176,1.5473154,326.97534,-1.5473154,114,0.14440327209214995,0.13615560020045225
1023,177,1.5473154,326.97534,-1.5473154,115,0.14894018033644368,0.14107139067744823
1023,178,1.5473154,326.97534,-1.5473154,116,0.15411890575682066,0.14393638124141384
1023,179,1.5473154,326.97534,-1.5473154,117,0.14356486379039435,0.1286283992234928
1023,180,1.5473154,326.97534,-1.5473154,118,0.14516348787041436,0.1316746044054311
1023,181,1.5473154,326.97534,-1.5473154,119,0.172580773592815,0.16220385643759105
1023,182,1.5473154,326.97534,-1.5473154,120,0.15487292501306263,0.14744412579505867
1023,183,1.5473154,326.97534,-1.5473154,121,0.12480794038928461,0.11202308589830444
1023,184,1.5473154,326.97534,-1.5473154,122,0.12199129178126035,0.11739068569385805
1023,185,1.5473154,326.97534,-1.5473154,123,0.13779867344843086,0.12599111864145585
1023,186,1.5473154,326.97534,-1.5473154,124,0.1260846292869057,0.12162195041197674
1023,187,1.5473154,326.97534,-1.5473154,125,0.15331703721353276,0.14702046403073862
1023,188,1.5473154,326.97534,-1.5473154,126,0.17978070268795762,0.16781132959608935
1023,189,1.5473154,326.97534,-1.5473154,127,0.15979950969167817,0.1414633325711197
1023,190,1.5473154,326.97534,-1.5473154,128,0.15340247489150635,0.13756019666604588
1023,191,1.5438917,325.9786,-1.5438917,0,0.16785452553484426,0.15643411024550152
1023,192,1.5438917,325.9786,-1.5438917,1,0.16244150887289022,0.1500369511597166
1023,193,1.5438917,325.9786,-1.5438917,2,0.17098166711975699,0.1604690063956112
1023,194,1.5438917,325.9786,-1.5438917,3,0.14747095754452322,0.13450398435955596
1023,195,1.5438917,325.9786,-1.5438917,4,0.1891162448765293,0.1717021429256441
1023,196,1.5438917,325.9786,-1.5438917,5,0.17081031540362396,0.1573942669428406
1023,197,1.5438917,325.9786,-1.5438917,6,0.19776521480095022,0.18319253973110775
1023,198,1.5438917,325.9786,-1.5438917,7,0.2185140385587265,0.20515944641520034
1023,199,1.5438917,325.9786,-1.5438917,8,0.18734952072492717,0.172776629985207
1023,200,1.5438917,325.9786,-1.5438917,9,0.1685720771097218,0.15562439799124395
1023,201,1.541889,324.10776,-1.541889,0,0.1590073592035123,0.1516835390899929
1023,202,1.541889,324.10776,-1.541889,1,0.17786340820190452,0.16800980479357613
1023,203,1.541889,324.10776,-1.541889,2,0.1386218775808844,0.13142053931644462
1023,204,1.541889,324.10776,-1.541889,3,0.17400655289444708,0.1603881341692259
1023,205,1.541889,324.10776,-1.541889,4,0.14174409402491325,0.1280070125869166
1023,206,1.541889,324.10776,-1.541889,5,0.13763589523810246,0.12926374550268754
1023,207,1.541889,324.10776,-1.541889,6,0.16635517646357847,0.1533764782874412
1023,208,1.541889,324.10776,-1.541889,7,0.15643550493753391,0.14835032012147056
1023,209,1.541889,324.10776,-1.541889,8,0.16097162484487507,0.14277858913951644
1023,210,1.541889,324.10776,-1.541889,9,0.13845454141265473,0.1312967483499568
1023,211,1.541889,324.10776,-1.541889,10,0.11792520685218541,0.10587836885827064
1023,212,1.541889,324.10776,-1.541889,11,0.1320454509867941,0.12775651518386186
1023,213,1.541889,324.10776,-1.541889,12,0.16268486488442435,0.14844180818678784
1023,214,1.541889,324.10776,-1.541889,13,0.153022368916392,0.14013976408432796
1023,215,1.541889,324.10776,-1.541889,14,0.14260059067763778,0.13031008749053624
1023,216,1.541889,324.10776,-1.541889,15,0.16308650817184067,0.15420634827474936
1023,217,1.541889,324.10776,-1.541889,16,0.15836015338528564,0.14861036562523336
1023,218,1.541889,324.10776,-1.541889,17,0.1614948331933522,0.15182274360273035
1023,219,1.541889,324.10776,-1.541889,18,0.13520924999864287,0.12857184458722806
1023,220,1.541889,324.10776,-1.541889,19,0.14040488497749765,0.13553070822185256
1023,221,1.541889,324.10776,-1.541889,20,0.1687616217955175,0.16115468093362717
1023,222,1.541889,324.10776,-1.541889,21,0.11813614894402401,0.11156808675624012
1023,223,1.541889,324.10776,-1.541889,22,0.11710136420448095,0.11030751986725136
1023,224,1.541889,324.10776,-1.541889,23,0.12665511249413347,0.12050570578702857
1023,225,1.541889,324.10776,-1.541889,24,0.09788564803156123,0.09478024966736256
1023,226,1.541889,324.10776,-1.541889,25,0.11478636350085807,0.104829504664225
1023,227,1.541889,324.10776,-1.541889,26,0.1366337016141952,0.1314424508344389
1023,228,1.541889,324.10776,-1.541889,27,0.1255998778216017,0.11501795446287577
1023,229,1.541889,324.10776,-1.541889,28,0.11709178436942715,0.10974501048576189
1023,230,1.541889,324.10776,-1.541889,29,0.13996874808187806,0.127052131720103
1023,231,1.541889,324.10776,-1.541889,30,0.15362360150006038,0.1441696459310945
1023,232,1.541889,324.10776,-1.541889,31,0.12755565138971683,0.12121403724175485
1023,233,1.541889,324.10776,-1.541889,32,0.11506552706311483,0.11261480499217698
1023,234,1.541889,324.10776,-1.541889,33,0.10810865773918678,0.1024384981757312
1023,235,1.541889,324.10776,-1.541889,34,0.11016111688620746,0.1037418863084731
1023,236,1.541889,324.10776,-1.541889,35,0.12971778890756594,0.12741539737767052
1023,237,1.541889,324.10776,-1.541889,36,0.16238996605388853,0.1574424600316257
1023,238,1.541889,324.10776,-1.541889,37,0.14706726785265978,0.14059064806567706
1023,239,1.541889,324.10776,-1.541889,38,0.13342243495938927,0.13417957093389793
1023,240,1.524563,325.62628,-1.524563,0,0.15195512669068806,0.15152053578102095
1023,241,1.524563,325.62628,-1.524563,1,0.1552109026010073,0.15329549635029252
1023,242,1.524563,325.62628,-1.524563,2,0.1694251851612118,0.16873983004235937
1023,243,1.524563,325.62628,-1.524563,3,0.1744201154070007,0.17946314548366554
1023,244,1.524563,325.62628,-1.524563,4,0.17918493855309073,0.19581646083432297
1023,245,1.524563,325.62628,-1.524563,5,0.19939190406052568,0.21617182664846496
1023,246,1.524563,325.62628,-1.524563,6,0.1801084476625173,0.19673093325374083
1023,247,1.524563,325.62628,-1.524563,7,0.1619239026813119,0.17519436077279435
1023,248,1.5240592,325.14645,-1.5240592,0,0.14405525200382632,0.1457262374055922
1023,249,1.5226351,324.8935,-1.5226351,0,0.1525875931231561,0.151508422961521
